,canTemp_vcwg_K
2008-07-01 00:00:00,20.162500000000023
2008-07-01 00:30:00,19.412500000000023
2008-07-01 01:00:00,18.808333333333337
2008-07-01 01:30:00,18.308333333333337
2008-07-01 02:00:00,17.92500000000001
2008-07-01 02:30:00,17.625000000000057
2008-07-01 03:00:00,17.179166666666674
2008-07-01 03:30:00,16.629166666666663
2008-07-01 04:00:00,16.28333333333336
2008-07-01 04:30:00,16.083333333333314
2008-07-01 05:00:00,16.02916666666664
2008-07-01 05:30:00,16.07916666666671
2008-07-01 06:00:00,16.245833333333337
2008-07-01 06:30:00,16.495833333333337
2008-07-01 07:00:00,16.94999999999999
2008-07-01 07:30:00,17.55000000000001
2008-07-01 08:00:00,18.004166666666663
2008-07-01 08:30:00,18.35416666666663
2008-07-01 09:00:00,18.73333333333329
2008-07-01 09:30:00,19.133333333333383
2008-07-01 10:00:00,19.53333333333336
2008-07-01 10:30:00,19.933333333333337
2008-07-01 11:00:00,20.304166666666674
2008-07-01 11:30:00,20.65416666666664
2008-07-01 12:00:00,20.975000000000023
2008-07-01 12:30:00,21.275000000000034
2008-07-01 13:00:00,21.54583333333329
2008-07-01 13:30:00,21.79583333333329
2008-07-01 14:00:00,21.929166666666674
2008-07-01 14:30:00,21.979166666666686
2008-07-01 15:00:00,22.058333333333337
2008-07-01 15:30:00,22.15833333333336
2008-07-01 16:00:00,22.287500000000023
2008-07-01 16:30:00,22.437500000000057
2008-07-01 17:00:00,22.47083333333336
2008-07-01 17:30:00,22.42083333333335
2008-07-01 18:00:00,22.254166666666663
2008-07-01 18:30:00,22.004166666666663
2008-07-01 19:00:00,21.754166666666663
2008-07-01 19:30:00,21.504166666666663
2008-07-01 20:00:00,21.312500000000057
2008-07-01 20:30:00,21.162500000000023
2008-07-01 21:00:00,21.070833333333326
2008-07-01 21:30:00,21.020833333333314
2008-07-01 22:00:00,20.94166666666672
2008-07-01 22:30:00,20.84166666666664
2008-07-01 23:00:00,20.741666666666674
2008-07-01 23:30:00,20.64166666666671
2008-07-02 00:00:00,20.48333333333329
2008-07-02 00:30:00,20.28333333333336
2008-07-02 01:00:00,19.29583333333335
2008-07-02 01:30:00,17.745833333333337
2008-07-02 02:00:00,17.21666666666664
2008-07-02 02:30:00,17.416666666666686
2008-07-02 03:00:00,17.44166666666672
2008-07-02 03:30:00,17.34166666666664
2008-07-02 04:00:00,17.270833333333314
2008-07-02 04:30:00,17.22083333333336
2008-07-02 05:00:00,17.287500000000023
2008-07-02 05:30:00,17.437500000000057
2008-07-02 06:00:00,17.64583333333337
2008-07-02 06:30:00,17.89583333333337
2008-07-02 07:00:00,18.350000000000023
2008-07-02 07:30:00,18.94999999999999
2008-07-02 08:00:00,19.637500000000045
2008-07-02 08:30:00,20.387500000000045
2008-07-02 09:00:00,21.137500000000045
2008-07-02 09:30:00,21.887500000000045
2008-07-02 10:00:00,22.637500000000045
2008-07-02 10:30:00,23.387500000000045
2008-07-02 11:00:00,24.07916666666671
2008-07-02 11:30:00,24.72916666666663
2008-07-02 12:00:00,25.320833333333326
2008-07-02 12:30:00,25.870833333333337
2008-07-02 13:00:00,26.04166666666663
2008-07-02 13:30:00,25.94166666666672
2008-07-02 14:00:00,26.01666666666665
2008-07-02 14:30:00,26.21666666666664
2008-07-02 15:00:00,26.445833333333326
2008-07-02 15:30:00,26.695833333333326
2008-07-02 16:00:00,26.975000000000023
2008-07-02 16:30:00,27.275000000000034
2008-07-02 17:00:00,27.48750000000001
2008-07-02 17:30:00,27.63749999999999
2008-07-02 18:00:00,27.61250000000001
2008-07-02 18:30:00,27.462500000000034
2008-07-02 19:00:00,27.195833333333326
2008-07-02 19:30:00,26.84583333333336
2008-07-02 20:00:00,26.379166666666663
2008-07-02 20:30:00,25.82916666666665
2008-07-02 21:00:00,25.308333333333337
2008-07-02 21:30:00,24.808333333333337
2008-07-02 22:00:00,24.22083333333336
2008-07-02 22:30:00,23.570833333333326
2008-07-02 23:00:00,22.94999999999999
2008-07-02 23:30:00,22.350000000000023
2008-07-03 00:00:00,21.808333333333337
2008-07-03 00:30:00,21.308333333333337
2008-07-03 01:00:00,21.04166666666663
2008-07-03 01:30:00,20.94166666666672
2008-07-03 02:00:00,20.78333333333336
2008-07-03 02:30:00,20.583333333333314
2008-07-03 03:00:00,20.03333333333336
2008-07-03 03:30:00,19.23333333333335
2008-07-03 04:00:00,18.63749999999999
2008-07-03 04:30:00,18.187500000000057
2008-07-03 05:00:00,17.883333333333383
2008-07-03 05:30:00,17.683333333333337
2008-07-03 06:00:00,17.687500000000057
2008-07-03 06:30:00,17.837500000000034
2008-07-03 07:00:00,17.929166666666674
2008-07-03 07:30:00,17.979166666666686
2008-07-03 08:00:00,17.912500000000023
2008-07-03 08:30:00,17.76249999999999
2008-07-03 09:00:00,17.67083333333335
2008-07-03 09:30:00,17.620833333333337
2008-07-03 10:00:00,17.804166666666674
2008-07-03 10:30:00,18.15416666666664
2008-07-03 11:00:00,18.620833333333337
2008-07-03 11:30:00,19.17083333333329
2008-07-03 12:00:00,19.72083333333336
2008-07-03 12:30:00,20.270833333333314
2008-07-03 13:00:00,20.47083333333336
2008-07-03 13:30:00,20.42083333333335
2008-07-03 14:00:00,20.400000000000034
2008-07-03 14:30:00,20.400000000000034
2008-07-03 15:00:00,20.370833333333337
2008-07-03 15:30:00,20.320833333333326
2008-07-03 16:00:00,20.30000000000001
2008-07-03 16:30:00,20.30000000000001
2008-07-03 17:00:00,20.15416666666664
2008-07-03 17:30:00,19.90416666666664
2008-07-03 18:00:00,19.59583333333336
2008-07-03 18:30:00,19.245833333333337
2008-07-03 19:00:00,18.89583333333337
2008-07-03 19:30:00,18.54583333333329
2008-07-03 20:00:00,18.225000000000023
2008-07-03 20:30:00,17.92500000000001
2008-07-03 21:00:00,17.683333333333337
2008-07-03 21:30:00,17.48333333333329
2008-07-03 22:00:00,17.400000000000034
2008-07-03 22:30:00,17.400000000000034
2008-07-03 23:00:00,17.34166666666664
2008-07-03 23:30:00,17.241666666666674
2008-07-04 00:00:00,17.11250000000001
2008-07-04 00:30:00,16.962500000000034
2008-07-04 01:00:00,16.870833333333337
2008-07-04 01:30:00,16.820833333333326
2008-07-04 02:00:00,16.65416666666664
2008-07-04 02:30:00,16.40416666666664
2008-07-04 03:00:00,16.15416666666664
2008-07-04 03:30:00,15.90416666666664
2008-07-04 04:00:00,15.65416666666664
2008-07-04 04:30:00,15.40416666666664
2008-07-04 05:00:00,15.300000000000011
2008-07-04 05:30:00,15.300000000000011
2008-07-04 06:00:00,15.387499999999989
2008-07-04 06:30:00,15.537500000000023
2008-07-04 07:00:00,15.745833333333337
2008-07-04 07:30:00,15.995833333333337
2008-07-04 08:00:00,16.15833333333336
2008-07-04 08:30:00,16.258333333333326
2008-07-04 09:00:00,16.475000000000023
2008-07-04 09:30:00,16.775000000000034
2008-07-04 10:00:00,16.98750000000001
2008-07-04 10:30:00,17.13749999999999
2008-07-04 11:00:00,17.34583333333336
2008-07-04 11:30:00,17.59583333333336
2008-07-04 12:00:00,17.875000000000057
2008-07-04 12:30:00,18.17500000000001
2008-07-04 13:00:00,18.35833333333335
2008-07-04 13:30:00,18.45833333333337
2008-07-04 14:00:00,18.67500000000001
2008-07-04 14:30:00,18.975000000000023
2008-07-04 15:00:00,19.15833333333336
2008-07-04 15:30:00,19.258333333333326
2008-07-04 16:00:00,19.30000000000001
2008-07-04 16:30:00,19.30000000000001
2008-07-04 17:00:00,19.270833333333314
2008-07-04 17:30:00,19.22083333333336
2008-07-04 18:00:00,19.11250000000001
2008-07-04 18:30:00,18.962500000000034
2008-07-04 19:00:00,18.812500000000057
2008-07-04 19:30:00,18.662500000000023
2008-07-04 20:00:00,18.54166666666663
2008-07-04 20:30:00,18.44166666666672
2008-07-04 21:00:00,18.28333333333336
2008-07-04 21:30:00,18.083333333333314
2008-07-04 22:00:00,17.883333333333383
2008-07-04 22:30:00,17.683333333333337
2008-07-04 23:00:00,17.54166666666663
2008-07-04 23:30:00,17.441666666666663
2008-07-05 00:00:00,17.34166666666664
2008-07-05 00:30:00,17.241666666666674
2008-07-05 01:00:00,17.200000000000045
2008-07-05 01:30:00,17.200000000000045
2008-07-05 02:00:00,17.11250000000001
2008-07-05 02:30:00,16.962500000000034
2008-07-05 03:00:00,16.870833333333337
2008-07-05 03:30:00,16.820833333333326
2008-07-05 04:00:00,16.741666666666674
2008-07-05 04:30:00,16.64166666666671
2008-07-05 05:00:00,16.54166666666663
2008-07-05 05:30:00,16.441666666666663
2008-07-05 06:00:00,16.400000000000034
2008-07-05 06:30:00,16.400000000000034
2008-07-05 07:00:00,16.400000000000034
2008-07-05 07:30:00,16.400000000000034
2008-07-05 08:00:00,16.370833333333337
2008-07-05 08:30:00,16.320833333333326
2008-07-05 09:00:00,16.30000000000001
2008-07-05 09:30:00,16.30000000000001
2008-07-05 10:00:00,16.32916666666665
2008-07-05 10:30:00,16.379166666666663
2008-07-05 11:00:00,16.54583333333329
2008-07-05 11:30:00,16.79583333333329
2008-07-05 12:00:00,16.870833333333337
2008-07-05 12:30:00,16.820833333333326
2008-07-05 13:00:00,16.88749999999999
2008-07-05 13:30:00,17.037500000000023
2008-07-05 14:00:00,17.33333333333337
2008-07-05 14:30:00,17.73333333333329
2008-07-05 15:00:00,17.95833333333337
2008-07-05 15:30:00,18.058333333333337
2008-07-05 16:00:00,18.01249999999999
2008-07-05 16:30:00,17.86250000000001
2008-07-05 17:00:00,17.741666666666674
2008-07-05 17:30:00,17.64166666666671
2008-07-05 18:00:00,17.51249999999999
2008-07-05 18:30:00,17.36250000000001
2008-07-05 19:00:00,17.241666666666674
2008-07-05 19:30:00,17.14166666666671
2008-07-05 20:00:00,17.01249999999999
2008-07-05 20:30:00,16.86250000000001
2008-07-05 21:00:00,16.625000000000057
2008-07-05 21:30:00,16.32499999999999
2008-07-05 22:00:00,15.995833333333337
2008-07-05 22:30:00,15.645833333333371
2008-07-05 23:00:00,15.295833333333292
2008-07-05 23:30:00,14.945833333333383
2008-07-06 00:00:00,14.59583333333336
2008-07-06 00:30:00,14.245833333333337
2008-07-06 01:00:00,14.21666666666664
2008-07-06 01:30:00,14.416666666666686
2008-07-06 02:00:00,14.266666666666708
2008-07-06 02:30:00,13.866666666666674
2008-07-06 03:00:00,13.554166666666674
2008-07-06 03:30:00,13.304166666666674
2008-07-06 04:00:00,13.112500000000011
2008-07-06 04:30:00,12.962500000000034
2008-07-06 05:00:00,12.84166666666664
2008-07-06 05:30:00,12.741666666666674
2008-07-06 06:00:00,12.787500000000023
2008-07-06 06:30:00,12.937500000000057
2008-07-06 07:00:00,13.175000000000011
2008-07-06 07:30:00,13.475000000000023
2008-07-06 08:00:00,13.833333333333371
2008-07-06 08:30:00,14.233333333333292
2008-07-06 09:00:00,14.574999999999989
2008-07-06 09:30:00,14.875000000000057
2008-07-06 10:00:00,15.175000000000011
2008-07-06 10:30:00,15.475000000000023
2008-07-06 11:00:00,15.775000000000034
2008-07-06 11:30:00,16.07499999999999
2008-07-06 12:00:00,16.34583333333336
2008-07-06 12:30:00,16.59583333333336
2008-07-06 13:00:00,16.90416666666664
2008-07-06 13:30:00,17.254166666666663
2008-07-06 14:00:00,17.400000000000034
2008-07-06 14:30:00,17.400000000000034
2008-07-06 15:00:00,17.51666666666665
2008-07-06 15:30:00,17.71666666666664
2008-07-06 16:00:00,17.80000000000001
2008-07-06 16:30:00,17.80000000000001
2008-07-06 17:00:00,17.770833333333314
2008-07-06 17:30:00,17.72083333333336
2008-07-06 18:00:00,17.64166666666671
2008-07-06 18:30:00,17.54166666666663
2008-07-06 19:00:00,17.44166666666672
2008-07-06 19:30:00,17.34166666666664
2008-07-06 20:00:00,17.212500000000034
2008-07-06 20:30:00,17.062500000000057
2008-07-06 21:00:00,16.912500000000023
2008-07-06 21:30:00,16.76249999999999
2008-07-06 22:00:00,16.583333333333314
2008-07-06 22:30:00,16.383333333333383
2008-07-06 23:00:00,16.183333333333337
2008-07-06 23:30:00,15.983333333333292
2008-07-07 00:00:00,15.78333333333336
2008-07-07 00:30:00,15.583333333333314
2008-07-07 01:00:00,15.09166666666664
2008-07-07 01:30:00,14.391666666666652
2008-07-07 02:00:00,14.041666666666629
2008-07-07 02:30:00,13.941666666666663
2008-07-07 03:00:00,13.870833333333337
2008-07-07 03:30:00,13.820833333333326
2008-07-07 04:00:00,13.770833333333314
2008-07-07 04:30:00,13.72083333333336
2008-07-07 05:00:00,13.641666666666708
2008-07-07 05:30:00,13.541666666666629
2008-07-07 06:00:00,13.5
2008-07-07 06:30:00,13.5
2008-07-07 07:00:00,13.704166666666708
2008-07-07 07:30:00,14.054166666666674
2008-07-07 08:00:00,14.491666666666674
2008-07-07 08:30:00,14.991666666666674
2008-07-07 09:00:00,15.550000000000011
2008-07-07 09:30:00,16.150000000000034
2008-07-07 10:00:00,16.633333333333326
2008-07-07 10:30:00,17.03333333333336
2008-07-07 11:00:00,17.375000000000057
2008-07-07 11:30:00,17.67500000000001
2008-07-07 12:00:00,17.975000000000023
2008-07-07 12:30:00,18.275000000000034
2008-07-07 13:00:00,18.57499999999999
2008-07-07 13:30:00,18.875000000000057
2008-07-07 14:00:00,19.17500000000001
2008-07-07 14:30:00,19.475000000000023
2008-07-07 15:00:00,19.687500000000057
2008-07-07 15:30:00,19.837500000000034
2008-07-07 16:00:00,19.929166666666674
2008-07-07 16:30:00,19.979166666666686
2008-07-07 17:00:00,19.94166666666672
2008-07-07 17:30:00,19.84166666666664
2008-07-07 18:00:00,19.683333333333337
2008-07-07 18:30:00,19.48333333333329
2008-07-07 19:00:00,19.28333333333336
2008-07-07 19:30:00,19.083333333333314
2008-07-07 20:00:00,18.97083333333336
2008-07-07 20:30:00,18.92083333333335
2008-07-07 21:00:00,18.84166666666664
2008-07-07 21:30:00,18.741666666666674
2008-07-07 22:00:00,18.61250000000001
2008-07-07 22:30:00,18.462500000000034
2008-07-07 23:00:00,18.28333333333336
2008-07-07 23:30:00,18.083333333333314
2008-07-08 00:00:00,17.883333333333383
2008-07-08 00:30:00,17.683333333333337
2008-07-08 01:00:00,17.133333333333326
2008-07-08 01:30:00,16.333333333333314
2008-07-08 02:00:00,15.883333333333326
2008-07-08 02:30:00,15.683333333333337
2008-07-08 03:00:00,15.541666666666629
2008-07-08 03:30:00,15.441666666666663
2008-07-08 04:00:00,15.400000000000034
2008-07-08 04:30:00,15.400000000000034
2008-07-08 05:00:00,15.400000000000034
2008-07-08 05:30:00,15.400000000000034
2008-07-08 06:00:00,15.400000000000034
2008-07-08 06:30:00,15.400000000000034
2008-07-08 07:00:00,15.72083333333336
2008-07-08 07:30:00,16.270833333333314
2008-07-08 08:00:00,16.791666666666686
2008-07-08 08:30:00,17.291666666666686
2008-07-08 09:00:00,17.820833333333326
2008-07-08 09:30:00,18.370833333333337
2008-07-08 10:00:00,18.89166666666665
2008-07-08 10:30:00,19.39166666666665
2008-07-08 11:00:00,19.86250000000001
2008-07-08 11:30:00,20.312500000000057
2008-07-08 12:00:00,20.70416666666671
2008-07-08 12:30:00,21.054166666666674
2008-07-08 13:00:00,21.40416666666664
2008-07-08 13:30:00,21.754166666666663
2008-07-08 14:00:00,21.95833333333337
2008-07-08 14:30:00,22.058333333333337
2008-07-08 15:00:00,22.187500000000057
2008-07-08 15:30:00,22.337500000000034
2008-07-08 16:00:00,22.51666666666665
2008-07-08 16:30:00,22.71666666666664
2008-07-08 17:00:00,22.80000000000001
2008-07-08 17:30:00,22.80000000000001
2008-07-08 18:00:00,22.712500000000034
2008-07-08 18:30:00,22.562500000000057
2008-07-08 19:00:00,22.412500000000023
2008-07-08 19:30:00,22.26249999999999
2008-07-08 20:00:00,22.083333333333314
2008-07-08 20:30:00,21.883333333333383
2008-07-08 21:00:00,21.65416666666664
2008-07-08 21:30:00,21.40416666666664
2008-07-08 22:00:00,21.125000000000057
2008-07-08 22:30:00,20.82499999999999
2008-07-08 23:00:00,20.525000000000034
2008-07-08 23:30:00,20.225000000000023
2008-07-09 00:00:00,19.92500000000001
2008-07-09 00:30:00,19.625000000000057
2008-07-09 01:00:00,18.82916666666671
2008-07-09 01:30:00,17.679166666666674
2008-07-09 02:00:00,17.11250000000001
2008-07-09 02:30:00,16.962500000000034
2008-07-09 03:00:00,16.78333333333336
2008-07-09 03:30:00,16.583333333333314
2008-07-09 04:00:00,16.32499999999999
2008-07-09 04:30:00,16.025000000000034
2008-07-09 05:00:00,15.725000000000023
2008-07-09 05:30:00,15.425000000000011
2008-07-09 06:00:00,15.358333333333348
2008-07-09 06:30:00,15.458333333333371
2008-07-09 07:00:00,15.850000000000023
2008-07-09 07:30:00,16.44999999999999
2008-07-09 08:00:00,17.05000000000001
2008-07-09 08:30:00,17.650000000000034
2008-07-09 09:00:00,18.10416666666663
2008-07-09 09:30:00,18.45416666666671
2008-07-09 10:00:00,18.804166666666674
2008-07-09 10:30:00,19.15416666666664
2008-07-09 11:00:00,19.53333333333336
2008-07-09 11:30:00,19.933333333333337
2008-07-09 12:00:00,20.275000000000034
2008-07-09 12:30:00,20.57499999999999
2008-07-09 13:00:00,20.67083333333335
2008-07-09 13:30:00,20.620833333333337
2008-07-09 14:00:00,20.775000000000034
2008-07-09 14:30:00,21.07499999999999
2008-07-09 15:00:00,21.287500000000023
2008-07-09 15:30:00,21.437500000000057
2008-07-09 16:00:00,21.558333333333337
2008-07-09 16:30:00,21.65833333333336
2008-07-09 17:00:00,21.67083333333335
2008-07-09 17:30:00,21.620833333333337
2008-07-09 18:00:00,21.45416666666665
2008-07-09 18:30:00,21.20416666666665
2008-07-09 19:00:00,20.95416666666665
2008-07-09 19:30:00,20.70416666666665
2008-07-09 20:00:00,20.39583333333337
2008-07-09 20:30:00,20.04583333333329
2008-07-09 21:00:00,19.66666666666663
2008-07-09 21:30:00,19.26666666666671
2008-07-09 22:00:00,18.866666666666674
2008-07-09 22:30:00,18.46666666666664
2008-07-09 23:00:00,18.066666666666663
2008-07-09 23:30:00,17.66666666666663
2008-07-10 00:00:00,17.20833333333337
2008-07-10 00:30:00,16.70833333333337
2008-07-10 01:00:00,16.23750000000001
2008-07-10 01:30:00,15.787500000000023
2008-07-10 02:00:00,15.366666666666674
2008-07-10 02:30:00,14.96666666666664
2008-07-10 03:00:00,14.65416666666664
2008-07-10 03:30:00,14.40416666666664
2008-07-10 04:00:00,14.183333333333337
2008-07-10 04:30:00,13.983333333333292
2008-07-10 05:00:00,13.78333333333336
2008-07-10 05:30:00,13.583333333333314
2008-07-10 06:00:00,13.558333333333337
2008-07-10 06:30:00,13.65833333333336
2008-07-10 07:00:00,13.933333333333337
2008-07-10 07:30:00,14.333333333333371
2008-07-10 08:00:00,14.791666666666686
2008-07-10 08:30:00,15.291666666666686
2008-07-10 09:00:00,15.645833333333371
2008-07-10 09:30:00,15.895833333333371
2008-07-10 10:00:00,16.116666666666674
2008-07-10 10:30:00,16.316666666666663
2008-07-10 11:00:00,16.51666666666665
2008-07-10 11:30:00,16.71666666666664
2008-07-10 12:00:00,16.85833333333335
2008-07-10 12:30:00,16.95833333333337
2008-07-10 13:00:00,16.94166666666672
2008-07-10 13:30:00,16.84166666666664
2008-07-10 14:00:00,17.09166666666664
2008-07-10 14:30:00,17.59166666666664
2008-07-10 15:00:00,17.945833333333326
2008-07-10 15:30:00,18.195833333333326
2008-07-10 16:00:00,18.35833333333335
2008-07-10 16:30:00,18.45833333333337
2008-07-10 17:00:00,18.47083333333336
2008-07-10 17:30:00,18.42083333333335
2008-07-10 18:00:00,18.312500000000057
2008-07-10 18:30:00,18.162500000000023
2008-07-10 19:00:00,17.89583333333337
2008-07-10 19:30:00,17.54583333333329
2008-07-10 20:00:00,17.16666666666663
2008-07-10 20:30:00,16.76666666666671
2008-07-10 21:00:00,16.366666666666674
2008-07-10 21:30:00,15.96666666666664
2008-07-10 22:00:00,15.625000000000057
2008-07-10 22:30:00,15.324999999999989
2008-07-10 23:00:00,15.083333333333314
2008-07-10 23:30:00,14.883333333333326
2008-07-11 00:00:00,14.741666666666674
2008-07-11 00:30:00,14.641666666666708
2008-07-11 01:00:00,14.22083333333336
2008-07-11 01:30:00,13.570833333333326
2008-07-11 02:00:00,13.329166666666652
2008-07-11 02:30:00,13.379166666666663
2008-07-11 03:00:00,13.429166666666674
2008-07-11 03:30:00,13.479166666666686
2008-07-11 04:00:00,13.5
2008-07-11 04:30:00,13.5
2008-07-11 05:00:00,13.47083333333336
2008-07-11 05:30:00,13.420833333333348
2008-07-11 06:00:00,13.34166666666664
2008-07-11 06:30:00,13.241666666666674
2008-07-11 07:00:00,13.579166666666708
2008-07-11 07:30:00,14.229166666666629
2008-07-11 08:00:00,14.820833333333326
2008-07-11 08:30:00,15.370833333333337
2008-07-11 09:00:00,15.949999999999989
2008-07-11 09:30:00,16.55000000000001
2008-07-11 10:00:00,17.09166666666664
2008-07-11 10:30:00,17.59166666666664
2008-07-11 11:00:00,18.120833333333337
2008-07-11 11:30:00,18.67083333333329
2008-07-11 12:00:00,19.133333333333326
2008-07-11 12:30:00,19.53333333333336
2008-07-11 13:00:00,19.933333333333337
2008-07-11 13:30:00,20.33333333333337
2008-07-11 14:00:00,20.616666666666674
2008-07-11 14:30:00,20.816666666666663
2008-07-11 15:00:00,20.95833333333337
2008-07-11 15:30:00,21.058333333333337
2008-07-11 16:00:00,21.100000000000023
2008-07-11 16:30:00,21.100000000000023
2008-07-11 17:00:00,21.070833333333326
2008-07-11 17:30:00,21.020833333333314
2008-07-11 18:00:00,20.94166666666672
2008-07-11 18:30:00,20.84166666666664
2008-07-11 19:00:00,20.741666666666674
2008-07-11 19:30:00,20.64166666666671
2008-07-11 20:00:00,20.54166666666663
2008-07-11 20:30:00,20.441666666666663
2008-07-11 21:00:00,20.370833333333337
2008-07-11 21:30:00,20.320833333333326
2008-07-11 22:00:00,20.30000000000001
2008-07-11 22:30:00,20.30000000000001
2008-07-11 23:00:00,20.270833333333314
2008-07-11 23:30:00,20.22083333333336
2008-07-12 00:00:00,20.14166666666671
2008-07-12 00:30:00,20.04166666666663
2008-07-12 01:00:00,19.32916666666671
2008-07-12 01:30:00,18.179166666666674
2008-07-12 02:00:00,17.700000000000045
2008-07-12 02:30:00,17.700000000000045
2008-07-12 03:00:00,17.64166666666671
2008-07-12 03:30:00,17.54166666666663
2008-07-12 04:00:00,17.47083333333336
2008-07-12 04:30:00,17.42083333333335
2008-07-12 05:00:00,17.400000000000034
2008-07-12 05:30:00,17.400000000000034
2008-07-12 06:00:00,17.429166666666674
2008-07-12 06:30:00,17.479166666666686
2008-07-12 07:00:00,17.76249999999999
2008-07-12 07:30:00,18.212500000000034
2008-07-12 08:00:00,18.72083333333336
2008-07-12 08:30:00,19.270833333333314
2008-07-12 09:00:00,19.820833333333383
2008-07-12 09:30:00,20.370833333333337
2008-07-12 10:00:00,20.86250000000001
2008-07-12 10:30:00,21.312500000000057
2008-07-12 11:00:00,21.73333333333329
2008-07-12 11:30:00,22.133333333333383
2008-07-12 12:00:00,22.504166666666663
2008-07-12 12:30:00,22.85416666666663
2008-07-12 13:00:00,23.058333333333337
2008-07-12 13:30:00,23.15833333333336
2008-07-12 14:00:00,23.40416666666664
2008-07-12 14:30:00,23.754166666666663
2008-07-12 15:00:00,24.01666666666665
2008-07-12 15:30:00,24.21666666666664
2008-07-12 16:00:00,24.38749999999999
2008-07-12 16:30:00,24.537500000000023
2008-07-12 17:00:00,24.600000000000023
2008-07-12 17:30:00,24.600000000000023
2008-07-12 18:00:00,24.54166666666663
2008-07-12 18:30:00,24.44166666666672
2008-07-12 19:00:00,24.312500000000057
2008-07-12 19:30:00,24.162500000000023
2008-07-12 20:00:00,24.01249999999999
2008-07-12 20:30:00,23.86250000000001
2008-07-12 21:00:00,23.683333333333337
2008-07-12 21:30:00,23.48333333333329
2008-07-12 22:00:00,23.254166666666663
2008-07-12 22:30:00,23.004166666666663
2008-07-12 23:00:00,22.695833333333326
2008-07-12 23:30:00,22.34583333333336
2008-07-13 00:00:00,21.96666666666664
2008-07-13 00:30:00,21.566666666666663
2008-07-13 01:00:00,20.72916666666663
2008-07-13 01:30:00,19.57916666666671
2008-07-13 02:00:00,18.866666666666674
2008-07-13 02:30:00,18.46666666666664
2008-07-13 03:00:00,18.066666666666663
2008-07-13 03:30:00,17.66666666666663
2008-07-13 04:00:00,17.354166666666686
2008-07-13 04:30:00,17.104166666666686
2008-07-13 05:00:00,16.94166666666672
2008-07-13 05:30:00,16.84166666666664
2008-07-13 06:00:00,16.82916666666665
2008-07-13 06:30:00,16.879166666666663
2008-07-13 07:00:00,17.191666666666663
2008-07-13 07:30:00,17.691666666666663
2008-07-13 08:00:00,18.191666666666663
2008-07-13 08:30:00,18.691666666666663
2008-07-13 09:00:00,19.162500000000023
2008-07-13 09:30:00,19.61250000000001
2008-07-13 10:00:00,20.062500000000057
2008-07-13 10:30:00,20.51249999999999
2008-07-13 11:00:00,20.90416666666664
2008-07-13 11:30:00,21.254166666666663
2008-07-13 12:00:00,21.57499999999999
2008-07-13 12:30:00,21.875000000000057
2008-07-13 13:00:00,21.97083333333336
2008-07-13 13:30:00,21.92083333333335
2008-07-13 14:00:00,21.95833333333337
2008-07-13 14:30:00,22.058333333333337
2008-07-13 15:00:00,22.245833333333337
2008-07-13 15:30:00,22.495833333333337
2008-07-13 16:00:00,22.65833333333336
2008-07-13 16:30:00,22.758333333333326
2008-07-13 17:00:00,22.741666666666674
2008-07-13 17:30:00,22.64166666666671
2008-07-13 18:00:00,22.45416666666665
2008-07-13 18:30:00,22.20416666666665
2008-07-13 19:00:00,21.808333333333337
2008-07-13 19:30:00,21.308333333333337
2008-07-13 20:00:00,20.750000000000057
2008-07-13 20:30:00,20.150000000000034
2008-07-13 21:00:00,19.57916666666665
2008-07-13 21:30:00,19.02916666666664
2008-07-13 22:00:00,18.59583333333336
2008-07-13 22:30:00,18.245833333333337
2008-07-13 23:00:00,17.98333333333329
2008-07-13 23:30:00,17.78333333333336
2008-07-14 00:00:00,17.554166666666674
2008-07-14 00:30:00,17.304166666666674
2008-07-14 01:00:00,16.879166666666663
2008-07-14 01:30:00,16.32916666666665
2008-07-14 02:00:00,15.895833333333371
2008-07-14 02:30:00,15.545833333333292
2008-07-14 03:00:00,15.225000000000023
2008-07-14 03:30:00,14.925000000000011
2008-07-14 04:00:00,14.712500000000034
2008-07-14 04:30:00,14.562500000000057
2008-07-14 05:00:00,14.47083333333336
2008-07-14 05:30:00,14.420833333333348
2008-07-14 06:00:00,14.574999999999989
2008-07-14 06:30:00,14.875000000000057
2008-07-14 07:00:00,15.262499999999989
2008-07-14 07:30:00,15.712500000000034
2008-07-14 08:00:00,16.22083333333336
2008-07-14 08:30:00,16.770833333333314
2008-07-14 09:00:00,17.291666666666686
2008-07-14 09:30:00,17.791666666666686
2008-07-14 10:00:00,18.320833333333383
2008-07-14 10:30:00,18.870833333333337
2008-07-14 11:00:00,19.33333333333337
2008-07-14 11:30:00,19.73333333333329
2008-07-14 12:00:00,20.07499999999999
2008-07-14 12:30:00,20.375000000000057
2008-07-14 13:00:00,20.558333333333337
2008-07-14 13:30:00,20.65833333333336
2008-07-14 14:00:00,20.787500000000023
2008-07-14 14:30:00,20.937500000000057
2008-07-14 15:00:00,20.97083333333336
2008-07-14 15:30:00,20.92083333333335
2008-07-14 16:00:00,20.870833333333337
2008-07-14 16:30:00,20.820833333333326
2008-07-14 17:00:00,20.82916666666671
2008-07-14 17:30:00,20.879166666666663
2008-07-14 18:00:00,20.812500000000057
2008-07-14 18:30:00,20.662500000000023
2008-07-14 19:00:00,20.51249999999999
2008-07-14 19:30:00,20.36250000000001
2008-07-14 20:00:00,20.241666666666674
2008-07-14 20:30:00,20.14166666666671
2008-07-14 21:00:00,19.98333333333329
2008-07-14 21:30:00,19.78333333333336
2008-07-14 22:00:00,19.554166666666674
2008-07-14 22:30:00,19.304166666666674
2008-07-14 23:00:00,19.025000000000034
2008-07-14 23:30:00,18.725000000000023
2008-07-15 00:00:00,18.48333333333329
2008-07-15 00:30:00,18.28333333333336
2008-07-15 01:00:00,17.441666666666663
2008-07-15 01:30:00,16.14166666666665
2008-07-15 02:00:00,15.629166666666663
2008-07-15 02:30:00,15.679166666666674
2008-07-15 03:00:00,15.670833333333348
2008-07-15 03:30:00,15.620833333333337
2008-07-15 04:00:00,15.541666666666629
2008-07-15 04:30:00,15.441666666666663
2008-07-15 05:00:00,15.312500000000057
2008-07-15 05:30:00,15.162500000000023
2008-07-15 06:00:00,15.15833333333336
2008-07-15 06:30:00,15.258333333333326
2008-07-15 07:00:00,15.620833333333337
2008-07-15 07:30:00,16.17083333333329
2008-07-15 08:00:00,16.750000000000057
2008-07-15 08:30:00,17.350000000000023
2008-07-15 09:00:00,17.94999999999999
2008-07-15 09:30:00,18.55000000000001
2008-07-15 10:00:00,19.062500000000057
2008-07-15 10:30:00,19.51249999999999
2008-07-15 11:00:00,19.933333333333337
2008-07-15 11:30:00,20.33333333333337
2008-07-15 12:00:00,20.70416666666671
2008-07-15 12:30:00,21.054166666666674
2008-07-15 13:00:00,21.200000000000045
2008-07-15 13:30:00,21.200000000000045
2008-07-15 14:00:00,21.40416666666664
2008-07-15 14:30:00,21.754166666666663
2008-07-15 15:00:00,21.98750000000001
2008-07-15 15:30:00,22.13749999999999
2008-07-15 16:00:00,22.200000000000045
2008-07-15 16:30:00,22.200000000000045
2008-07-15 17:00:00,22.200000000000045
2008-07-15 17:30:00,22.200000000000045
2008-07-15 18:00:00,22.11250000000001
2008-07-15 18:30:00,21.962500000000034
2008-07-15 19:00:00,21.812500000000057
2008-07-15 19:30:00,21.662500000000023
2008-07-15 20:00:00,21.48333333333329
2008-07-15 20:30:00,21.28333333333336
2008-07-15 21:00:00,21.054166666666674
2008-07-15 21:30:00,20.804166666666674
2008-07-15 22:00:00,20.583333333333314
2008-07-15 22:30:00,20.383333333333383
2008-07-15 23:00:00,20.183333333333337
2008-07-15 23:30:00,19.98333333333329
2008-07-16 00:00:00,19.78333333333336
2008-07-16 00:30:00,19.583333333333314
2008-07-16 01:00:00,18.683333333333337
2008-07-16 01:30:00,17.28333333333336
2008-07-16 02:00:00,16.729166666666686
2008-07-16 02:30:00,16.77916666666664
2008-07-16 03:00:00,16.741666666666674
2008-07-16 03:30:00,16.64166666666671
2008-07-16 04:00:00,16.48333333333329
2008-07-16 04:30:00,16.28333333333336
2008-07-16 05:00:00,16.083333333333314
2008-07-16 05:30:00,15.883333333333326
2008-07-16 06:00:00,15.770833333333314
2008-07-16 06:30:00,15.72083333333336
2008-07-16 07:00:00,15.962500000000034
2008-07-16 07:30:00,16.412500000000023
2008-07-16 08:00:00,16.89166666666665
2008-07-16 08:30:00,17.39166666666665
2008-07-16 09:00:00,17.86250000000001
2008-07-16 09:30:00,18.312500000000057
2008-07-16 10:00:00,18.76249999999999
2008-07-16 10:30:00,19.212500000000034
2008-07-16 11:00:00,19.60416666666663
2008-07-16 11:30:00,19.95416666666671
2008-07-16 12:00:00,20.304166666666674
2008-07-16 12:30:00,20.65416666666664
2008-07-16 13:00:00,20.82916666666671
2008-07-16 13:30:00,20.879166666666663
2008-07-16 14:00:00,21.04583333333329
2008-07-16 14:30:00,21.29583333333329
2008-07-16 15:00:00,21.45833333333337
2008-07-16 15:30:00,21.558333333333337
2008-07-16 16:00:00,21.600000000000023
2008-07-16 16:30:00,21.600000000000023
2008-07-16 17:00:00,21.54166666666663
2008-07-16 17:30:00,21.44166666666672
2008-07-16 18:00:00,21.28333333333336
2008-07-16 18:30:00,21.083333333333314
2008-07-16 19:00:00,20.883333333333383
2008-07-16 19:30:00,20.683333333333337
2008-07-16 20:00:00,20.42500000000001
2008-07-16 20:30:00,20.125000000000057
2008-07-16 21:00:00,19.76666666666671
2008-07-16 21:30:00,19.366666666666674
2008-07-16 22:00:00,18.995833333333337
2008-07-16 22:30:00,18.64583333333337
2008-07-16 23:00:00,18.29583333333329
2008-07-16 23:30:00,17.945833333333383
2008-07-17 00:00:00,17.59583333333336
2008-07-17 00:30:00,17.245833333333337
2008-07-17 01:00:00,16.48750000000001
2008-07-17 01:30:00,15.437500000000057
2008-07-17 02:00:00,14.941666666666663
2008-07-17 02:30:00,14.84166666666664
2008-07-17 03:00:00,14.683333333333337
2008-07-17 03:30:00,14.483333333333292
2008-07-17 04:00:00,14.254166666666663
2008-07-17 04:30:00,14.004166666666663
2008-07-17 05:00:00,13.812500000000057
2008-07-17 05:30:00,13.662500000000023
2008-07-17 06:00:00,13.745833333333337
2008-07-17 06:30:00,13.995833333333337
2008-07-17 07:00:00,14.391666666666652
2008-07-17 07:30:00,14.891666666666652
2008-07-17 08:00:00,15.362500000000011
2008-07-17 08:30:00,15.812500000000057
2008-07-17 09:00:00,16.26249999999999
2008-07-17 09:30:00,16.712500000000034
2008-07-17 10:00:00,17.133333333333326
2008-07-17 10:30:00,17.53333333333336
2008-07-17 11:00:00,17.90416666666664
2008-07-17 11:30:00,18.254166666666663
2008-07-17 12:00:00,18.57499999999999
2008-07-17 12:30:00,18.875000000000057
2008-07-17 13:00:00,18.650000000000034
2008-07-17 13:30:00,18.05000000000001
2008-07-17 14:00:00,17.916666666666686
2008-07-17 14:30:00,18.116666666666674
2008-07-17 15:00:00,18.40416666666664
2008-07-17 15:30:00,18.754166666666663
2008-07-17 16:00:00,19.01666666666665
2008-07-17 16:30:00,19.21666666666664
2008-07-17 17:00:00,19.270833333333314
2008-07-17 17:30:00,19.22083333333336
2008-07-17 18:00:00,19.054166666666674
2008-07-17 18:30:00,18.804166666666674
2008-07-17 19:00:00,18.46666666666664
2008-07-17 19:30:00,18.066666666666663
2008-07-17 20:00:00,17.66666666666663
2008-07-17 20:30:00,17.26666666666671
2008-07-17 21:00:00,16.866666666666674
2008-07-17 21:30:00,16.46666666666664
2008-07-17 22:00:00,16.125000000000057
2008-07-17 22:30:00,15.824999999999989
2008-07-17 23:00:00,15.554166666666674
2008-07-17 23:30:00,15.304166666666674
2008-07-18 00:00:00,15.083333333333314
2008-07-18 00:30:00,14.883333333333326
2008-07-18 01:00:00,14.508333333333326
2008-07-18 01:30:00,14.008333333333326
2008-07-18 02:00:00,13.65416666666664
2008-07-18 02:30:00,13.40416666666664
2008-07-18 03:00:00,13.183333333333337
2008-07-18 03:30:00,12.983333333333292
2008-07-18 04:00:00,12.812500000000057
2008-07-18 04:30:00,12.662500000000023
2008-07-18 05:00:00,12.541666666666629
2008-07-18 05:30:00,12.441666666666663
2008-07-18 06:00:00,12.633333333333326
2008-07-18 06:30:00,13.03333333333336
2008-07-18 07:00:00,13.462500000000034
2008-07-18 07:30:00,13.912500000000023
2008-07-18 08:00:00,14.304166666666674
2008-07-18 08:30:00,14.65416666666664
2008-07-18 09:00:00,14.916666666666686
2008-07-18 09:30:00,15.116666666666674
2008-07-18 10:00:00,15.40416666666664
2008-07-18 10:30:00,15.754166666666663
2008-07-18 11:00:00,15.958333333333371
2008-07-18 11:30:00,16.058333333333337
2008-07-18 12:00:00,16.275000000000034
2008-07-18 12:30:00,16.57499999999999
2008-07-18 13:00:00,16.816666666666663
2008-07-18 13:30:00,17.01666666666665
2008-07-18 14:00:00,17.15833333333336
2008-07-18 14:30:00,17.258333333333326
2008-07-18 15:00:00,17.212500000000034
2008-07-18 15:30:00,17.062500000000057
2008-07-18 16:00:00,17.0
2008-07-18 16:30:00,17.0
2008-07-18 17:00:00,16.97083333333336
2008-07-18 17:30:00,16.92083333333335
2008-07-18 18:00:00,16.812500000000057
2008-07-18 18:30:00,16.662500000000023
2008-07-18 19:00:00,16.45416666666665
2008-07-18 19:30:00,16.20416666666665
2008-07-18 20:00:00,15.983333333333292
2008-07-18 20:30:00,15.78333333333336
2008-07-18 21:00:00,15.583333333333314
2008-07-18 21:30:00,15.383333333333326
2008-07-18 22:00:00,15.212500000000034
2008-07-18 22:30:00,15.062500000000057
2008-07-18 23:00:00,14.941666666666663
2008-07-18 23:30:00,14.84166666666664
2008-07-19 00:00:00,14.800000000000011
2008-07-19 00:30:00,14.800000000000011
2008-07-19 01:00:00,14.770833333333314
2008-07-19 01:30:00,14.72083333333336
2008-07-19 02:00:00,14.641666666666708
2008-07-19 02:30:00,14.541666666666629
2008-07-19 03:00:00,14.354166666666686
2008-07-19 03:30:00,14.104166666666686
2008-07-19 04:00:00,13.883333333333326
2008-07-19 04:30:00,13.683333333333337
2008-07-19 05:00:00,13.541666666666629
2008-07-19 05:30:00,13.44166666666672
2008-07-19 06:00:00,13.516666666666652
2008-07-19 06:30:00,13.71666666666664
2008-07-19 07:00:00,14.062500000000057
2008-07-19 07:30:00,14.512499999999989
2008-07-19 08:00:00,14.991666666666674
2008-07-19 08:30:00,15.491666666666674
2008-07-19 09:00:00,15.962500000000034
2008-07-19 09:30:00,16.412500000000023
2008-07-19 10:00:00,16.804166666666674
2008-07-19 10:30:00,17.15416666666664
2008-07-19 11:00:00,17.562500000000057
2008-07-19 11:30:00,18.01249999999999
2008-07-19 12:00:00,18.520833333333314
2008-07-19 12:30:00,19.070833333333383
2008-07-19 13:00:00,19.445833333333326
2008-07-19 13:30:00,19.695833333333326
2008-07-19 14:00:00,19.916666666666686
2008-07-19 14:30:00,20.116666666666674
2008-07-19 15:00:00,20.229166666666686
2008-07-19 15:30:00,20.27916666666664
2008-07-19 16:00:00,20.30000000000001
2008-07-19 16:30:00,20.30000000000001
2008-07-19 17:00:00,20.270833333333314
2008-07-19 17:30:00,20.22083333333336
2008-07-19 18:00:00,20.11250000000001
2008-07-19 18:30:00,19.962500000000034
2008-07-19 19:00:00,19.78333333333336
2008-07-19 19:30:00,19.583333333333314
2008-07-19 20:00:00,19.383333333333383
2008-07-19 20:30:00,19.183333333333337
2008-07-19 21:00:00,18.92500000000001
2008-07-19 21:30:00,18.625000000000057
2008-07-19 22:00:00,18.32499999999999
2008-07-19 22:30:00,18.025000000000034
2008-07-19 23:00:00,17.78333333333336
2008-07-19 23:30:00,17.583333333333314
2008-07-20 00:00:00,17.383333333333326
2008-07-20 00:30:00,17.183333333333337
2008-07-20 01:00:00,16.72083333333336
2008-07-20 01:30:00,16.070833333333326
2008-07-20 02:00:00,15.683333333333337
2008-07-20 02:30:00,15.483333333333292
2008-07-20 03:00:00,15.254166666666663
2008-07-20 03:30:00,15.004166666666663
2008-07-20 04:00:00,14.754166666666663
2008-07-20 04:30:00,14.504166666666663
2008-07-20 05:00:00,14.28333333333336
2008-07-20 05:30:00,14.083333333333314
2008-07-20 06:00:00,14.058333333333337
2008-07-20 06:30:00,14.15833333333336
2008-07-20 07:00:00,14.579166666666708
2008-07-20 07:30:00,15.229166666666629
2008-07-20 08:00:00,15.90833333333336
2008-07-20 08:30:00,16.60833333333335
2008-07-20 09:00:00,17.250000000000057
2008-07-20 09:30:00,17.850000000000023
2008-07-20 10:00:00,18.39166666666665
2008-07-20 10:30:00,18.89166666666665
2008-07-20 11:00:00,19.36250000000001
2008-07-20 11:30:00,19.812500000000057
2008-07-20 12:00:00,20.23333333333329
2008-07-20 12:30:00,20.633333333333383
2008-07-20 13:00:00,21.208333333333314
2008-07-20 13:30:00,21.90833333333336
2008-07-20 14:00:00,22.287500000000023
2008-07-20 14:30:00,22.437500000000057
2008-07-20 15:00:00,22.587500000000034
2008-07-20 15:30:00,22.73750000000001
2008-07-20 16:00:00,22.82916666666665
2008-07-20 16:30:00,22.879166666666663
2008-07-20 17:00:00,22.812500000000057
2008-07-20 17:30:00,22.662500000000023
2008-07-20 18:00:00,22.42500000000001
2008-07-20 18:30:00,22.125000000000057
2008-07-20 19:00:00,21.79583333333329
2008-07-20 19:30:00,21.445833333333383
2008-07-20 20:00:00,21.125000000000057
2008-07-20 20:30:00,20.82499999999999
2008-07-20 21:00:00,20.46666666666664
2008-07-20 21:30:00,20.066666666666663
2008-07-20 22:00:00,19.63749999999999
2008-07-20 22:30:00,19.187500000000057
2008-07-20 23:00:00,18.73750000000001
2008-07-20 23:30:00,18.287500000000023
2008-07-21 00:00:00,17.89583333333337
2008-07-21 00:30:00,17.54583333333329
2008-07-21 01:00:00,17.02083333333337
2008-07-21 01:30:00,16.370833333333337
2008-07-21 02:00:00,15.895833333333371
2008-07-21 02:30:00,15.545833333333292
2008-07-21 03:00:00,15.254166666666663
2008-07-21 03:30:00,15.004166666666663
2008-07-21 04:00:00,14.725000000000023
2008-07-21 04:30:00,14.425000000000011
2008-07-21 05:00:00,14.300000000000011
2008-07-21 05:30:00,14.300000000000011
2008-07-21 06:00:00,14.475000000000023
2008-07-21 06:30:00,14.775000000000034
2008-07-21 07:00:00,15.22083333333336
2008-07-21 07:30:00,15.770833333333314
2008-07-21 08:00:00,16.20416666666671
2008-07-21 08:30:00,16.554166666666674
2008-07-21 09:00:00,16.962500000000034
2008-07-21 09:30:00,17.412500000000023
2008-07-21 10:00:00,17.94999999999999
2008-07-21 10:30:00,18.55000000000001
2008-07-21 11:00:00,18.975000000000023
2008-07-21 11:30:00,19.275000000000034
2008-07-21 12:00:00,19.60416666666663
2008-07-21 12:30:00,19.95416666666671
2008-07-21 13:00:00,20.187500000000057
2008-07-21 13:30:00,20.337500000000034
2008-07-21 14:00:00,20.51666666666665
2008-07-21 14:30:00,20.71666666666664
2008-07-21 15:00:00,20.88749999999999
2008-07-21 15:30:00,21.037500000000023
2008-07-21 16:00:00,21.100000000000023
2008-07-21 16:30:00,21.100000000000023
2008-07-21 17:00:00,21.04166666666663
2008-07-21 17:30:00,20.94166666666672
2008-07-21 18:00:00,20.754166666666663
2008-07-21 18:30:00,20.504166666666663
2008-07-21 19:00:00,20.195833333333326
2008-07-21 19:30:00,19.84583333333336
2008-07-21 20:00:00,19.437500000000057
2008-07-21 20:30:00,18.98750000000001
2008-07-21 21:00:00,18.537500000000023
2008-07-21 21:30:00,18.087500000000034
2008-07-21 22:00:00,17.695833333333326
2008-07-21 22:30:00,17.34583333333336
2008-07-21 23:00:00,17.025000000000034
2008-07-21 23:30:00,16.725000000000023
2008-07-22 00:00:00,16.48333333333329
2008-07-22 00:30:00,16.28333333333336
2008-07-22 01:00:00,15.879166666666663
2008-07-22 01:30:00,15.329166666666652
2008-07-22 02:00:00,14.983333333333292
2008-07-22 02:30:00,14.78333333333336
2008-07-22 03:00:00,14.525000000000034
2008-07-22 03:30:00,14.225000000000023
2008-07-22 04:00:00,13.954166666666652
2008-07-22 04:30:00,13.704166666666652
2008-07-22 05:00:00,13.483333333333292
2008-07-22 05:30:00,13.28333333333336
2008-07-22 06:00:00,13.316666666666663
2008-07-22 06:30:00,13.516666666666652
2008-07-22 07:00:00,13.862500000000011
2008-07-22 07:30:00,14.312500000000057
2008-07-22 08:00:00,14.704166666666708
2008-07-22 08:30:00,15.054166666666674
2008-07-22 09:00:00,15.375000000000057
2008-07-22 09:30:00,15.675000000000011
2008-07-22 10:00:00,16.09166666666664
2008-07-22 10:30:00,16.59166666666664
2008-07-22 11:00:00,16.945833333333326
2008-07-22 11:30:00,17.195833333333326
2008-07-22 12:00:00,17.30000000000001
2008-07-22 12:30:00,17.30000000000001
2008-07-22 13:00:00,17.008333333333326
2008-07-22 13:30:00,16.508333333333326
2008-07-22 14:00:00,16.30000000000001
2008-07-22 14:30:00,16.30000000000001
2008-07-22 15:00:00,16.270833333333314
2008-07-22 15:30:00,16.22083333333336
2008-07-22 16:00:00,16.258333333333326
2008-07-22 16:30:00,16.35833333333335
2008-07-22 17:00:00,16.370833333333337
2008-07-22 17:30:00,16.320833333333326
2008-07-22 18:00:00,16.183333333333337
2008-07-22 18:30:00,15.983333333333292
2008-07-22 19:00:00,15.725000000000023
2008-07-22 19:30:00,15.425000000000011
2008-07-22 20:00:00,15.15416666666664
2008-07-22 20:30:00,14.90416666666664
2008-07-22 21:00:00,14.65416666666664
2008-07-22 21:30:00,14.40416666666664
2008-07-22 22:00:00,14.183333333333337
2008-07-22 22:30:00,13.983333333333292
2008-07-22 23:00:00,13.812500000000057
2008-07-22 23:30:00,13.662500000000023
2008-07-23 00:00:00,13.512499999999989
2008-07-23 00:30:00,13.362500000000011
2008-07-23 01:00:00,13.300000000000011
2008-07-23 01:30:00,13.300000000000011
2008-07-23 02:00:00,13.212500000000034
2008-07-23 02:30:00,13.062500000000057
2008-07-23 03:00:00,12.97083333333336
2008-07-23 03:30:00,12.920833333333348
2008-07-23 04:00:00,12.812500000000057
2008-07-23 04:30:00,12.662500000000023
2008-07-23 05:00:00,12.600000000000023
2008-07-23 05:30:00,12.600000000000023
2008-07-23 06:00:00,12.600000000000023
2008-07-23 06:30:00,12.600000000000023
2008-07-23 07:00:00,12.687500000000057
2008-07-23 07:30:00,12.837500000000034
2008-07-23 08:00:00,13.016666666666652
2008-07-23 08:30:00,13.21666666666664
2008-07-23 09:00:00,13.475000000000023
2008-07-23 09:30:00,13.775000000000034
2008-07-23 10:00:00,14.074999999999989
2008-07-23 10:30:00,14.375000000000057
2008-07-23 11:00:00,14.733333333333292
2008-07-23 11:30:00,15.133333333333326
2008-07-23 12:00:00,15.504166666666663
2008-07-23 12:30:00,15.854166666666629
2008-07-23 13:00:00,15.620833333333337
2008-07-23 13:30:00,14.97083333333336
2008-07-23 14:00:00,14.787500000000023
2008-07-23 14:30:00,14.937500000000057
2008-07-23 15:00:00,15.02916666666664
2008-07-23 15:30:00,15.079166666666652
2008-07-23 16:00:00,15.100000000000023
2008-07-23 16:30:00,15.100000000000023
2008-07-23 17:00:00,15.100000000000023
2008-07-23 17:30:00,15.100000000000023
2008-07-23 18:00:00,15.041666666666629
2008-07-23 18:30:00,14.94166666666672
2008-07-23 19:00:00,14.812500000000057
2008-07-23 19:30:00,14.662500000000023
2008-07-23 20:00:00,14.541666666666629
2008-07-23 20:30:00,14.441666666666663
2008-07-23 21:00:00,14.34166666666664
2008-07-23 21:30:00,14.241666666666674
2008-07-23 22:00:00,14.141666666666708
2008-07-23 22:30:00,14.041666666666629
2008-07-23 23:00:00,13.94166666666672
2008-07-23 23:30:00,13.84166666666664
2008-07-24 00:00:00,13.800000000000011
2008-07-24 00:30:00,13.800000000000011
2008-07-24 01:00:00,13.683333333333337
2008-07-24 01:30:00,13.483333333333292
2008-07-24 02:00:00,13.429166666666674
2008-07-24 02:30:00,13.479166666666686
2008-07-24 03:00:00,13.558333333333337
2008-07-24 03:30:00,13.65833333333336
2008-07-24 04:00:00,13.700000000000045
2008-07-24 04:30:00,13.700000000000045
2008-07-24 05:00:00,13.700000000000045
2008-07-24 05:30:00,13.700000000000045
2008-07-24 06:00:00,13.816666666666663
2008-07-24 06:30:00,14.016666666666652
2008-07-24 07:00:00,14.362500000000011
2008-07-24 07:30:00,14.812500000000057
2008-07-24 08:00:00,15.233333333333292
2008-07-24 08:30:00,15.633333333333326
2008-07-24 09:00:00,16.208333333333314
2008-07-24 09:30:00,16.90833333333336
2008-07-24 10:00:00,17.55000000000001
2008-07-24 10:30:00,18.150000000000034
2008-07-24 11:00:00,18.662500000000023
2008-07-24 11:30:00,19.11250000000001
2008-07-24 12:00:00,19.562500000000057
2008-07-24 12:30:00,20.01249999999999
2008-07-24 13:00:00,20.14166666666671
2008-07-24 13:30:00,20.04166666666663
2008-07-24 14:00:00,20.23333333333329
2008-07-24 14:30:00,20.633333333333383
2008-07-24 15:00:00,20.975000000000023
2008-07-24 15:30:00,21.275000000000034
2008-07-24 16:00:00,21.48750000000001
2008-07-24 16:30:00,21.63749999999999
2008-07-24 17:00:00,21.729166666666686
2008-07-24 17:30:00,21.77916666666664
2008-07-24 18:00:00,21.683333333333337
2008-07-24 18:30:00,21.48333333333329
2008-07-24 19:00:00,21.28333333333336
2008-07-24 19:30:00,21.083333333333314
2008-07-24 20:00:00,20.912500000000023
2008-07-24 20:30:00,20.76249999999999
2008-07-24 21:00:00,20.583333333333314
2008-07-24 21:30:00,20.383333333333383
2008-07-24 22:00:00,20.15416666666664
2008-07-24 22:30:00,19.90416666666664
2008-07-24 23:00:00,19.683333333333337
2008-07-24 23:30:00,19.48333333333329
2008-07-25 00:00:00,19.34166666666664
2008-07-25 00:30:00,19.241666666666674
2008-07-25 01:00:00,18.645833333333314
2008-07-25 01:30:00,17.695833333333383
2008-07-25 02:00:00,17.38749999999999
2008-07-25 02:30:00,17.537500000000023
2008-07-25 03:00:00,17.48333333333329
2008-07-25 03:30:00,17.28333333333336
2008-07-25 04:00:00,16.96666666666664
2008-07-25 04:30:00,16.566666666666663
2008-07-25 05:00:00,16.225000000000023
2008-07-25 05:30:00,15.925000000000011
2008-07-25 06:00:00,15.741666666666674
2008-07-25 06:30:00,15.641666666666708
2008-07-25 07:00:00,15.862500000000011
2008-07-25 07:30:00,16.312500000000057
2008-07-25 08:00:00,16.791666666666686
2008-07-25 08:30:00,17.291666666666686
2008-07-25 09:00:00,17.76249999999999
2008-07-25 09:30:00,18.212500000000034
2008-07-25 10:00:00,18.633333333333326
2008-07-25 10:30:00,19.03333333333336
2008-07-25 11:00:00,19.433333333333337
2008-07-25 11:30:00,19.83333333333337
2008-07-25 12:00:00,20.23333333333329
2008-07-25 12:30:00,20.633333333333383
2008-07-25 13:00:00,20.916666666666686
2008-07-25 13:30:00,21.116666666666674
2008-07-25 14:00:00,21.316666666666663
2008-07-25 14:30:00,21.51666666666665
2008-07-25 15:00:00,21.570833333333326
2008-07-25 15:30:00,21.520833333333314
2008-07-25 16:00:00,21.47083333333336
2008-07-25 16:30:00,21.42083333333335
2008-07-25 17:00:00,21.254166666666663
2008-07-25 17:30:00,21.004166666666663
2008-07-25 18:00:00,20.725000000000023
2008-07-25 18:30:00,20.42500000000001
2008-07-25 19:00:00,20.09583333333336
2008-07-25 19:30:00,19.745833333333337
2008-07-25 20:00:00,19.39583333333337
2008-07-25 20:30:00,19.04583333333329
2008-07-25 21:00:00,18.695833333333326
2008-07-25 21:30:00,18.34583333333336
2008-07-25 22:00:00,17.995833333333337
2008-07-25 22:30:00,17.64583333333337
2008-07-25 23:00:00,17.383333333333326
2008-07-25 23:30:00,17.183333333333337
2008-07-26 00:00:00,16.98333333333329
2008-07-26 00:30:00,16.78333333333336
2008-07-26 01:00:00,16.787500000000023
2008-07-26 01:30:00,16.937500000000057
2008-07-26 02:00:00,16.883333333333326
2008-07-26 02:30:00,16.683333333333337
2008-07-26 03:00:00,16.42500000000001
2008-07-26 03:30:00,16.125000000000057
2008-07-26 04:00:00,15.824999999999989
2008-07-26 04:30:00,15.525000000000034
2008-07-26 05:00:00,15.312500000000057
2008-07-26 05:30:00,15.162500000000023
2008-07-26 06:00:00,15.129166666666663
2008-07-26 06:30:00,15.179166666666674
2008-07-26 07:00:00,15.491666666666674
2008-07-26 07:30:00,15.991666666666674
2008-07-26 08:00:00,16.40416666666664
2008-07-26 08:30:00,16.754166666666663
2008-07-26 09:00:00,17.04583333333329
2008-07-26 09:30:00,17.29583333333329
2008-07-26 10:00:00,17.54583333333329
2008-07-26 10:30:00,17.79583333333329
2008-07-26 11:00:00,18.07499999999999
2008-07-26 11:30:00,18.375000000000057
2008-07-26 12:00:00,18.616666666666674
2008-07-26 12:30:00,18.816666666666663
2008-07-26 13:00:00,19.04583333333329
2008-07-26 13:30:00,19.29583333333329
2008-07-26 14:00:00,19.45833333333337
2008-07-26 14:30:00,19.558333333333337
2008-07-26 15:00:00,19.54166666666663
2008-07-26 15:30:00,19.441666666666663
2008-07-26 16:00:00,19.370833333333337
2008-07-26 16:30:00,19.320833333333326
2008-07-26 17:00:00,19.241666666666674
2008-07-26 17:30:00,19.14166666666671
2008-07-26 18:00:00,19.04166666666663
2008-07-26 18:30:00,18.941666666666663
2008-07-26 19:00:00,18.812500000000057
2008-07-26 19:30:00,18.662500000000023
2008-07-26 20:00:00,18.54166666666663
2008-07-26 20:30:00,18.44166666666672
2008-07-26 21:00:00,18.312500000000057
2008-07-26 21:30:00,18.162500000000023
2008-07-26 22:00:00,17.98333333333329
2008-07-26 22:30:00,17.78333333333336
2008-07-26 23:00:00,17.583333333333314
2008-07-26 23:30:00,17.383333333333383
2008-07-27 00:00:00,17.15416666666664
2008-07-27 00:30:00,16.90416666666664
2008-07-27 01:00:00,16.683333333333337
2008-07-27 01:30:00,16.48333333333329
2008-07-27 02:00:00,16.34166666666664
2008-07-27 02:30:00,16.241666666666674
2008-07-27 03:00:00,16.11250000000001
2008-07-27 03:30:00,15.962500000000034
2008-07-27 04:00:00,15.812500000000057
2008-07-27 04:30:00,15.662500000000023
2008-07-27 05:00:00,15.512499999999989
2008-07-27 05:30:00,15.362500000000011
2008-07-27 06:00:00,15.329166666666652
2008-07-27 06:30:00,15.379166666666663
2008-07-27 07:00:00,15.487500000000011
2008-07-27 07:30:00,15.637499999999989
2008-07-27 08:00:00,15.729166666666686
2008-07-27 08:30:00,15.77916666666664
2008-07-27 09:00:00,15.829166666666652
2008-07-27 09:30:00,15.879166666666663
2008-07-27 10:00:00,16.10416666666663
2008-07-27 10:30:00,16.45416666666671
2008-07-27 11:00:00,16.745833333333337
2008-07-27 11:30:00,16.995833333333337
2008-07-27 12:00:00,17.304166666666674
2008-07-27 12:30:00,17.65416666666664
2008-07-27 13:00:00,18.062500000000057
2008-07-27 13:30:00,18.51249999999999
2008-07-27 14:00:00,18.84583333333336
2008-07-27 14:30:00,19.09583333333336
2008-07-27 15:00:00,19.14166666666671
2008-07-27 15:30:00,19.04166666666663
2008-07-27 16:00:00,18.97083333333336
2008-07-27 16:30:00,18.92083333333335
2008-07-27 17:00:00,18.754166666666663
2008-07-27 17:30:00,18.504166666666663
2008-07-27 18:00:00,18.28333333333336
2008-07-27 18:30:00,18.083333333333314
2008-07-27 19:00:00,17.79583333333329
2008-07-27 19:30:00,17.445833333333383
2008-07-27 20:00:00,17.037500000000023
2008-07-27 20:30:00,16.587500000000034
2008-07-27 21:00:00,16.195833333333326
2008-07-27 21:30:00,15.84583333333336
2008-07-27 22:00:00,15.495833333333337
2008-07-27 22:30:00,15.145833333333371
2008-07-27 23:00:00,14.824999999999989
2008-07-27 23:30:00,14.525000000000034
2008-07-28 00:00:00,14.254166666666663
2008-07-28 00:30:00,14.004166666666663
2008-07-28 01:00:00,13.491666666666674
2008-07-28 01:30:00,12.791666666666686
2008-07-28 02:00:00,12.44166666666672
2008-07-28 02:30:00,12.34166666666664
2008-07-28 03:00:00,12.241666666666674
2008-07-28 03:30:00,12.141666666666708
2008-07-28 04:00:00,12.129166666666663
2008-07-28 04:30:00,12.179166666666674
2008-07-28 05:00:00,12.258333333333326
2008-07-28 05:30:00,12.358333333333348
2008-07-28 06:00:00,12.574999999999989
2008-07-28 06:30:00,12.875000000000057
2008-07-28 07:00:00,13.262499999999989
2008-07-28 07:30:00,13.712500000000034
2008-07-28 08:00:00,14.22083333333336
2008-07-28 08:30:00,14.770833333333314
2008-07-28 09:00:00,15.291666666666686
2008-07-28 09:30:00,15.791666666666686
2008-07-28 10:00:00,16.26249999999999
2008-07-28 10:30:00,16.712500000000034
2008-07-28 11:00:00,17.133333333333326
2008-07-28 11:30:00,17.53333333333336
2008-07-28 12:00:00,17.90416666666664
2008-07-28 12:30:00,18.254166666666663
2008-07-28 13:00:00,18.633333333333326
2008-07-28 13:30:00,19.03333333333336
2008-07-28 14:00:00,19.229166666666686
2008-07-28 14:30:00,19.27916666666664
2008-07-28 15:00:00,19.32916666666671
2008-07-28 15:30:00,19.379166666666663
2008-07-28 16:00:00,19.400000000000034
2008-07-28 16:30:00,19.400000000000034
2008-07-28 17:00:00,19.400000000000034
2008-07-28 17:30:00,19.400000000000034
2008-07-28 18:00:00,19.28333333333336
2008-07-28 18:30:00,19.083333333333314
2008-07-28 19:00:00,18.883333333333326
2008-07-28 19:30:00,18.683333333333337
2008-07-28 20:00:00,18.48333333333329
2008-07-28 20:30:00,18.28333333333336
2008-07-28 21:00:00,18.11250000000001
2008-07-28 21:30:00,17.962500000000034
2008-07-28 22:00:00,17.812500000000057
2008-07-28 22:30:00,17.662500000000023
2008-07-28 23:00:00,17.51249999999999
2008-07-28 23:30:00,17.36250000000001
2008-07-29 00:00:00,17.183333333333337
2008-07-29 00:30:00,16.98333333333329
2008-07-29 01:00:00,16.34583333333336
2008-07-29 01:30:00,15.395833333333314
2008-07-29 02:00:00,14.883333333333326
2008-07-29 02:30:00,14.683333333333337
2008-07-29 03:00:00,14.454166666666652
2008-07-29 03:30:00,14.204166666666652
2008-07-29 04:00:00,13.925000000000011
2008-07-29 04:30:00,13.625000000000057
2008-07-29 05:00:00,13.412500000000023
2008-07-29 05:30:00,13.262499999999989
2008-07-29 06:00:00,13.200000000000045
2008-07-29 06:30:00,13.200000000000045
2008-07-29 07:00:00,13.229166666666686
2008-07-29 07:30:00,13.27916666666664
2008-07-29 08:00:00,13.358333333333348
2008-07-29 08:30:00,13.458333333333371
2008-07-29 09:00:00,13.587500000000034
2008-07-29 09:30:00,13.737500000000011
2008-07-29 10:00:00,13.945833333333326
2008-07-29 10:30:00,14.195833333333326
2008-07-29 11:00:00,14.358333333333348
2008-07-29 11:30:00,14.458333333333371
2008-07-29 12:00:00,14.47083333333336
2008-07-29 12:30:00,14.420833333333348
2008-07-29 13:00:00,14.195833333333326
2008-07-29 13:30:00,13.84583333333336
2008-07-29 14:00:00,13.816666666666663
2008-07-29 14:30:00,14.016666666666652
2008-07-29 15:00:00,14.100000000000023
2008-07-29 15:30:00,14.100000000000023
2008-07-29 16:00:00,14.100000000000023
2008-07-29 16:30:00,14.100000000000023
2008-07-29 17:00:00,14.129166666666663
2008-07-29 17:30:00,14.179166666666674
2008-07-29 18:00:00,14.170833333333348
2008-07-29 18:30:00,14.120833333333337
2008-07-29 19:00:00,14.100000000000023
2008-07-29 19:30:00,14.100000000000023
2008-07-29 20:00:00,14.070833333333326
2008-07-29 20:30:00,14.020833333333314
2008-07-29 21:00:00,13.97083333333336
2008-07-29 21:30:00,13.920833333333348
2008-07-29 22:00:00,13.754166666666663
2008-07-29 22:30:00,13.504166666666663
2008-07-29 23:00:00,13.225000000000023
2008-07-29 23:30:00,12.925000000000011
2008-07-30 00:00:00,12.683333333333337
2008-07-30 00:30:00,12.483333333333292
2008-07-30 01:00:00,12.370833333333337
2008-07-30 01:30:00,12.320833333333326
2008-07-30 02:00:00,12.125000000000057
2008-07-30 02:30:00,11.824999999999989
2008-07-30 03:00:00,11.612500000000011
2008-07-30 03:30:00,11.462500000000034
2008-07-30 04:00:00,11.400000000000034
2008-07-30 04:30:00,11.400000000000034
2008-07-30 05:00:00,11.370833333333337
2008-07-30 05:30:00,11.320833333333326
2008-07-30 06:00:00,11.241666666666674
2008-07-30 06:30:00,11.141666666666708
2008-07-30 07:00:00,11.187500000000057
2008-07-30 07:30:00,11.337500000000034
2008-07-30 08:00:00,11.574999999999989
2008-07-30 08:30:00,11.875000000000057
2008-07-30 09:00:00,12.204166666666708
2008-07-30 09:30:00,12.554166666666674
2008-07-30 10:00:00,12.816666666666663
2008-07-30 10:30:00,13.016666666666652
2008-07-30 11:00:00,13.275000000000034
2008-07-30 11:30:00,13.574999999999989
2008-07-30 12:00:00,13.875000000000057
2008-07-30 12:30:00,14.175000000000011
2008-07-30 13:00:00,14.650000000000034
2008-07-30 13:30:00,15.250000000000057
2008-07-30 14:00:00,15.558333333333337
2008-07-30 14:30:00,15.65833333333336
2008-07-30 15:00:00,15.700000000000045
2008-07-30 15:30:00,15.700000000000045
2008-07-30 16:00:00,15.670833333333348
2008-07-30 16:30:00,15.620833333333337
2008-07-30 17:00:00,15.454166666666652
2008-07-30 17:30:00,15.204166666666652
2008-07-30 18:00:00,14.983333333333292
2008-07-30 18:30:00,14.78333333333336
2008-07-30 19:00:00,14.670833333333348
2008-07-30 19:30:00,14.620833333333337
2008-07-30 20:00:00,14.570833333333326
2008-07-30 20:30:00,14.520833333333314
2008-07-30 21:00:00,14.5
2008-07-30 21:30:00,14.5
2008-07-30 22:00:00,14.47083333333336
2008-07-30 22:30:00,14.420833333333348
2008-07-30 23:00:00,14.400000000000034
2008-07-30 23:30:00,14.400000000000034
2008-07-31 00:00:00,14.400000000000034
2008-07-31 00:30:00,14.400000000000034
2008-07-31 01:00:00,13.991666666666674
2008-07-31 01:30:00,13.291666666666686
2008-07-31 02:00:00,13.02916666666664
2008-07-31 02:30:00,13.079166666666652
2008-07-31 03:00:00,13.070833333333326
2008-07-31 03:30:00,13.020833333333314
2008-07-31 04:00:00,12.912500000000023
2008-07-31 04:30:00,12.762499999999989
2008-07-31 05:00:00,12.758333333333326
2008-07-31 05:30:00,12.858333333333348
2008-07-31 06:00:00,12.929166666666674
2008-07-31 06:30:00,12.979166666666686
2008-07-31 07:00:00,13.175000000000011
2008-07-31 07:30:00,13.475000000000023
2008-07-31 08:00:00,13.71666666666664
2008-07-31 08:30:00,13.916666666666686
2008-07-31 09:00:00,14.058333333333337
2008-07-31 09:30:00,14.15833333333336
2008-07-31 10:00:00,14.229166666666686
2008-07-31 10:30:00,14.27916666666664
2008-07-31 11:00:00,14.300000000000011
2008-07-31 11:30:00,14.300000000000011
2008-07-31 12:00:00,14.241666666666674
2008-07-31 12:30:00,14.141666666666708
2008-07-31 13:00:00,13.895833333333371
2008-07-31 13:30:00,13.545833333333292
2008-07-31 14:00:00,13.370833333333337
2008-07-31 14:30:00,13.320833333333326
2008-07-31 15:00:00,13.358333333333348
2008-07-31 15:30:00,13.458333333333371
2008-07-31 16:00:00,13.47083333333336
2008-07-31 16:30:00,13.420833333333348
2008-07-31 17:00:00,13.370833333333337
2008-07-31 17:30:00,13.320833333333326
2008-07-31 18:00:00,13.270833333333314
2008-07-31 18:30:00,13.22083333333336
2008-07-31 19:00:00,13.141666666666708
2008-07-31 19:30:00,13.041666666666629
2008-07-31 20:00:00,12.97083333333336
2008-07-31 20:30:00,12.920833333333348
2008-07-31 21:00:00,12.900000000000034
2008-07-31 21:30:00,12.900000000000034
2008-07-31 22:00:00,12.900000000000034
2008-07-31 22:30:00,12.900000000000034
2008-07-31 23:00:00,13.016666666666652
2008-07-31 23:30:00,13.21666666666664
