,Air Temperature (1.20m),Air Temperature (26.00m),Acoustic Temperature (Corrected) (28.80m),rural_epw_air_temp_c
2008-07-01 00:00:00,17.89,18.33,0.0,18.0
2008-07-01 00:30:00,18.66,18.9,0.0,18.0
2008-07-01 01:00:00,18.82,19.3,0.0,18.0
2008-07-01 01:30:00,19.03,19.34,0.0,18.0
2008-07-01 02:00:00,18.52,18.59,0.0,18.0
2008-07-01 02:30:00,17.7,17.65,0.0,17.5
2008-07-01 03:00:00,17.31,17.35,0.0,17.0
2008-07-01 03:30:00,17.05,17.0,0.0,17.0
2008-07-01 04:00:00,16.52,16.35,0.0,17.0
2008-07-01 04:30:00,16.06,15.97,0.0,16.3
2008-07-01 05:00:00,15.84,15.69,0.0,15.6
2008-07-01 05:30:00,15.92,15.77,0.0,15.3
2008-07-01 06:00:00,16.19,15.82,0.0,15.0
2008-07-01 06:30:00,16.03,15.31,0.0,15.5
2008-07-01 07:00:00,15.98,15.03,0.0,16.0
2008-07-01 07:30:00,16.64,15.1,0.0,16.0
2008-07-01 08:00:00,17.09,15.3,0.0,16.0
2008-07-01 08:30:00,17.39,15.39,0.0,16.5
2008-07-01 09:00:00,18.05,15.81,0.0,17.0
2008-07-01 09:30:00,19.34,16.51,0.0,17.0
2008-07-01 10:00:00,19.7,16.65,0.0,17.0
2008-07-01 10:30:00,19.79,16.79,0.0,17.7
2008-07-01 11:00:00,20.22,17.0,0.0,18.4
2008-07-01 11:30:00,20.74,17.37,0.0,19.2
2008-07-01 12:00:00,21.07,17.83,0.0,20.0
2008-07-01 12:30:00,22.12,18.1,0.0,20.5
2008-07-01 13:00:00,22.19,18.88,0.0,21.0
2008-07-01 13:30:00,22.62,19.19,0.0,21.5
2008-07-01 14:00:00,22.71,19.66,0.0,22.0
2008-07-01 14:30:00,23.32,19.55,0.0,22.0
2008-07-01 15:00:00,23.87,20.03,0.0,22.0
2008-07-01 15:30:00,24.01,20.84,0.0,22.5
2008-07-01 16:00:00,24.09,21.01,0.0,23.0
2008-07-01 16:30:00,23.29,20.47,0.0,22.95
2008-07-01 17:00:00,23.47,20.63,0.0,22.9
2008-07-01 17:30:00,23.55,20.62,0.0,22.45
2008-07-01 18:00:00,22.62,20.37,0.0,22.0
2008-07-01 18:30:00,23.11,20.15,0.0,22.0
2008-07-01 19:00:00,21.89,19.71,0.0,22.0
2008-07-01 19:30:00,20.43,19.38,0.0,21.0
2008-07-01 20:00:00,19.82,19.23,0.0,20.0
2008-07-01 20:30:00,19.14,18.72,0.0,19.5
2008-07-01 21:00:00,18.65,18.46,0.0,19.0
2008-07-01 21:30:00,18.61,18.58,0.0,18.5
2008-07-01 22:00:00,18.36,18.69,0.0,18.0
2008-07-01 22:30:00,18.07,17.96,0.0,17.8
2008-07-01 23:00:00,17.32,17.7,0.0,17.6
2008-07-01 23:30:00,17.31,18.41,0.0,17.3
2008-07-02 00:00:00,17.21,17.52,0.0,17.0
2008-07-02 00:30:00,16.81,17.4,0.0,17.0
2008-07-02 01:00:00,16.52,17.21,0.0,17.0
2008-07-02 01:30:00,16.29,16.88,0.0,16.5
2008-07-02 02:00:00,15.95,15.86,0.0,16.0
2008-07-02 02:30:00,15.32,15.36,0.0,16.0
2008-07-02 03:00:00,14.92,14.9,0.0,16.0
2008-07-02 03:30:00,14.49,14.55,0.0,15.0
2008-07-02 04:00:00,14.3,14.57,0.0,14.0
2008-07-02 04:30:00,14.32,14.84,0.0,14.25
2008-07-02 05:00:00,14.28,15.08,0.0,14.5
2008-07-02 05:30:00,15.15,15.99,0.0,14.25
2008-07-02 06:00:00,15.09,15.45,0.0,14.0
2008-07-02 06:30:00,15.61,15.9,0.0,15.0
2008-07-02 07:00:00,16.27,15.97,0.0,16.0
2008-07-02 07:30:00,17.74,16.68,0.0,16.5
2008-07-02 08:00:00,19.66,18.14,0.0,17.0
2008-07-02 08:30:00,21.13,19.21,0.0,18.0
2008-07-02 09:00:00,21.94,20.07,0.0,19.0
2008-07-02 09:30:00,22.96,20.83,0.0,19.5
2008-07-02 10:00:00,23.59,21.38,0.0,20.0
2008-07-02 10:30:00,23.75,21.61,0.0,20.4
2008-07-02 11:00:00,23.94,22.01,0.0,20.8
2008-07-02 11:30:00,25.76,22.92,0.0,20.9
2008-07-02 12:00:00,26.06,23.5,0.0,21.0
2008-07-02 12:30:00,26.53,23.79,0.0,21.5
2008-07-02 13:00:00,26.29,24.05,0.0,22.0
2008-07-02 13:30:00,27.1,24.41,0.0,22.0
2008-07-02 14:00:00,27.52,25.33,0.0,22.0
2008-07-02 14:30:00,28.57,25.21,0.0,22.5
2008-07-02 15:00:00,29.65,25.67,0.0,23.0
2008-07-02 15:30:00,29.19,26.01,0.0,23.5
2008-07-02 16:00:00,28.92,26.41,0.0,24.0
2008-07-02 16:30:00,27.11,26.06,0.0,23.35
2008-07-02 17:00:00,27.55,26.3,0.0,22.7
2008-07-02 17:30:00,26.36,25.1,0.0,21.85
2008-07-02 18:00:00,27.25,25.59,0.0,21.0
2008-07-02 18:30:00,27.04,25.5,0.0,21.0
2008-07-02 19:00:00,25.27,24.76,0.0,21.0
2008-07-02 19:30:00,23.42,23.05,0.0,21.0
2008-07-02 20:00:00,21.6,21.06,0.0,21.0
2008-07-02 20:30:00,20.93,20.75,0.0,20.5
2008-07-02 21:00:00,20.57,20.08,0.0,20.0
2008-07-02 21:30:00,19.24,18.79,0.0,20.0
2008-07-02 22:00:00,19.38,19.8,0.0,20.0
2008-07-02 22:30:00,20.18,20.51,0.0,20.28333333333333
2008-07-02 23:00:00,20.42,20.81,0.0,20.566666666666663
2008-07-02 23:30:00,20.75,21.18,0.0,20.78333333333333
2008-07-03 00:00:00,20.67,20.9,0.0,21.0
2008-07-03 00:30:00,19.4,19.4,0.0,20.5
2008-07-03 01:00:00,19.28,19.45,0.0,20.0
2008-07-03 01:30:00,19.52,19.83,0.0,20.0
2008-07-03 02:00:00,19.24,19.43,0.0,20.0
2008-07-03 02:30:00,18.77,19.66,0.0,19.0
2008-07-03 03:00:00,19.12,19.58,0.0,18.0
2008-07-03 03:30:00,16.54,16.61,0.0,17.0
2008-07-03 04:00:00,16.77,17.86,0.0,16.0
2008-07-03 04:30:00,17.27,17.64,0.0,16.525
2008-07-03 05:00:00,17.05,17.66,0.0,17.05
2008-07-03 05:30:00,18.01,18.64,0.0,17.025
2008-07-03 06:00:00,18.68,18.88,0.0,17.0
2008-07-03 06:30:00,18.93,19.26,0.0,17.5
2008-07-03 07:00:00,18.64,18.62,0.0,18.0
2008-07-03 07:30:00,18.21,17.49,0.0,18.25
2008-07-03 08:00:00,17.92,17.26,0.0,18.5
2008-07-03 08:30:00,17.26,16.61,0.0,18.25
2008-07-03 09:00:00,17.21,16.42,0.0,18.0
2008-07-03 09:30:00,17.45,16.26,0.0,18.0
2008-07-03 10:00:00,18.38,16.8,0.0,18.0
2008-07-03 10:30:00,18.51,16.73,0.0,18.2
2008-07-03 11:00:00,19.3,17.3,0.0,18.4
2008-07-03 11:30:00,19.53,17.72,0.0,19.2
2008-07-03 12:00:00,20.46,18.12,0.0,20.0
2008-07-03 12:30:00,20.43,18.49,0.0,20.0
2008-07-03 13:00:00,20.51,18.93,0.0,20.0
2008-07-03 13:30:00,20.88,18.84,0.0,20.5
2008-07-03 14:00:00,21.4,19.24,0.0,21.0
2008-07-03 14:30:00,22.84,20.34,0.0,21.5
2008-07-03 15:00:00,23.59,20.49,0.0,22.0
2008-07-03 15:30:00,23.6,20.62,0.0,22.0
2008-07-03 16:00:00,23.8,20.78,0.0,22.0
2008-07-03 16:30:00,22.84,20.32,0.0,21.6
2008-07-03 17:00:00,21.9,19.13,0.0,21.2
2008-07-03 17:30:00,21.1,18.68,0.0,20.6
2008-07-03 18:00:00,19.68,17.6,0.0,20.0
2008-07-03 18:30:00,18.67,16.97,0.0,19.5
2008-07-03 19:00:00,18.68,16.93,0.0,19.0
2008-07-03 19:30:00,17.88,16.67,0.0,18.5
2008-07-03 20:00:00,17.39,16.4,0.0,18.0
2008-07-03 20:30:00,16.85,16.1,0.0,17.5
2008-07-03 21:00:00,16.47,16.04,0.0,17.0
2008-07-03 21:30:00,16.57,16.17,0.0,16.5
2008-07-03 22:00:00,16.8,16.65,0.0,16.0
2008-07-03 22:30:00,17.43,17.23,0.0,16.3
2008-07-03 23:00:00,17.54,17.39,0.0,16.6
2008-07-03 23:30:00,17.58,17.37,0.0,16.8
2008-07-04 00:00:00,17.32,17.28,0.0,17.0
2008-07-04 00:30:00,17.18,17.23,0.0,18.0
2008-07-04 01:00:00,17.2,17.29,0.0,19.0
2008-07-04 01:30:00,17.14,17.24,0.0,18.0
2008-07-04 02:00:00,16.94,16.96,0.0,17.0
2008-07-04 02:30:00,16.51,16.59,0.0,16.5
2008-07-04 03:00:00,16.27,16.35,0.0,16.0
2008-07-04 03:30:00,15.59,15.5,0.0,15.5
2008-07-04 04:00:00,15.08,15.1,0.0,15.0
2008-07-04 04:30:00,15.12,15.06,0.0,14.95
2008-07-04 05:00:00,15.1,15.27,0.0,14.9
2008-07-04 05:30:00,15.15,15.2,0.0,14.95
2008-07-04 06:00:00,15.07,14.69,0.0,15.0
2008-07-04 06:30:00,15.16,14.57,0.0,15.0
2008-07-04 07:00:00,15.19,14.71,0.0,15.0
2008-07-04 07:30:00,15.06,14.44,0.0,15.0
2008-07-04 08:00:00,15.88,14.95,0.0,15.0
2008-07-04 08:30:00,15.53,15.01,0.0,15.5
2008-07-04 09:00:00,15.84,14.94,0.0,16.0
2008-07-04 09:30:00,16.51,15.5,0.0,16.0
2008-07-04 10:00:00,17.47,16.43,0.0,16.0
2008-07-04 10:30:00,18.24,16.7,0.0,16.55
2008-07-04 11:00:00,18.69,16.96,0.0,17.1
2008-07-04 11:30:00,19.6,17.42,0.0,18.05
2008-07-04 12:00:00,19.85,17.48,0.0,19.0
2008-07-04 12:30:00,18.59,16.86,0.0,19.5
2008-07-04 13:00:00,18.32,16.54,0.0,20.0
2008-07-04 13:30:00,18.61,17.02,0.0,20.0
2008-07-04 14:00:00,19.85,18.0,0.0,20.0
2008-07-04 14:30:00,20.75,18.73,0.0,20.5
2008-07-04 15:00:00,21.03,18.97,0.0,21.0
2008-07-04 15:30:00,22.57,19.9,0.0,21.5
2008-07-04 16:00:00,22.41,20.23,0.0,22.0
2008-07-04 16:30:00,22.66,20.33,0.0,22.25
2008-07-04 17:00:00,23.01,20.29,0.0,22.5
2008-07-04 17:30:00,22.57,20.3,0.0,22.25
2008-07-04 18:00:00,22.24,19.83,0.0,22.0
2008-07-04 18:30:00,20.9,19.65,0.0,21.5
2008-07-04 19:00:00,19.9,19.13,0.0,21.0
2008-07-04 19:30:00,19.59,19.0,0.0,20.5
2008-07-04 20:00:00,19.24,18.66,0.0,20.0
2008-07-04 20:30:00,18.74,18.38,0.0,19.5
2008-07-04 21:00:00,18.42,18.21,0.0,19.0
2008-07-04 21:30:00,18.3,18.08,0.0,18.5
2008-07-04 22:00:00,17.99,18.03,0.0,18.0
2008-07-04 22:30:00,17.39,18.1,0.0,17.55
2008-07-04 23:00:00,16.97,18.09,0.0,17.1
2008-07-04 23:30:00,17.03,17.65,0.0,17.05
2008-07-05 00:00:00,17.13,17.28,0.0,17.0
2008-07-05 00:30:00,17.21,17.24,0.0,17.5
2008-07-05 01:00:00,17.28,17.13,0.0,18.0
2008-07-05 01:30:00,17.25,17.19,0.0,17.5
2008-07-05 02:00:00,17.27,17.21,0.0,17.0
2008-07-05 02:30:00,17.08,17.39,0.0,17.0
2008-07-05 03:00:00,17.36,17.59,0.0,17.0
2008-07-05 03:30:00,17.5,17.54,0.0,17.0
2008-07-05 04:00:00,17.42,17.41,0.0,17.0
2008-07-05 04:30:00,17.34,17.36,0.0,17.375
2008-07-05 05:00:00,17.34,17.54,0.0,17.75
2008-07-05 05:30:00,17.38,17.47,0.0,17.375
2008-07-05 06:00:00,17.4,17.31,0.0,17.0
2008-07-05 06:30:00,17.31,17.17,0.0,17.333333333333336
2008-07-05 07:00:00,17.24,16.81,0.0,17.666666666666668
2008-07-05 07:30:00,16.99,16.17,0.0,17.833333333333336
2008-07-05 08:00:00,16.77,15.78,0.0,18.0
2008-07-05 08:30:00,16.86,15.96,0.0,17.75
2008-07-05 09:00:00,17.26,16.45,0.0,17.5
2008-07-05 09:30:00,17.56,16.87,0.0,17.5
2008-07-05 10:00:00,17.71,16.77,0.0,17.5
2008-07-05 10:30:00,17.74,17.04,0.0,17.65
2008-07-05 11:00:00,18.03,17.13,0.0,17.8
2008-07-05 11:30:00,18.11,17.19,0.0,17.9
2008-07-05 12:00:00,18.13,17.2,0.0,18.0
2008-07-05 12:30:00,17.67,17.36,0.0,18.0
2008-07-05 13:00:00,17.68,17.4,0.0,18.0
2008-07-05 13:30:00,18.23,17.29,0.0,18.0
2008-07-05 14:00:00,18.93,17.54,0.0,18.0
2008-07-05 14:30:00,18.55,17.67,0.0,18.0
2008-07-05 15:00:00,19.06,17.72,0.0,18.0
2008-07-05 15:30:00,19.84,17.86,0.0,18.5
2008-07-05 16:00:00,20.76,18.7,0.0,19.0
2008-07-05 16:30:00,20.6,18.8,0.0,20.15
2008-07-05 17:00:00,22.47,19.09,0.0,21.3
2008-07-05 17:30:00,22.55,19.43,0.0,21.65
2008-07-05 18:00:00,21.45,19.53,0.0,22.0
2008-07-05 18:30:00,20.19,19.45,0.0,21.5
2008-07-05 19:00:00,19.83,19.14,0.0,21.0
2008-07-05 19:30:00,19.24,18.9,0.0,20.5
2008-07-05 20:00:00,18.5,18.36,0.0,20.0
2008-07-05 20:30:00,17.82,17.69,0.0,19.0
2008-07-05 21:00:00,17.14,17.04,0.0,18.0
2008-07-05 21:30:00,16.75,16.6,0.0,17.5
2008-07-05 22:00:00,16.43,16.29,0.0,17.0
2008-07-05 22:30:00,16.22,16.16,0.0,16.95
2008-07-05 23:00:00,16.05,15.96,0.0,16.9
2008-07-05 23:30:00,15.91,15.8,0.0,16.45
2008-07-06 00:00:00,15.79,15.73,0.0,16.0
2008-07-06 00:30:00,15.74,15.68,0.0,16.0
2008-07-06 01:00:00,15.62,15.57,0.0,16.0
2008-07-06 01:30:00,15.61,15.58,0.0,16.0
2008-07-06 02:00:00,15.27,14.97,0.0,16.0
2008-07-06 02:30:00,14.85,14.52,0.0,16.0
2008-07-06 03:00:00,14.52,14.1,0.0,16.0
2008-07-06 03:30:00,14.0,13.64,0.0,15.5
2008-07-06 04:00:00,13.91,13.64,0.0,15.0
2008-07-06 04:30:00,13.87,13.61,0.0,14.6
2008-07-06 05:00:00,13.9,13.72,0.0,14.2
2008-07-06 05:30:00,13.97,13.81,0.0,14.1
2008-07-06 06:00:00,14.11,13.93,0.0,14.0
2008-07-06 06:30:00,14.48,14.06,0.0,14.0
2008-07-06 07:00:00,14.81,14.2,0.0,14.0
2008-07-06 07:30:00,15.26,14.4,0.0,14.5
2008-07-06 08:00:00,15.99,14.65,0.0,15.0
2008-07-06 08:30:00,16.34,15.03,0.0,15.5
2008-07-06 09:00:00,16.94,15.42,0.0,16.0
2008-07-06 09:30:00,17.81,15.96,0.0,17.0
2008-07-06 10:00:00,18.48,16.56,0.0,18.0
2008-07-06 10:30:00,17.55,16.5,0.0,18.1
2008-07-06 11:00:00,17.37,16.38,0.0,18.2
2008-07-06 11:30:00,18.24,16.79,0.0,18.1
2008-07-06 12:00:00,20.57,17.8,0.0,18.0
2008-07-06 12:30:00,20.77,18.35,0.0,19.0
2008-07-06 13:00:00,20.64,18.35,0.0,20.0
2008-07-06 13:30:00,22.06,18.74,0.0,20.0
2008-07-06 14:00:00,22.01,19.17,0.0,20.0
2008-07-06 14:30:00,22.05,19.38,0.0,20.0
2008-07-06 15:00:00,22.88,19.3,0.0,20.0
2008-07-06 15:30:00,21.76,19.37,0.0,20.0
2008-07-06 16:00:00,21.68,19.18,0.0,20.0
2008-07-06 16:30:00,21.23,19.25,0.0,19.9
2008-07-06 17:00:00,21.35,19.21,0.0,19.8
2008-07-06 17:30:00,21.29,19.26,0.0,19.9
2008-07-06 18:00:00,21.33,19.16,0.0,20.0
2008-07-06 18:30:00,20.67,18.94,0.0,19.5
2008-07-06 19:00:00,19.87,18.77,0.0,19.0
2008-07-06 19:30:00,19.01,18.61,0.0,19.0
2008-07-06 20:00:00,18.33,18.22,0.0,19.0
2008-07-06 20:30:00,17.58,17.78,0.0,18.5
2008-07-06 21:00:00,16.92,17.38,0.0,18.0
2008-07-06 21:30:00,16.2,16.99,0.0,18.0
2008-07-06 22:00:00,15.26,16.46,0.0,18.0
2008-07-06 22:30:00,14.96,16.63,0.0,16.5
2008-07-06 23:00:00,14.76,16.26,0.0,15.0
2008-07-06 23:30:00,14.75,15.49,0.0,15.0
2008-07-07 00:00:00,14.55,14.95,0.0,15.0
2008-07-07 00:30:00,13.95,14.79,0.0,14.0
2008-07-07 01:00:00,13.39,14.6,0.0,13.0
2008-07-07 01:30:00,12.87,14.55,0.0,13.5
2008-07-07 02:00:00,12.48,14.21,0.0,14.0
2008-07-07 02:30:00,12.21,14.21,0.0,13.0
2008-07-07 03:00:00,12.34,13.59,0.0,12.0
2008-07-07 03:30:00,12.22,13.42,0.0,12.0
2008-07-07 04:00:00,11.9,13.43,0.0,12.0
2008-07-07 04:30:00,11.88,13.31,0.0,11.85
2008-07-07 05:00:00,11.69,13.15,0.0,11.7
2008-07-07 05:30:00,12.16,13.53,0.0,11.85
2008-07-07 06:00:00,12.96,14.27,0.0,12.0
2008-07-07 06:30:00,14.07,14.31,0.0,13.0
2008-07-07 07:00:00,15.11,14.51,0.0,14.0
2008-07-07 07:30:00,16.14,14.69,0.0,14.5
2008-07-07 08:00:00,16.53,14.81,0.0,15.0
2008-07-07 08:30:00,17.45,15.64,0.0,16.0
2008-07-07 09:00:00,18.32,16.21,0.0,17.0
2008-07-07 09:30:00,19.05,16.81,0.0,17.5
2008-07-07 10:00:00,19.78,17.38,0.0,18.0
2008-07-07 10:30:00,20.94,18.13,0.0,18.4
2008-07-07 11:00:00,21.15,18.44,0.0,18.8
2008-07-07 11:30:00,22.47,18.9,0.0,18.9
2008-07-07 12:00:00,22.21,19.27,0.0,19.0
2008-07-07 12:30:00,22.25,19.61,0.0,19.5
2008-07-07 13:00:00,22.8,19.94,0.0,20.0
2008-07-07 13:30:00,22.79,20.24,0.0,20.0
2008-07-07 14:00:00,23.39,20.71,0.0,20.0
2008-07-07 14:30:00,23.09,20.68,0.0,20.0
2008-07-07 15:00:00,23.71,20.74,0.0,20.0
2008-07-07 15:30:00,24.01,20.88,0.0,20.5
2008-07-07 16:00:00,23.86,21.19,0.0,21.0
2008-07-07 16:30:00,23.43,21.14,0.0,21.55
2008-07-07 17:00:00,23.25,20.82,0.0,22.1
2008-07-07 17:30:00,23.18,21.0,0.0,21.55
2008-07-07 18:00:00,23.05,21.17,0.0,21.0
2008-07-07 18:30:00,22.93,20.96,0.0,21.5
2008-07-07 19:00:00,22.42,21.02,0.0,22.0
2008-07-07 19:30:00,21.29,20.84,0.0,22.0
2008-07-07 20:00:00,20.69,20.67,0.0,22.0
2008-07-07 20:30:00,19.97,19.96,0.0,21.5
2008-07-07 21:00:00,19.07,18.94,0.0,21.0
2008-07-07 21:30:00,17.9,18.14,0.0,20.0
2008-07-07 22:00:00,17.19,18.22,0.0,19.0
2008-07-07 22:30:00,16.86,17.24,0.0,17.5
2008-07-07 23:00:00,16.29,16.58,0.0,16.0
2008-07-07 23:30:00,15.66,16.64,0.0,15.5
2008-07-08 00:00:00,15.32,16.36,0.0,15.0
2008-07-08 00:30:00,15.12,15.57,0.0,14.5
2008-07-08 01:00:00,14.59,15.7,0.0,14.0
2008-07-08 01:30:00,14.15,15.77,0.0,14.0
2008-07-08 02:00:00,13.84,15.67,0.0,14.0
2008-07-08 02:30:00,13.67,15.47,0.0,13.5
2008-07-08 03:00:00,13.47,15.18,0.0,13.0
2008-07-08 03:30:00,13.77,14.91,0.0,12.5
2008-07-08 04:00:00,13.57,14.89,0.0,12.0
2008-07-08 04:30:00,13.61,14.9,0.0,12.35
2008-07-08 05:00:00,13.68,14.99,0.0,12.7
2008-07-08 05:30:00,14.11,15.13,0.0,12.85
2008-07-08 06:00:00,14.62,14.84,0.0,13.0
2008-07-08 06:30:00,14.95,14.86,0.0,14.0
2008-07-08 07:00:00,15.71,15.51,0.0,15.0
2008-07-08 07:30:00,17.23,16.29,0.0,16.0
2008-07-08 08:00:00,18.59,17.18,0.0,17.0
2008-07-08 08:30:00,20.3,18.38,0.0,18.0
2008-07-08 09:00:00,21.08,18.94,0.0,19.0
2008-07-08 09:30:00,21.73,19.33,0.0,20.0
2008-07-08 10:00:00,22.97,19.71,0.0,21.0
2008-07-08 10:30:00,23.5,20.48,0.0,21.2
2008-07-08 11:00:00,24.19,21.03,0.0,21.4
2008-07-08 11:30:00,24.82,21.54,0.0,22.2
2008-07-08 12:00:00,25.69,22.04,0.0,23.0
2008-07-08 12:30:00,25.18,22.54,0.0,23.5
2008-07-08 13:00:00,25.35,22.35,0.0,24.0
2008-07-08 13:30:00,26.37,22.66,0.0,24.5
2008-07-08 14:00:00,26.78,23.25,0.0,25.0
2008-07-08 14:30:00,26.73,23.48,0.0,25.0
2008-07-08 15:00:00,27.07,23.65,0.0,25.0
2008-07-08 15:30:00,28.16,23.95,0.0,25.0
2008-07-08 16:00:00,27.43,24.19,0.0,25.0
2008-07-08 16:30:00,26.84,24.49,0.0,25.15
2008-07-08 17:00:00,26.5,24.43,0.0,25.3
2008-07-08 17:30:00,26.47,24.34,0.0,24.15
2008-07-08 18:00:00,26.42,24.28,0.0,23.0
2008-07-08 18:30:00,26.16,24.12,0.0,22.5
2008-07-08 19:00:00,25.03,23.84,0.0,22.0
2008-07-08 19:30:00,23.69,23.49,0.0,21.5
2008-07-08 20:00:00,22.75,22.92,0.0,21.0
2008-07-08 20:30:00,21.63,21.82,0.0,20.0
2008-07-08 21:00:00,20.56,21.26,0.0,19.0
2008-07-08 21:30:00,20.12,21.23,0.0,18.5
2008-07-08 22:00:00,19.51,20.04,0.0,18.0
2008-07-08 22:30:00,18.6,18.8,0.0,18.3
2008-07-08 23:00:00,17.87,18.14,0.0,18.6
2008-07-08 23:30:00,17.35,17.75,0.0,18.3
2008-07-09 00:00:00,17.0,17.47,0.0,18.0
2008-07-09 00:30:00,16.58,16.75,0.0,17.0
2008-07-09 01:00:00,16.03,15.88,0.0,16.0
2008-07-09 01:30:00,15.58,15.49,0.0,15.5
2008-07-09 02:00:00,14.99,14.77,0.0,15.0
2008-07-09 02:30:00,14.62,14.61,0.0,14.5
2008-07-09 03:00:00,14.52,14.51,0.0,14.0
2008-07-09 03:30:00,14.27,14.32,0.0,14.0
2008-07-09 04:00:00,14.08,14.24,0.0,14.0
2008-07-09 04:30:00,13.83,13.96,0.0,14.4
2008-07-09 05:00:00,13.86,13.85,0.0,14.8
2008-07-09 05:30:00,14.43,14.29,0.0,14.65
2008-07-09 06:00:00,14.9,15.0,0.0,14.5
2008-07-09 06:30:00,15.73,15.69,0.0,15.5
2008-07-09 07:00:00,16.38,15.79,0.0,16.5
2008-07-09 07:30:00,17.16,16.07,0.0,16.75
2008-07-09 08:00:00,17.95,16.95,0.0,17.0
2008-07-09 08:30:00,18.44,17.4,0.0,17.5
2008-07-09 09:00:00,19.67,17.68,0.0,18.0
2008-07-09 09:30:00,20.84,18.39,0.0,18.5
2008-07-09 10:00:00,20.86,18.19,0.0,19.0
2008-07-09 10:30:00,21.23,18.57,0.0,19.05
2008-07-09 11:00:00,21.69,19.35,0.0,19.1
2008-07-09 11:30:00,22.46,19.93,0.0,19.55
2008-07-09 12:00:00,22.79,20.26,0.0,20.0
2008-07-09 12:30:00,23.42,20.89,0.0,20.5
2008-07-09 13:00:00,24.01,21.64,0.0,21.0
2008-07-09 13:30:00,24.81,21.9,0.0,21.0
2008-07-09 14:00:00,24.86,22.1,0.0,21.0
2008-07-09 14:30:00,24.44,21.63,0.0,21.0
2008-07-09 15:00:00,24.64,21.64,0.0,21.0
2008-07-09 15:30:00,24.65,21.52,0.0,21.5
2008-07-09 16:00:00,24.32,21.51,0.0,22.0
2008-07-09 16:30:00,23.05,21.14,0.0,21.9
2008-07-09 17:00:00,22.67,21.26,0.0,21.8
2008-07-09 17:30:00,22.79,21.32,0.0,21.4
2008-07-09 18:00:00,23.56,21.67,0.0,21.0
2008-07-09 18:30:00,23.66,21.89,0.0,21.5
2008-07-09 19:00:00,22.75,21.59,0.0,22.0
2008-07-09 19:30:00,21.65,21.36,0.0,21.5
2008-07-09 20:00:00,20.94,21.04,0.0,21.0
2008-07-09 20:30:00,20.5,20.57,0.0,21.0
2008-07-09 21:00:00,19.26,19.02,0.0,21.0
2008-07-09 21:30:00,18.19,17.99,0.0,20.5
2008-07-09 22:00:00,17.35,17.25,0.0,20.0
2008-07-09 22:30:00,16.59,16.63,0.0,19.15
2008-07-09 23:00:00,16.18,16.34,0.0,18.3
2008-07-09 23:30:00,15.68,16.02,0.0,18.15
2008-07-10 00:00:00,15.37,16.25,0.0,18.0
2008-07-10 00:30:00,15.25,16.15,0.0,18.0
2008-07-10 01:00:00,14.88,16.05,0.0,18.0
2008-07-10 01:30:00,15.42,16.41,0.0,17.5
2008-07-10 02:00:00,16.04,16.25,0.0,17.0
2008-07-10 02:30:00,15.85,15.99,0.0,16.5
2008-07-10 03:00:00,15.59,15.78,0.0,16.0
2008-07-10 03:30:00,15.22,15.4,0.0,16.0
2008-07-10 04:00:00,14.81,15.0,0.0,16.0
2008-07-10 04:30:00,14.61,14.83,0.0,15.55
2008-07-10 05:00:00,14.52,14.69,0.0,15.1
2008-07-10 05:30:00,14.43,14.61,0.0,15.05
2008-07-10 06:00:00,14.58,14.61,0.0,15.0
2008-07-10 06:30:00,14.86,14.6,0.0,15.0
2008-07-10 07:00:00,14.68,14.43,0.0,15.0
2008-07-10 07:30:00,15.81,14.52,0.0,15.5
2008-07-10 08:00:00,16.26,14.93,0.0,16.0
2008-07-10 08:30:00,16.48,14.93,0.0,16.5
2008-07-10 09:00:00,16.37,15.0,0.0,17.0
2008-07-10 09:30:00,17.0,15.24,0.0,16.5
2008-07-10 10:00:00,17.69,15.73,0.0,16.0
2008-07-10 10:30:00,18.13,16.24,0.0,16.5
2008-07-10 11:00:00,18.73,16.74,0.0,17.0
2008-07-10 11:30:00,18.55,16.56,0.0,17.5
2008-07-10 12:00:00,19.26,17.13,0.0,18.0
2008-07-10 12:30:00,19.49,17.3,0.0,19.0
2008-07-10 13:00:00,19.42,17.0,0.0,20.0
2008-07-10 13:30:00,19.68,17.2,0.0,19.5
2008-07-10 14:00:00,20.05,17.49,0.0,19.0
2008-07-10 14:30:00,20.31,17.63,0.0,19.0
2008-07-10 15:00:00,20.02,17.55,0.0,19.0
2008-07-10 15:30:00,19.98,17.45,0.0,19.0
2008-07-10 16:00:00,19.84,17.79,0.0,19.0
2008-07-10 16:30:00,19.5,17.76,0.0,19.0
2008-07-10 17:00:00,19.88,18.13,0.0,19.0
2008-07-10 17:30:00,19.84,17.97,0.0,19.0
2008-07-10 18:00:00,20.47,18.65,0.0,19.0
2008-07-10 18:30:00,20.62,19.03,0.0,18.5
2008-07-10 19:00:00,20.19,19.14,0.0,18.0
2008-07-10 19:30:00,18.74,18.14,0.0,18.0
2008-07-10 20:00:00,17.4,17.24,0.0,18.0
2008-07-10 20:30:00,16.88,16.85,0.0,17.5
2008-07-10 21:00:00,16.44,16.51,0.0,17.0
2008-07-10 21:30:00,16.04,16.2,0.0,17.0
2008-07-10 22:00:00,15.26,15.8,0.0,17.0
2008-07-10 22:30:00,15.05,15.64,0.0,16.95
2008-07-10 23:00:00,14.56,14.66,0.0,16.9
2008-07-10 23:30:00,13.97,14.28,0.0,15.95
2008-07-11 00:00:00,13.47,14.09,0.0,15.0
2008-07-11 00:30:00,12.83,14.2,0.0,14.5
2008-07-11 01:00:00,12.54,14.3,0.0,14.0
2008-07-11 01:30:00,12.47,13.96,0.0,13.0
2008-07-11 02:00:00,12.19,13.72,0.0,12.0
2008-07-11 02:30:00,11.65,13.51,0.0,12.5
2008-07-11 03:00:00,11.33,13.44,0.0,13.0
2008-07-11 03:30:00,11.25,13.52,0.0,13.0
2008-07-11 04:00:00,11.18,13.13,0.0,13.0
2008-07-11 04:30:00,10.89,13.35,0.0,12.35
2008-07-11 05:00:00,10.63,13.29,0.0,11.7
2008-07-11 05:30:00,10.86,13.35,0.0,11.85
2008-07-11 06:00:00,11.49,14.03,0.0,12.0
2008-07-11 06:30:00,13.02,15.32,0.0,13.0
2008-07-11 07:00:00,14.19,15.01,0.0,14.0
2008-07-11 07:30:00,16.4,15.7,0.0,15.0
2008-07-11 08:00:00,17.28,16.05,0.0,16.0
2008-07-11 08:30:00,18.57,16.27,0.0,17.0
2008-07-11 09:00:00,19.08,17.15,0.0,18.0
2008-07-11 09:30:00,19.64,17.5,0.0,18.0
2008-07-11 10:00:00,20.82,18.11,0.0,18.0
2008-07-11 10:30:00,21.35,19.19,0.0,18.2
2008-07-11 11:00:00,22.05,19.28,0.0,18.4
2008-07-11 11:30:00,21.72,18.91,0.0,18.7
2008-07-11 12:00:00,22.19,19.4,0.0,19.0
2008-07-11 12:30:00,21.85,19.36,0.0,18.5
2008-07-11 13:00:00,22.94,20.32,0.0,18.0
2008-07-11 13:30:00,23.61,20.66,0.0,19.0
2008-07-11 14:00:00,24.17,21.29,0.0,20.0
2008-07-11 14:30:00,24.34,21.83,0.0,20.0
2008-07-11 15:00:00,24.48,21.87,0.0,20.0
2008-07-11 15:30:00,25.31,22.48,0.0,20.5
2008-07-11 16:00:00,25.5,23.05,0.0,21.0
2008-07-11 16:30:00,25.39,23.06,0.0,20.7
2008-07-11 17:00:00,24.43,22.3,0.0,20.4
2008-07-11 17:30:00,24.07,22.25,0.0,20.2
2008-07-11 18:00:00,24.62,22.7,0.0,20.0
2008-07-11 18:30:00,24.16,23.03,0.0,20.5
2008-07-11 19:00:00,22.81,21.97,0.0,21.0
2008-07-11 19:30:00,21.5,21.5,0.0,20.0
2008-07-11 20:00:00,20.63,20.92,0.0,19.0
2008-07-11 20:30:00,19.69,20.05,0.0,18.5
2008-07-11 21:00:00,18.76,19.58,0.0,18.0
2008-07-11 21:30:00,18.24,19.57,0.0,17.5
2008-07-11 22:00:00,18.18,19.36,0.0,17.0
2008-07-11 22:30:00,17.6,19.31,0.0,17.05
2008-07-11 23:00:00,16.65,19.35,0.0,17.1
2008-07-11 23:30:00,16.37,18.52,0.0,17.05
2008-07-12 00:00:00,15.69,18.13,0.0,17.0
2008-07-12 00:30:00,15.33,17.9,0.0,16.5
2008-07-12 01:00:00,15.18,17.16,0.0,16.0
2008-07-12 01:30:00,14.61,17.37,0.0,15.0
2008-07-12 02:00:00,14.18,17.57,0.0,14.0
2008-07-12 02:30:00,14.47,17.28,0.0,14.5
2008-07-12 03:00:00,14.44,16.78,0.0,15.0
2008-07-12 03:30:00,14.01,16.91,0.0,14.5
2008-07-12 04:00:00,13.92,16.42,0.0,14.0
2008-07-12 04:30:00,13.9,16.05,0.0,13.8
2008-07-12 05:00:00,13.92,15.96,0.0,13.6
2008-07-12 05:30:00,14.26,16.0,0.0,14.3
2008-07-12 06:00:00,14.68,16.68,0.0,15.0
2008-07-12 06:30:00,15.73,17.57,0.0,16.0
2008-07-12 07:00:00,17.34,18.15,0.0,17.0
2008-07-12 07:30:00,19.37,19.3,0.0,18.0
2008-07-12 08:00:00,20.61,19.32,0.0,19.0
2008-07-12 08:30:00,21.2,19.6,0.0,19.5
2008-07-12 09:00:00,21.59,19.73,0.0,20.0
2008-07-12 09:30:00,22.52,20.58,0.0,20.5
2008-07-12 10:00:00,23.4,21.3,0.0,21.0
2008-07-12 10:30:00,24.04,21.47,0.0,20.9
2008-07-12 11:00:00,24.31,21.77,0.0,20.8
2008-07-12 11:30:00,25.38,22.43,0.0,20.9
2008-07-12 12:00:00,25.1,22.36,0.0,21.0
2008-07-12 12:30:00,25.22,22.62,0.0,21.0
2008-07-12 13:00:00,26.07,23.22,0.0,21.0
2008-07-12 13:30:00,26.78,24.06,0.0,21.5
2008-07-12 14:00:00,27.0,24.17,0.0,22.0
2008-07-12 14:30:00,26.94,24.5,0.0,22.0
2008-07-12 15:00:00,27.21,24.27,0.0,22.0
2008-07-12 15:30:00,27.1,24.67,0.0,22.5
2008-07-12 16:00:00,26.73,23.95,0.0,23.0
2008-07-12 16:30:00,26.77,24.41,0.0,23.75
2008-07-12 17:00:00,26.95,25.03,0.0,24.5
2008-07-12 17:30:00,27.52,25.25,0.0,24.75
2008-07-12 18:00:00,27.37,25.57,0.0,25.0
2008-07-12 18:30:00,27.51,25.7,0.0,24.5
2008-07-12 19:00:00,26.84,25.41,0.0,24.0
2008-07-12 19:30:00,25.3,25.07,0.0,24.0
2008-07-12 20:00:00,24.47,24.57,0.0,24.0
2008-07-12 20:30:00,23.09,23.56,0.0,24.0
2008-07-12 21:00:00,22.08,23.38,0.0,24.0
2008-07-12 21:30:00,21.46,22.94,0.0,22.0
2008-07-12 22:00:00,20.54,22.26,0.0,20.0
2008-07-12 22:30:00,20.4,21.71,0.0,20.05
2008-07-12 23:00:00,20.41,21.26,0.0,20.1
2008-07-12 23:30:00,20.05,20.82,0.0,20.55
2008-07-13 00:00:00,19.18,20.13,0.0,21.0
2008-07-13 00:30:00,18.16,19.04,0.0,20.0
2008-07-13 01:00:00,17.17,19.4,0.0,19.0
2008-07-13 01:30:00,16.74,18.89,0.0,17.5
2008-07-13 02:00:00,16.48,18.01,0.0,16.0
2008-07-13 02:30:00,15.68,17.93,0.0,16.0
2008-07-13 03:00:00,15.46,17.66,0.0,16.0
2008-07-13 03:30:00,15.19,16.99,0.0,15.5
2008-07-13 04:00:00,14.43,16.8,0.0,15.0
2008-07-13 04:30:00,13.96,16.63,0.0,14.9
2008-07-13 05:00:00,14.1,16.57,0.0,14.8
2008-07-13 05:30:00,14.15,17.25,0.0,14.9
2008-07-13 06:00:00,15.01,17.42,0.0,15.0
2008-07-13 06:30:00,16.52,17.17,0.0,16.5
2008-07-13 07:00:00,17.18,16.93,0.0,18.0
2008-07-13 07:30:00,18.45,17.32,0.0,18.0
2008-07-13 08:00:00,19.3,17.56,0.0,18.0
2008-07-13 08:30:00,19.92,17.96,0.0,18.5
2008-07-13 09:00:00,20.75,18.48,0.0,19.0
2008-07-13 09:30:00,21.66,18.85,0.0,20.0
2008-07-13 10:00:00,22.07,19.37,0.0,21.0
2008-07-13 10:30:00,22.51,19.8,0.0,21.05
2008-07-13 11:00:00,23.63,20.34,0.0,21.1
2008-07-13 11:30:00,24.12,21.0,0.0,21.05
2008-07-13 12:00:00,25.4,21.59,0.0,21.0
2008-07-13 12:30:00,26.29,21.9,0.0,21.0
2008-07-13 13:00:00,25.71,22.46,0.0,21.0
2008-07-13 13:30:00,25.84,23.18,0.0,22.0
2008-07-13 14:00:00,26.16,23.35,0.0,23.0
2008-07-13 14:30:00,26.34,23.21,0.0,23.0
2008-07-13 15:00:00,26.31,23.55,0.0,23.0
2008-07-13 15:30:00,26.35,23.68,0.0,23.0
2008-07-13 16:00:00,26.81,24.2,0.0,23.0
2008-07-13 16:30:00,26.45,24.09,0.0,23.15
2008-07-13 17:00:00,26.24,24.04,0.0,23.3
2008-07-13 17:30:00,26.6,24.14,0.0,23.65
2008-07-13 18:00:00,26.18,23.88,0.0,24.0
2008-07-13 18:30:00,25.39,23.45,0.0,23.5
2008-07-13 19:00:00,24.61,23.19,0.0,23.0
2008-07-13 19:30:00,23.32,23.02,0.0,22.0
2008-07-13 20:00:00,22.45,22.27,0.0,21.0
2008-07-13 20:30:00,20.87,20.5,0.0,21.0
2008-07-13 21:00:00,19.72,19.37,0.0,21.0
2008-07-13 21:30:00,18.7,18.53,0.0,20.0
2008-07-13 22:00:00,18.03,17.77,0.0,19.0
2008-07-13 22:30:00,17.43,17.25,0.0,19.1
2008-07-13 23:00:00,16.73,16.4,0.0,19.2
2008-07-13 23:30:00,16.07,15.83,0.0,17.1
2008-07-14 00:00:00,15.53,15.26,0.0,15.0
2008-07-14 00:30:00,15.01,14.85,0.0,14.5
2008-07-14 01:00:00,14.82,14.63,0.0,14.0
2008-07-14 01:30:00,14.59,14.33,0.0,14.0
2008-07-14 02:00:00,14.35,14.11,0.0,14.0
2008-07-14 02:30:00,14.31,14.08,0.0,14.0
2008-07-14 03:00:00,14.23,14.1,0.0,14.0
2008-07-14 03:30:00,14.17,14.08,0.0,14.0
2008-07-14 04:00:00,13.96,14.16,0.0,14.0
2008-07-14 04:30:00,13.43,14.1,0.0,13.75
2008-07-14 05:00:00,13.63,14.09,0.0,13.5
2008-07-14 05:30:00,13.88,14.31,0.0,13.75
2008-07-14 06:00:00,14.19,14.49,0.0,14.0
2008-07-14 06:30:00,14.79,14.75,0.0,14.5
2008-07-14 07:00:00,15.3,15.23,0.0,15.0
2008-07-14 07:30:00,16.68,15.52,0.0,15.5
2008-07-14 08:00:00,17.51,15.68,0.0,16.0
2008-07-14 08:30:00,17.95,16.38,0.0,17.0
2008-07-14 09:00:00,18.99,16.75,0.0,18.0
2008-07-14 09:30:00,19.58,17.2,0.0,18.5
2008-07-14 10:00:00,21.05,17.98,0.0,19.0
2008-07-14 10:30:00,21.25,18.57,0.0,19.6
2008-07-14 11:00:00,21.04,18.74,0.0,20.2
2008-07-14 11:30:00,22.67,19.49,0.0,21.1
2008-07-14 12:00:00,23.43,20.09,0.0,22.0
2008-07-14 12:30:00,23.91,21.01,0.0,21.5
2008-07-14 13:00:00,25.06,21.91,0.0,21.0
2008-07-14 13:30:00,24.83,21.75,0.0,21.0
2008-07-14 14:00:00,25.35,22.27,0.0,21.0
2008-07-14 14:30:00,25.74,22.68,0.0,22.0
2008-07-14 15:00:00,24.76,22.66,0.0,23.0
2008-07-14 15:30:00,23.04,21.71,0.0,22.0
2008-07-14 16:00:00,23.69,21.0,0.0,21.0
2008-07-14 16:30:00,22.82,20.68,0.0,21.55
2008-07-14 17:00:00,23.32,20.82,0.0,22.1
2008-07-14 17:30:00,24.07,21.53,0.0,22.55
2008-07-14 18:00:00,24.17,21.97,0.0,23.0
2008-07-14 18:30:00,23.88,22.17,0.0,22.0
2008-07-14 19:00:00,23.33,21.47,0.0,21.0
2008-07-14 19:30:00,21.74,20.89,0.0,21.0
2008-07-14 20:00:00,20.25,19.97,0.0,21.0
2008-07-14 20:30:00,19.32,19.53,0.0,19.5
2008-07-14 21:00:00,18.62,19.06,0.0,18.0
2008-07-14 21:30:00,18.02,18.33,0.0,17.0
2008-07-14 22:00:00,17.59,18.39,0.0,16.0
2008-07-14 22:30:00,17.44,18.24,0.0,16.3
2008-07-14 23:00:00,17.5,17.89,0.0,16.6
2008-07-14 23:30:00,17.65,17.77,0.0,16.8
2008-07-15 00:00:00,16.65,16.4,0.0,17.0
2008-07-15 00:30:00,15.89,15.85,0.0,17.0
2008-07-15 01:00:00,15.33,15.41,0.0,17.0
2008-07-15 01:30:00,14.84,14.99,0.0,16.5
2008-07-15 02:00:00,14.45,14.64,0.0,16.0
2008-07-15 02:30:00,14.03,14.27,0.0,14.5
2008-07-15 03:00:00,13.55,13.81,0.0,13.0
2008-07-15 03:30:00,13.5,13.63,0.0,13.0
2008-07-15 04:00:00,13.35,13.51,0.0,13.0
2008-07-15 04:30:00,13.08,13.48,0.0,13.3
2008-07-15 05:00:00,12.96,13.37,0.0,13.6
2008-07-15 05:30:00,13.44,13.59,0.0,13.3
2008-07-15 06:00:00,14.08,13.91,0.0,13.0
2008-07-15 06:30:00,14.14,14.07,0.0,14.0
2008-07-15 07:00:00,14.77,14.7,0.0,15.0
2008-07-15 07:30:00,16.47,15.61,0.0,15.5
2008-07-15 08:00:00,16.56,15.41,0.0,16.0
2008-07-15 08:30:00,18.35,16.03,0.0,16.5
2008-07-15 09:00:00,19.03,16.6,0.0,17.0
2008-07-15 09:30:00,20.28,16.96,0.0,18.0
2008-07-15 10:00:00,20.53,17.68,0.0,19.0
2008-07-15 10:30:00,21.85,18.37,0.0,19.75
2008-07-15 11:00:00,22.0,19.2,0.0,20.5
2008-07-15 11:30:00,22.65,19.89,0.0,20.75
2008-07-15 12:00:00,23.75,20.59,0.0,21.0
2008-07-15 12:30:00,24.57,21.27,0.0,21.0
2008-07-15 13:00:00,25.02,21.99,0.0,21.0
2008-07-15 13:30:00,24.93,22.03,0.0,21.0
2008-07-15 14:00:00,25.17,22.39,0.0,21.0
2008-07-15 14:30:00,25.24,22.06,0.0,21.0
2008-07-15 15:00:00,25.43,22.42,0.0,21.0
2008-07-15 15:30:00,25.34,22.89,0.0,21.5
2008-07-15 16:00:00,25.35,22.69,0.0,22.0
2008-07-15 16:30:00,25.37,22.73,0.0,22.1
2008-07-15 17:00:00,24.85,22.85,0.0,22.2
2008-07-15 17:30:00,24.82,22.71,0.0,22.1
2008-07-15 18:00:00,24.71,22.43,0.0,22.0
2008-07-15 18:30:00,24.45,22.44,0.0,22.0
2008-07-15 19:00:00,23.71,22.39,0.0,22.0
2008-07-15 19:30:00,22.36,22.12,0.0,21.5
2008-07-15 20:00:00,21.71,22.01,0.0,21.0
2008-07-15 20:30:00,21.23,21.37,0.0,20.0
2008-07-15 21:00:00,20.4,20.52,0.0,19.0
2008-07-15 21:30:00,19.78,20.13,0.0,18.5
2008-07-15 22:00:00,19.25,19.83,0.0,18.0
2008-07-15 22:30:00,18.69,19.31,0.0,18.6
2008-07-15 23:00:00,18.13,19.1,0.0,19.2
2008-07-15 23:30:00,18.01,18.68,0.0,19.1
2008-07-16 00:00:00,17.58,18.19,0.0,19.0
2008-07-16 00:30:00,16.42,17.74,0.0,18.5
2008-07-16 01:00:00,15.63,17.07,0.0,18.0
2008-07-16 01:30:00,15.4,16.05,0.0,17.5
2008-07-16 02:00:00,14.86,15.65,0.0,17.0
2008-07-16 02:30:00,14.23,15.41,0.0,16.0
2008-07-16 03:00:00,14.37,15.15,0.0,15.0
2008-07-16 03:30:00,14.14,15.06,0.0,14.5
2008-07-16 04:00:00,13.95,14.78,0.0,14.0
2008-07-16 04:30:00,13.74,14.54,0.0,13.85
2008-07-16 05:00:00,13.93,14.37,0.0,13.7
2008-07-16 05:30:00,14.26,14.47,0.0,13.35
2008-07-16 06:00:00,14.68,14.77,0.0,13.0
2008-07-16 06:30:00,15.29,15.34,0.0,14.5
2008-07-16 07:00:00,15.79,15.57,0.0,16.0
2008-07-16 07:30:00,16.98,15.57,0.0,16.5
2008-07-16 08:00:00,17.67,15.87,0.0,17.0
2008-07-16 08:30:00,18.49,16.49,0.0,17.5
2008-07-16 09:00:00,19.28,17.06,0.0,18.0
2008-07-16 09:30:00,20.25,17.61,0.0,18.5
2008-07-16 10:00:00,20.88,18.26,0.0,19.0
2008-07-16 10:30:00,21.84,18.85,0.0,19.7
2008-07-16 11:00:00,22.26,19.19,0.0,20.4
2008-07-16 11:30:00,23.1,19.68,0.0,20.2
2008-07-16 12:00:00,23.93,19.98,0.0,20.0
2008-07-16 12:30:00,24.64,20.27,0.0,20.5
2008-07-16 13:00:00,24.05,20.91,0.0,21.0
2008-07-16 13:30:00,24.05,21.22,0.0,21.5
2008-07-16 14:00:00,24.14,21.3,0.0,22.0
2008-07-16 14:30:00,24.63,21.54,0.0,22.0
2008-07-16 15:00:00,25.0,22.35,0.0,22.0
2008-07-16 15:30:00,25.14,22.6,0.0,22.5
2008-07-16 16:00:00,25.44,22.66,0.0,23.0
2008-07-16 16:30:00,25.16,22.69,0.0,23.35
2008-07-16 17:00:00,25.13,22.97,0.0,23.7
2008-07-16 17:30:00,25.33,22.87,0.0,23.85
2008-07-16 18:00:00,24.98,22.15,0.0,24.0
2008-07-16 18:30:00,24.58,22.03,0.0,23.5
2008-07-16 19:00:00,23.78,21.82,0.0,23.0
2008-07-16 19:30:00,21.85,21.08,0.0,23.0
2008-07-16 20:00:00,20.79,20.3,0.0,23.0
2008-07-16 20:30:00,19.7,19.5,0.0,21.0
2008-07-16 21:00:00,18.97,19.24,0.0,19.0
2008-07-16 21:30:00,18.46,19.42,0.0,18.5
2008-07-16 22:00:00,17.96,19.52,0.0,18.0
2008-07-16 22:30:00,17.24,19.16,0.0,18.05
2008-07-16 23:00:00,16.97,18.92,0.0,18.1
2008-07-16 23:30:00,16.81,18.37,0.0,18.05
2008-07-17 00:00:00,16.36,17.86,0.0,18.0
2008-07-17 00:30:00,15.95,17.17,0.0,17.5
2008-07-17 01:00:00,15.61,16.74,0.0,17.0
2008-07-17 01:30:00,15.14,16.07,0.0,16.0
2008-07-17 02:00:00,14.56,14.96,0.0,15.0
2008-07-17 02:30:00,14.06,14.38,0.0,15.0
2008-07-17 03:00:00,13.77,14.03,0.0,15.0
2008-07-17 03:30:00,13.39,13.61,0.0,14.5
2008-07-17 04:00:00,13.04,13.19,0.0,14.0
2008-07-17 04:30:00,12.75,12.9,0.0,13.75
2008-07-17 05:00:00,12.57,12.64,0.0,13.5
2008-07-17 05:30:00,12.67,12.63,0.0,13.25
2008-07-17 06:00:00,12.95,12.85,0.0,13.0
2008-07-17 06:30:00,13.48,13.19,0.0,13.5
2008-07-17 07:00:00,14.25,13.94,0.0,14.0
2008-07-17 07:30:00,15.45,14.38,0.0,14.5
2008-07-17 08:00:00,16.22,14.78,0.0,15.0
2008-07-17 08:30:00,16.97,15.24,0.0,16.0
2008-07-17 09:00:00,17.82,15.77,0.0,17.0
2008-07-17 09:30:00,18.95,16.15,0.0,17.5
2008-07-17 10:00:00,19.57,16.52,0.0,18.0
2008-07-17 10:30:00,19.95,16.85,0.0,18.45
2008-07-17 11:00:00,20.49,17.58,0.0,18.9
2008-07-17 11:30:00,21.27,17.76,0.0,19.45
2008-07-17 12:00:00,21.48,18.24,0.0,20.0
2008-07-17 12:30:00,22.55,18.93,0.0,20.5
2008-07-17 13:00:00,21.91,19.12,0.0,21.0
2008-07-17 13:30:00,21.94,19.22,0.0,20.5
2008-07-17 14:00:00,22.24,19.6,0.0,20.0
2008-07-17 14:30:00,22.71,19.48,0.0,20.0
2008-07-17 15:00:00,22.34,19.55,0.0,20.0
2008-07-17 15:30:00,22.27,19.59,0.0,20.0
2008-07-17 16:00:00,22.07,19.6,0.0,20.0
2008-07-17 16:30:00,22.85,19.76,0.0,20.6
2008-07-17 17:00:00,22.0,19.65,0.0,21.2
2008-07-17 17:30:00,22.08,19.62,0.0,20.6
2008-07-17 18:00:00,22.01,19.39,0.0,20.0
2008-07-17 18:30:00,21.94,19.32,0.0,20.5
2008-07-17 19:00:00,21.26,19.24,0.0,21.0
2008-07-17 19:30:00,19.73,18.83,0.0,20.5
2008-07-17 20:00:00,18.95,18.43,0.0,20.0
2008-07-17 20:30:00,18.13,17.74,0.0,19.5
2008-07-17 21:00:00,17.3,17.12,0.0,19.0
2008-07-17 21:30:00,16.74,16.6,0.0,18.5
2008-07-17 22:00:00,16.27,16.17,0.0,18.0
2008-07-17 22:30:00,15.93,15.98,0.0,17.45
2008-07-17 23:00:00,15.69,15.7,0.0,16.9
2008-07-17 23:30:00,15.26,15.32,0.0,16.45
2008-07-18 00:00:00,14.85,14.91,0.0,16.0
2008-07-18 00:30:00,14.47,14.35,0.0,15.5
2008-07-18 01:00:00,13.93,13.85,0.0,15.0
2008-07-18 01:30:00,13.6,13.5,0.0,14.5
2008-07-18 02:00:00,13.33,13.11,0.0,14.0
2008-07-18 02:30:00,13.08,12.89,0.0,13.5
2008-07-18 03:00:00,12.95,12.76,0.0,13.0
2008-07-18 03:30:00,12.87,12.8,0.0,13.0
2008-07-18 04:00:00,12.81,12.8,0.0,13.0
2008-07-18 04:30:00,12.67,12.71,0.0,12.8
2008-07-18 05:00:00,12.54,12.65,0.0,12.6
2008-07-18 05:30:00,12.86,12.76,0.0,12.8
2008-07-18 06:00:00,13.18,12.99,0.0,13.0
2008-07-18 06:30:00,14.05,13.53,0.0,13.5
2008-07-18 07:00:00,14.49,13.79,0.0,14.0
2008-07-18 07:30:00,15.5,13.94,0.0,14.5
2008-07-18 08:00:00,17.02,14.2,0.0,15.0
2008-07-18 08:30:00,16.59,14.55,0.0,15.0
2008-07-18 09:00:00,16.36,14.86,0.0,15.0
2008-07-18 09:30:00,17.75,15.1,0.0,15.5
2008-07-18 10:00:00,18.82,15.8,0.0,16.0
2008-07-18 10:30:00,18.41,15.67,0.0,16.85
2008-07-18 11:00:00,18.71,15.67,0.0,17.7
2008-07-18 11:30:00,19.08,16.06,0.0,18.35
2008-07-18 12:00:00,20.55,16.37,0.0,19.0
2008-07-18 12:30:00,20.2,16.78,0.0,19.0
2008-07-18 13:00:00,20.89,17.14,0.0,19.0
2008-07-18 13:30:00,19.5,17.19,0.0,19.0
2008-07-18 14:00:00,19.64,17.3,0.0,19.0
2008-07-18 14:30:00,19.68,17.71,0.0,20.0
2008-07-18 15:00:00,20.55,18.07,0.0,21.0
2008-07-18 15:30:00,22.02,18.54,0.0,21.0
2008-07-18 16:00:00,21.29,18.7,0.0,21.0
2008-07-18 16:30:00,22.2,18.83,0.0,20.8
2008-07-18 17:00:00,21.45,18.97,0.0,20.6
2008-07-18 17:30:00,21.56,19.3,0.0,20.3
2008-07-18 18:00:00,21.18,19.05,0.0,20.0
2008-07-18 18:30:00,20.68,18.8,0.0,20.0
2008-07-18 19:00:00,19.73,18.48,0.0,20.0
2008-07-18 19:30:00,18.67,18.14,0.0,19.5
2008-07-18 20:00:00,18.01,17.77,0.0,19.0
2008-07-18 20:30:00,17.45,17.3,0.0,18.5
2008-07-18 21:00:00,16.86,16.91,0.0,18.0
2008-07-18 21:30:00,16.26,16.67,0.0,17.5
2008-07-18 22:00:00,15.69,16.36,0.0,17.0
2008-07-18 22:30:00,15.48,16.13,0.0,16.5
2008-07-18 23:00:00,15.18,15.83,0.0,16.0
2008-07-18 23:30:00,14.74,15.57,0.0,15.5
2008-07-19 00:00:00,14.11,15.29,0.0,15.0
2008-07-19 00:30:00,13.78,15.19,0.0,14.5
2008-07-19 01:00:00,13.45,15.21,0.0,14.0
2008-07-19 01:30:00,13.15,15.12,0.0,14.0
2008-07-19 02:00:00,12.84,15.07,0.0,14.0
2008-07-19 02:30:00,12.88,14.78,0.0,14.0
2008-07-19 03:00:00,12.61,14.69,0.0,14.0
2008-07-19 03:30:00,12.2,14.36,0.0,13.5
2008-07-19 04:00:00,11.82,14.09,0.0,13.0
2008-07-19 04:30:00,12.0,13.66,0.0,12.95
2008-07-19 05:00:00,11.98,13.26,0.0,12.9
2008-07-19 05:30:00,12.07,13.35,0.0,12.45
2008-07-19 06:00:00,12.88,13.84,0.0,12.0
2008-07-19 06:30:00,13.82,13.82,0.0,13.0
2008-07-19 07:00:00,14.17,13.84,0.0,14.0
2008-07-19 07:30:00,15.35,14.42,0.0,14.5
2008-07-19 08:00:00,16.15,14.87,0.0,15.0
2008-07-19 08:30:00,17.1,15.14,0.0,15.5
2008-07-19 09:00:00,17.72,15.76,0.0,16.0
2008-07-19 09:30:00,18.61,16.19,0.0,17.0
2008-07-19 10:00:00,20.34,16.71,0.0,18.0
2008-07-19 10:30:00,20.38,17.5,0.0,18.65
2008-07-19 11:00:00,21.25,18.14,0.0,19.3
2008-07-19 11:30:00,21.47,18.49,0.0,19.15
2008-07-19 12:00:00,22.47,19.15,0.0,19.0
2008-07-19 12:30:00,22.51,19.6,0.0,20.0
2008-07-19 13:00:00,23.78,20.2,0.0,21.0
2008-07-19 13:30:00,24.27,20.18,0.0,22.0
2008-07-19 14:00:00,24.61,20.63,0.0,23.0
2008-07-19 14:30:00,24.81,21.05,0.0,22.5
2008-07-19 15:00:00,24.49,21.08,0.0,22.0
2008-07-19 15:30:00,24.73,21.13,0.0,22.5
2008-07-19 16:00:00,24.79,21.73,0.0,23.0
2008-07-19 16:30:00,24.75,22.0,0.0,22.75
2008-07-19 17:00:00,23.97,21.77,0.0,22.5
2008-07-19 17:30:00,23.35,21.36,0.0,22.25
2008-07-19 18:00:00,22.44,20.7,0.0,22.0
2008-07-19 18:30:00,22.52,20.58,0.0,21.5
2008-07-19 19:00:00,21.91,20.41,0.0,21.0
2008-07-19 19:30:00,20.39,20.28,0.0,21.0
2008-07-19 20:00:00,19.76,19.88,0.0,21.0
2008-07-19 20:30:00,19.25,19.55,0.0,20.5
2008-07-19 21:00:00,18.7,19.09,0.0,20.0
2008-07-19 21:30:00,18.24,18.04,0.0,19.5
2008-07-19 22:00:00,17.12,16.71,0.0,19.0
2008-07-19 22:30:00,16.55,16.34,0.0,17.8
2008-07-19 23:00:00,16.07,16.15,0.0,16.6
2008-07-19 23:30:00,15.84,16.11,0.0,15.8
2008-07-20 00:00:00,15.24,15.9,0.0,15.0
2008-07-20 00:30:00,14.91,16.19,0.0,15.5
2008-07-20 01:00:00,14.77,16.14,0.0,16.0
2008-07-20 01:30:00,14.72,15.72,0.0,15.0
2008-07-20 02:00:00,14.56,15.14,0.0,14.0
2008-07-20 02:30:00,14.09,14.74,0.0,14.0
2008-07-20 03:00:00,13.6,14.44,0.0,14.0
2008-07-20 03:30:00,13.31,14.06,0.0,13.5
2008-07-20 04:00:00,13.06,13.63,0.0,13.0
2008-07-20 04:30:00,12.8,13.39,0.0,12.5
2008-07-20 05:00:00,12.75,13.11,0.0,12.0
2008-07-20 05:30:00,12.82,13.12,0.0,12.5
2008-07-20 06:00:00,13.11,13.27,0.0,13.0
2008-07-20 06:30:00,13.37,13.16,0.0,13.5
2008-07-20 07:00:00,13.86,13.3,0.0,14.0
2008-07-20 07:30:00,15.09,13.87,0.0,14.5
2008-07-20 08:00:00,16.53,14.78,0.0,15.0
2008-07-20 08:30:00,17.51,15.67,0.0,15.5
2008-07-20 09:00:00,18.19,16.3,0.0,16.0
2008-07-20 09:30:00,19.03,16.68,0.0,16.5
2008-07-20 10:00:00,19.38,16.96,0.0,17.0
2008-07-20 10:30:00,20.11,17.52,0.0,18.0
2008-07-20 11:00:00,20.96,18.12,0.0,19.0
2008-07-20 11:30:00,21.63,18.48,0.0,20.0
2008-07-20 12:00:00,22.29,19.15,0.0,21.0
2008-07-20 12:30:00,23.1,19.68,0.0,21.5
2008-07-20 13:00:00,22.93,19.93,0.0,22.0
2008-07-20 13:30:00,24.09,20.57,0.0,22.5
2008-07-20 14:00:00,25.25,21.73,0.0,23.0
2008-07-20 14:30:00,25.73,21.95,0.0,23.5
2008-07-20 15:00:00,26.16,22.37,0.0,24.0
2008-07-20 15:30:00,26.57,22.89,0.0,24.5
2008-07-20 16:00:00,26.3,22.92,0.0,25.0
2008-07-20 16:30:00,25.79,22.5,0.0,24.9
2008-07-20 17:00:00,25.06,22.31,0.0,24.8
2008-07-20 17:30:00,24.98,22.22,0.0,24.4
2008-07-20 18:00:00,24.64,22.17,0.0,24.0
2008-07-20 18:30:00,24.53,22.05,0.0,24.0
2008-07-20 19:00:00,23.57,21.89,0.0,24.0
2008-07-20 19:30:00,22.08,21.46,0.0,23.5
2008-07-20 20:00:00,20.91,20.66,0.0,23.0
2008-07-20 20:30:00,19.59,19.53,0.0,21.5
2008-07-20 21:00:00,18.68,19.16,0.0,20.0
2008-07-20 21:30:00,18.37,18.93,0.0,18.5
2008-07-20 22:00:00,17.99,18.7,0.0,17.0
2008-07-20 22:30:00,17.5,18.4,0.0,17.6
2008-07-20 23:00:00,16.87,18.18,0.0,18.2
2008-07-20 23:30:00,16.47,17.76,0.0,17.1
2008-07-21 00:00:00,15.9,15.99,0.0,16.0
2008-07-21 00:30:00,15.23,15.27,0.0,16.0
2008-07-21 01:00:00,14.93,14.67,0.0,16.0
2008-07-21 01:30:00,14.55,14.43,0.0,15.5
2008-07-21 02:00:00,14.15,14.75,0.0,15.0
2008-07-21 02:30:00,14.33,14.76,0.0,15.0
2008-07-21 03:00:00,14.25,14.2,0.0,15.0
2008-07-21 03:30:00,13.83,13.99,0.0,14.5
2008-07-21 04:00:00,13.49,13.83,0.0,14.0
2008-07-21 04:30:00,13.23,13.66,0.0,13.375
2008-07-21 05:00:00,13.13,13.58,0.0,12.75
2008-07-21 05:30:00,13.48,13.68,0.0,13.375
2008-07-21 06:00:00,13.84,13.86,0.0,14.0
2008-07-21 06:30:00,14.34,14.16,0.0,14.0
2008-07-21 07:00:00,14.94,14.71,0.0,14.0
2008-07-21 07:30:00,16.15,14.94,0.0,14.5
2008-07-21 08:00:00,17.36,15.28,0.0,15.0
2008-07-21 08:30:00,18.05,15.68,0.0,16.0
2008-07-21 09:00:00,18.98,16.45,0.0,17.0
2008-07-21 09:30:00,19.33,16.94,0.0,17.5
2008-07-21 10:00:00,20.88,17.52,0.0,18.0
2008-07-21 10:30:00,21.42,18.18,0.0,18.75
2008-07-21 11:00:00,20.87,18.72,0.0,19.5
2008-07-21 11:30:00,22.55,19.65,0.0,20.25
2008-07-21 12:00:00,22.88,19.48,0.0,21.0
2008-07-21 12:30:00,23.35,19.77,0.0,21.5
2008-07-21 13:00:00,23.7,20.61,0.0,22.0
2008-07-21 13:30:00,23.46,20.7,0.0,21.0
2008-07-21 14:00:00,23.6,20.63,0.0,20.0
2008-07-21 14:30:00,24.08,21.03,0.0,20.0
2008-07-21 15:00:00,23.92,20.9,0.0,20.0
2008-07-21 15:30:00,24.19,21.52,0.0,21.0
2008-07-21 16:00:00,24.49,21.49,0.0,22.0
2008-07-21 16:30:00,24.33,21.6,0.0,22.35
2008-07-21 17:00:00,23.98,21.75,0.0,22.7
2008-07-21 17:30:00,24.45,22.05,0.0,22.85
2008-07-21 18:00:00,24.19,22.1,0.0,23.0
2008-07-21 18:30:00,24.0,21.99,0.0,22.5
2008-07-21 19:00:00,22.84,21.61,0.0,22.0
2008-07-21 19:30:00,21.44,21.12,0.0,21.0
2008-07-21 20:00:00,20.48,20.49,0.0,20.0
2008-07-21 20:30:00,19.73,19.8,0.0,19.5
2008-07-21 21:00:00,18.77,18.52,0.0,19.0
2008-07-21 21:30:00,17.88,17.8,0.0,18.5
2008-07-21 22:00:00,17.4,17.49,0.0,18.0
2008-07-21 22:30:00,17.08,17.14,0.0,17.25
2008-07-21 23:00:00,16.5,16.43,0.0,16.5
2008-07-21 23:30:00,15.94,15.87,0.0,16.25
2008-07-22 00:00:00,15.5,15.45,0.0,16.0
2008-07-22 00:30:00,15.11,14.96,0.0,16.0
2008-07-22 01:00:00,14.82,14.59,0.0,16.0
2008-07-22 01:30:00,14.44,14.3,0.0,15.0
2008-07-22 02:00:00,14.37,14.36,0.0,14.0
2008-07-22 02:30:00,14.44,14.64,0.0,14.0
2008-07-22 03:00:00,14.5,14.91,0.0,14.0
2008-07-22 03:30:00,14.32,14.99,0.0,14.5
2008-07-22 04:00:00,14.78,14.75,0.0,15.0
2008-07-22 04:30:00,14.46,14.09,0.0,15.05
2008-07-22 05:00:00,14.3,13.84,0.0,15.1
2008-07-22 05:30:00,14.32,13.78,0.0,15.05
2008-07-22 06:00:00,14.29,13.59,0.0,15.0
2008-07-22 06:30:00,14.37,13.43,0.0,15.0
2008-07-22 07:00:00,14.58,13.74,0.0,15.0
2008-07-22 07:30:00,14.99,14.26,0.0,15.0
2008-07-22 08:00:00,15.94,14.6,0.0,15.0
2008-07-22 08:30:00,16.21,14.74,0.0,15.0
2008-07-22 09:00:00,16.23,14.67,0.0,15.0
2008-07-22 09:30:00,16.1,14.47,0.0,16.0
2008-07-22 10:00:00,16.36,14.48,0.0,17.0
2008-07-22 10:30:00,16.49,14.43,0.0,17.7
2008-07-22 11:00:00,16.67,14.49,0.0,18.4
2008-07-22 11:30:00,17.49,15.15,0.0,18.7
2008-07-22 12:00:00,19.34,16.06,0.0,19.0
2008-07-22 12:30:00,21.27,17.05,0.0,19.0
2008-07-22 13:00:00,20.03,17.04,0.0,19.0
2008-07-22 13:30:00,20.18,17.07,0.0,19.5
2008-07-22 14:00:00,20.49,17.27,0.0,20.0
2008-07-22 14:30:00,20.72,17.06,0.0,20.5
2008-07-22 15:00:00,21.34,17.11,0.0,21.0
2008-07-22 15:30:00,20.82,16.92,0.0,20.5
2008-07-22 16:00:00,20.72,17.17,0.0,20.0
2008-07-22 16:30:00,20.08,17.02,0.0,19.95
2008-07-22 17:00:00,19.86,17.28,0.0,19.9
2008-07-22 17:30:00,20.09,17.32,0.0,19.95
2008-07-22 18:00:00,19.83,17.36,0.0,20.0
2008-07-22 18:30:00,19.09,16.96,0.0,19.5
2008-07-22 19:00:00,18.57,16.83,0.0,19.0
2008-07-22 19:30:00,17.38,16.59,0.0,18.5
2008-07-22 20:00:00,16.71,16.13,0.0,18.0
2008-07-22 20:30:00,16.1,15.67,0.0,17.5
2008-07-22 21:00:00,15.85,15.47,0.0,17.0
2008-07-22 21:30:00,15.74,15.36,0.0,16.0
2008-07-22 22:00:00,15.67,15.29,0.0,15.0
2008-07-22 22:30:00,15.67,15.2,0.0,15.6
2008-07-22 23:00:00,15.59,15.19,0.0,16.2
2008-07-22 23:30:00,15.63,15.29,0.0,16.1
2008-07-23 00:00:00,15.69,15.4,0.0,16.0
2008-07-23 00:30:00,15.55,15.11,0.0,16.0
2008-07-23 01:00:00,15.37,15.14,0.0,16.0
2008-07-23 01:30:00,15.23,15.02,0.0,16.0
2008-07-23 02:00:00,15.15,14.91,0.0,16.0
2008-07-23 02:30:00,15.12,14.73,0.0,15.5
2008-07-23 03:00:00,15.02,14.71,0.0,15.0
2008-07-23 03:30:00,14.91,14.51,0.0,15.0
2008-07-23 04:00:00,14.73,14.45,0.0,15.0
2008-07-23 04:30:00,14.65,14.32,0.0,14.8
2008-07-23 05:00:00,14.33,13.87,0.0,14.6
2008-07-23 05:30:00,14.07,13.6,0.0,14.3
2008-07-23 06:00:00,13.88,13.44,0.0,14.0
2008-07-23 06:30:00,13.92,13.36,0.0,14.0
2008-07-23 07:00:00,14.1,13.31,0.0,14.0
2008-07-23 07:30:00,14.38,13.36,0.0,14.0
2008-07-23 08:00:00,14.69,13.37,0.0,14.0
2008-07-23 08:30:00,14.88,13.48,0.0,14.5
2008-07-23 09:00:00,15.21,13.66,0.0,15.0
2008-07-23 09:30:00,15.51,13.8,0.0,15.0
2008-07-23 10:00:00,16.21,14.09,0.0,15.0
2008-07-23 10:30:00,16.5,14.38,0.0,15.35
2008-07-23 11:00:00,16.35,14.53,0.0,15.7
2008-07-23 11:30:00,16.38,14.31,0.0,16.35
2008-07-23 12:00:00,16.65,14.58,0.0,17.0
2008-07-23 12:30:00,17.26,14.78,0.0,17.0
2008-07-23 13:00:00,17.5,15.21,0.0,17.0
2008-07-23 13:30:00,18.45,15.53,0.0,17.0
2008-07-23 14:00:00,19.68,15.88,0.0,17.0
2008-07-23 14:30:00,19.97,16.29,0.0,18.0
2008-07-23 15:00:00,20.22,16.68,0.0,19.0
2008-07-23 15:30:00,20.05,16.72,0.0,18.5
2008-07-23 16:00:00,20.02,16.98,0.0,18.0
2008-07-23 16:30:00,20.17,16.95,0.0,18.55
2008-07-23 17:00:00,19.62,17.09,0.0,19.1
2008-07-23 17:30:00,19.36,16.9,0.0,19.05
2008-07-23 18:00:00,19.2,16.42,0.0,19.0
2008-07-23 18:30:00,18.3,16.18,0.0,18.5
2008-07-23 19:00:00,17.48,16.18,0.0,18.0
2008-07-23 19:30:00,16.49,15.87,0.0,17.5
2008-07-23 20:00:00,16.0,15.63,0.0,17.0
2008-07-23 20:30:00,15.39,15.22,0.0,16.5
2008-07-23 21:00:00,15.11,14.94,0.0,16.0
2008-07-23 21:30:00,15.07,14.88,0.0,15.0
2008-07-23 22:00:00,14.7,14.84,0.0,14.0
2008-07-23 22:30:00,14.08,14.72,0.0,13.7
2008-07-23 23:00:00,14.01,14.86,0.0,13.4
2008-07-23 23:30:00,13.82,14.71,0.0,13.7
2008-07-24 00:00:00,13.53,14.21,0.0,14.0
2008-07-24 00:30:00,13.64,13.87,0.0,13.5
2008-07-24 01:00:00,13.91,13.88,0.0,13.0
2008-07-24 01:30:00,14.08,14.01,0.0,13.0
2008-07-24 02:00:00,14.19,14.12,0.0,13.0
2008-07-24 02:30:00,14.27,14.19,0.0,14.0
2008-07-24 03:00:00,14.29,14.13,0.0,15.0
2008-07-24 03:30:00,14.2,14.03,0.0,14.5
2008-07-24 04:00:00,14.24,14.16,0.0,14.0
2008-07-24 04:30:00,14.26,14.21,0.0,14.2
2008-07-24 05:00:00,14.29,14.17,0.0,14.4
2008-07-24 05:30:00,14.4,14.2,0.0,14.7
2008-07-24 06:00:00,14.57,14.33,0.0,15.0
2008-07-24 06:30:00,14.81,14.46,0.0,15.0
2008-07-24 07:00:00,14.99,14.59,0.0,15.0
2008-07-24 07:30:00,15.73,14.86,0.0,15.5
2008-07-24 08:00:00,16.12,15.19,0.0,16.0
2008-07-24 08:30:00,16.6,15.61,0.0,16.0
2008-07-24 09:00:00,17.43,16.04,0.0,16.0
2008-07-24 09:30:00,18.11,16.4,0.0,16.5
2008-07-24 10:00:00,19.49,17.26,0.0,17.0
2008-07-24 10:30:00,20.8,17.9,0.0,17.45
2008-07-24 11:00:00,21.07,18.33,0.0,17.9
2008-07-24 11:30:00,20.13,18.29,0.0,18.45
2008-07-24 12:00:00,21.51,18.66,0.0,19.0
2008-07-24 12:30:00,22.05,18.83,0.0,19.0
2008-07-24 13:00:00,22.08,19.25,0.0,19.0
2008-07-24 13:30:00,22.56,19.16,0.0,19.5
2008-07-24 14:00:00,23.37,19.91,0.0,20.0
2008-07-24 14:30:00,23.47,20.59,0.0,20.5
2008-07-24 15:00:00,23.74,20.67,0.0,21.0
2008-07-24 15:30:00,23.59,20.87,0.0,21.0
2008-07-24 16:00:00,24.12,21.14,0.0,21.0
2008-07-24 16:30:00,24.68,21.72,0.0,21.2
2008-07-24 17:00:00,23.14,21.37,0.0,21.4
2008-07-24 17:30:00,23.86,21.95,0.0,21.2
2008-07-24 18:00:00,24.4,22.16,0.0,21.0
2008-07-24 18:30:00,24.38,21.89,0.0,20.5
2008-07-24 19:00:00,21.6,20.62,0.0,20.0
2008-07-24 19:30:00,20.11,19.84,0.0,20.0
2008-07-24 20:00:00,19.34,19.21,0.0,20.0
2008-07-24 20:30:00,18.65,18.9,0.0,20.0
2008-07-24 21:00:00,17.96,18.79,0.0,20.0
2008-07-24 21:30:00,17.45,18.67,0.0,19.5
2008-07-24 22:00:00,16.95,18.53,0.0,19.0
2008-07-24 22:30:00,16.49,18.08,0.0,18.55
2008-07-24 23:00:00,16.12,17.55,0.0,18.1
2008-07-24 23:30:00,15.95,16.92,0.0,17.05
2008-07-25 00:00:00,15.74,15.99,0.0,16.0
2008-07-25 00:30:00,15.26,15.91,0.0,15.5
2008-07-25 01:00:00,14.75,15.9,0.0,15.0
2008-07-25 01:30:00,14.49,16.14,0.0,14.5
2008-07-25 02:00:00,14.24,16.26,0.0,14.0
2008-07-25 02:30:00,13.8,16.59,0.0,14.5
2008-07-25 03:00:00,13.6,16.43,0.0,15.0
2008-07-25 03:30:00,13.6,15.96,0.0,14.5
2008-07-25 04:00:00,13.84,15.45,0.0,14.0
2008-07-25 04:30:00,14.04,15.38,0.0,14.15
2008-07-25 05:00:00,13.9,15.41,0.0,14.3
2008-07-25 05:30:00,14.12,15.28,0.0,14.15
2008-07-25 06:00:00,14.72,15.17,0.0,14.0
2008-07-25 06:30:00,15.25,15.27,0.0,14.5
2008-07-25 07:00:00,15.68,15.28,0.0,15.0
2008-07-25 07:30:00,16.93,15.79,0.0,16.0
2008-07-25 08:00:00,18.48,17.16,0.0,17.0
2008-07-25 08:30:00,18.99,17.46,0.0,17.5
2008-07-25 09:00:00,20.45,18.05,0.0,18.0
2008-07-25 09:30:00,20.66,18.43,0.0,18.5
2008-07-25 10:00:00,20.49,18.31,0.0,19.0
2008-07-25 10:30:00,20.34,18.18,0.0,19.35
2008-07-25 11:00:00,20.75,17.72,0.0,19.7
2008-07-25 11:30:00,20.1,17.96,0.0,19.35
2008-07-25 12:00:00,20.26,18.13,0.0,19.0
2008-07-25 12:30:00,19.98,17.34,0.0,19.0
2008-07-25 13:00:00,20.58,17.84,0.0,19.0
2008-07-25 13:30:00,20.52,18.26,0.0,19.5
2008-07-25 14:00:00,22.21,18.71,0.0,20.0
2008-07-25 14:30:00,23.41,19.74,0.0,21.0
2008-07-25 15:00:00,23.4,20.2,0.0,22.0
2008-07-25 15:30:00,23.69,20.65,0.0,22.0
2008-07-25 16:00:00,23.66,20.31,0.0,22.0
2008-07-25 16:30:00,24.66,20.92,0.0,22.55
2008-07-25 17:00:00,23.82,21.1,0.0,23.1
2008-07-25 17:30:00,23.72,20.93,0.0,23.05
2008-07-25 18:00:00,23.17,20.8,0.0,23.0
2008-07-25 18:30:00,22.62,20.65,0.0,22.5
2008-07-25 19:00:00,21.61,20.65,0.0,22.0
2008-07-25 19:30:00,21.15,20.66,0.0,21.5
2008-07-25 20:00:00,20.74,20.74,0.0,21.0
2008-07-25 20:30:00,20.48,20.87,0.0,20.5
2008-07-25 21:00:00,20.16,20.44,0.0,20.0
2008-07-25 21:30:00,19.5,19.51,0.0,19.5
2008-07-25 22:00:00,18.98,18.97,0.0,19.0
2008-07-25 22:30:00,18.57,18.64,0.0,18.65
2008-07-25 23:00:00,18.15,18.38,0.0,18.3
2008-07-25 23:30:00,17.66,18.08,0.0,17.65
2008-07-26 00:00:00,17.64,18.11,0.0,17.0
2008-07-26 00:30:00,17.79,17.92,0.0,17.5
2008-07-26 01:00:00,17.52,17.66,0.0,18.0
2008-07-26 01:30:00,17.33,17.27,0.0,17.5
2008-07-26 02:00:00,16.5,16.8,0.0,17.0
2008-07-26 02:30:00,15.78,16.55,0.0,16.5
2008-07-26 03:00:00,15.49,16.47,0.0,16.0
2008-07-26 03:30:00,15.22,15.97,0.0,16.0
2008-07-26 04:00:00,15.57,15.82,0.0,16.0
2008-07-26 04:30:00,15.65,15.59,0.0,15.8
2008-07-26 05:00:00,15.46,15.35,0.0,15.6
2008-07-26 05:30:00,15.4,15.22,0.0,15.3
2008-07-26 06:00:00,15.62,15.48,0.0,15.0
2008-07-26 06:30:00,15.66,15.66,0.0,15.5
2008-07-26 07:00:00,16.35,16.26,0.0,16.0
2008-07-26 07:30:00,18.09,17.07,0.0,16.5
2008-07-26 08:00:00,20.24,17.84,0.0,17.0
2008-07-26 08:30:00,20.14,18.01,0.0,18.0
2008-07-26 09:00:00,19.68,17.96,0.0,19.0
2008-07-26 09:30:00,19.56,18.18,0.0,19.0
2008-07-26 10:00:00,19.43,18.09,0.0,19.0
2008-07-26 10:30:00,19.32,17.82,0.0,18.5
2008-07-26 11:00:00,18.91,17.56,0.0,18.0
2008-07-26 11:30:00,19.43,17.43,0.0,18.5
2008-07-26 12:00:00,20.47,17.89,0.0,19.0
2008-07-26 12:30:00,21.47,18.36,0.0,19.5
2008-07-26 13:00:00,20.95,18.61,0.0,20.0
2008-07-26 13:30:00,20.43,18.7,0.0,20.5
2008-07-26 14:00:00,20.46,18.94,0.0,21.0
2008-07-26 14:30:00,20.33,18.97,0.0,21.0
2008-07-26 15:00:00,21.01,19.09,0.0,21.0
2008-07-26 15:30:00,21.79,19.76,0.0,21.5
2008-07-26 16:00:00,21.65,19.78,0.0,22.0
2008-07-26 16:30:00,21.72,19.97,0.0,21.7
2008-07-26 17:00:00,21.66,19.98,0.0,21.4
2008-07-26 17:30:00,21.22,19.91,0.0,21.2
2008-07-26 18:00:00,21.17,19.85,0.0,21.0
2008-07-26 18:30:00,20.39,19.73,0.0,20.5
2008-07-26 19:00:00,19.89,19.48,0.0,20.0
2008-07-26 19:30:00,19.58,19.16,0.0,20.0
2008-07-26 20:00:00,19.08,18.86,0.0,20.0
2008-07-26 20:30:00,18.68,18.58,0.0,19.0
2008-07-26 21:00:00,18.65,18.72,0.0,18.0
2008-07-26 21:30:00,18.42,18.62,0.0,18.0
2008-07-26 22:00:00,18.16,18.26,0.0,18.0
2008-07-26 22:30:00,17.56,17.6,0.0,18.25
2008-07-26 23:00:00,16.87,17.07,0.0,18.5
2008-07-26 23:30:00,16.44,16.93,0.0,18.25
2008-07-27 00:00:00,16.46,16.71,0.0,18.0
2008-07-27 00:30:00,16.33,16.29,0.0,17.5
2008-07-27 01:00:00,16.23,16.01,0.0,17.0
2008-07-27 01:30:00,16.01,15.75,0.0,17.0
2008-07-27 02:00:00,16.13,15.79,0.0,17.0
2008-07-27 02:30:00,15.96,15.62,0.0,16.5
2008-07-27 03:00:00,15.67,15.43,0.0,16.0
2008-07-27 03:30:00,15.56,15.21,0.0,16.0
2008-07-27 04:00:00,15.53,15.03,0.0,16.0
2008-07-27 04:30:00,15.15,14.73,0.0,15.85
2008-07-27 05:00:00,14.78,14.54,0.0,15.7
2008-07-27 05:30:00,14.91,14.57,0.0,15.35
2008-07-27 06:00:00,14.88,14.46,0.0,15.0
2008-07-27 06:30:00,14.97,14.3,0.0,15.0
2008-07-27 07:00:00,15.14,14.31,0.0,15.0
2008-07-27 07:30:00,15.11,14.24,0.0,15.5
2008-07-27 08:00:00,14.84,14.12,0.0,16.0
2008-07-27 08:30:00,15.01,14.11,0.0,16.0
2008-07-27 09:00:00,15.13,14.22,0.0,16.0
2008-07-27 09:30:00,15.49,14.35,0.0,16.5
2008-07-27 10:00:00,15.81,14.48,0.0,17.0
2008-07-27 10:30:00,16.44,14.94,0.0,17.25
2008-07-27 11:00:00,17.17,15.55,0.0,17.5
2008-07-27 11:30:00,19.0,16.65,0.0,18.25
2008-07-27 12:00:00,20.05,17.56,0.0,19.0
2008-07-27 12:30:00,19.46,18.06,0.0,19.5
2008-07-27 13:00:00,19.22,18.07,0.0,20.0
2008-07-27 13:30:00,20.0,18.44,0.0,20.0
2008-07-27 14:00:00,20.7,18.64,0.0,20.0
2008-07-27 14:30:00,21.01,18.94,0.0,20.0
2008-07-27 15:00:00,21.73,19.83,0.0,20.0
2008-07-27 15:30:00,21.59,19.47,0.0,20.5
2008-07-27 16:00:00,22.28,19.57,0.0,21.0
2008-07-27 16:30:00,22.25,19.45,0.0,21.0
2008-07-27 17:00:00,21.52,19.02,0.0,21.0
2008-07-27 17:30:00,21.51,18.78,0.0,21.0
2008-07-27 18:00:00,19.71,17.71,0.0,21.0
2008-07-27 18:30:00,18.88,17.32,0.0,20.0
2008-07-27 19:00:00,18.05,16.82,0.0,19.0
2008-07-27 19:30:00,17.06,16.56,0.0,18.5
2008-07-27 20:00:00,16.67,16.33,0.0,18.0
2008-07-27 20:30:00,16.16,16.04,0.0,17.0
2008-07-27 21:00:00,15.9,15.85,0.0,16.0
2008-07-27 21:30:00,15.67,15.76,0.0,15.5
2008-07-27 22:00:00,15.48,15.58,0.0,15.0
2008-07-27 22:30:00,14.96,15.09,0.0,15.1
2008-07-27 23:00:00,14.5,14.66,0.0,15.2
2008-07-27 23:30:00,14.25,14.43,0.0,15.1
2008-07-28 00:00:00,14.01,14.16,0.0,15.0
2008-07-28 00:30:00,13.74,13.91,0.0,14.5
2008-07-28 01:00:00,13.44,13.58,0.0,14.0
2008-07-28 01:30:00,13.03,13.19,0.0,13.5
2008-07-28 02:00:00,12.56,12.95,0.0,13.0
2008-07-28 02:30:00,12.19,12.58,0.0,13.0
2008-07-28 03:00:00,11.91,12.25,0.0,13.0
2008-07-28 03:30:00,11.47,11.85,0.0,12.0
2008-07-28 04:00:00,11.3,11.78,0.0,11.0
2008-07-28 04:30:00,11.14,11.56,0.0,10.95
2008-07-28 05:00:00,11.01,11.34,0.0,10.9
2008-07-28 05:30:00,11.11,11.38,0.0,10.95
2008-07-28 06:00:00,11.54,11.76,0.0,11.0
2008-07-28 06:30:00,12.3,12.24,0.0,11.5
2008-07-28 07:00:00,12.94,12.7,0.0,12.0
2008-07-28 07:30:00,14.24,13.29,0.0,13.0
2008-07-28 08:00:00,15.64,13.98,0.0,14.0
2008-07-28 08:30:00,16.12,14.35,0.0,14.5
2008-07-28 09:00:00,17.34,15.03,0.0,15.0
2008-07-28 09:30:00,18.13,15.36,0.0,15.5
2008-07-28 10:00:00,18.5,16.02,0.0,16.0
2008-07-28 10:30:00,19.5,16.49,0.0,16.9
2008-07-28 11:00:00,19.9,17.13,0.0,17.8
2008-07-28 11:30:00,20.85,17.56,0.0,18.4
2008-07-28 12:00:00,21.36,17.86,0.0,19.0
2008-07-28 12:30:00,21.59,18.48,0.0,19.5
2008-07-28 13:00:00,22.24,19.04,0.0,20.0
2008-07-28 13:30:00,23.0,19.58,0.0,20.5
2008-07-28 14:00:00,23.22,20.14,0.0,21.0
2008-07-28 14:30:00,22.73,20.01,0.0,21.0
2008-07-28 15:00:00,23.32,20.37,0.0,21.0
2008-07-28 15:30:00,23.07,20.24,0.0,21.0
2008-07-28 16:00:00,22.25,20.32,0.0,21.0
2008-07-28 16:30:00,22.09,20.37,0.0,21.0
2008-07-28 17:00:00,21.67,20.4,0.0,21.0
2008-07-28 17:30:00,21.08,20.22,0.0,21.0
2008-07-28 18:00:00,20.71,20.11,0.0,21.0
2008-07-28 18:30:00,20.44,19.72,0.0,20.5
2008-07-28 19:00:00,19.82,19.4,0.0,20.0
2008-07-28 19:30:00,19.27,18.96,0.0,19.5
2008-07-28 20:00:00,18.73,18.67,0.0,19.0
2008-07-28 20:30:00,18.45,18.4,0.0,19.0
2008-07-28 21:00:00,18.27,18.3,0.0,19.0
2008-07-28 21:30:00,18.04,18.37,0.0,18.5
2008-07-28 22:00:00,17.75,17.79,0.0,18.0
2008-07-28 22:30:00,17.3,17.6,0.0,17.9
2008-07-28 23:00:00,16.93,17.61,0.0,17.8
2008-07-28 23:30:00,16.66,16.77,0.0,17.4
2008-07-29 00:00:00,16.17,16.63,0.0,17.0
2008-07-29 00:30:00,16.25,16.2,0.0,16.5
2008-07-29 01:00:00,15.83,15.5,0.0,16.0
2008-07-29 01:30:00,15.44,15.22,0.0,15.5
2008-07-29 02:00:00,15.17,14.9,0.0,15.0
2008-07-29 02:30:00,14.79,14.54,0.0,15.25
2008-07-29 03:00:00,14.34,14.25,0.0,15.5
2008-07-29 03:30:00,14.28,14.19,0.0,14.75
2008-07-29 04:00:00,14.11,14.01,0.0,14.0
2008-07-29 04:30:00,13.95,13.89,0.0,14.0
2008-07-29 05:00:00,13.8,13.66,0.0,14.0
2008-07-29 05:30:00,13.51,13.38,0.0,14.0
2008-07-29 06:00:00,13.58,13.39,0.0,14.0
2008-07-29 06:30:00,13.74,13.64,0.0,13.5
2008-07-29 07:00:00,13.84,13.69,0.0,13.0
2008-07-29 07:30:00,13.76,13.58,0.0,13.5
2008-07-29 08:00:00,13.53,13.22,0.0,14.0
2008-07-29 08:30:00,13.39,12.98,0.0,13.5
2008-07-29 09:00:00,13.66,13.05,0.0,13.0
2008-07-29 09:30:00,13.87,13.26,0.0,13.0
2008-07-29 10:00:00,14.34,13.44,0.0,13.0
2008-07-29 10:30:00,14.53,13.67,0.0,13.4
2008-07-29 11:00:00,14.4,13.66,0.0,13.8
2008-07-29 11:30:00,14.43,13.45,0.0,13.9
2008-07-29 12:00:00,14.7,13.44,0.0,14.0
2008-07-29 12:30:00,14.77,13.45,0.0,14.0
2008-07-29 13:00:00,14.78,13.45,0.0,14.0
2008-07-29 13:30:00,14.92,13.56,0.0,14.5
2008-07-29 14:00:00,14.34,13.53,0.0,15.0
2008-07-29 14:30:00,13.95,13.56,0.0,14.5
2008-07-29 15:00:00,13.95,13.61,0.0,14.0
2008-07-29 15:30:00,14.09,13.76,0.0,14.0
2008-07-29 16:00:00,14.21,13.83,0.0,14.0
2008-07-29 16:30:00,14.31,13.99,0.0,14.05
2008-07-29 17:00:00,14.57,14.52,0.0,14.1
2008-07-29 17:30:00,14.48,14.1,0.0,14.55
2008-07-29 18:00:00,14.71,14.14,0.0,15.0
2008-07-29 18:30:00,14.76,14.47,0.0,15.0
2008-07-29 19:00:00,14.78,14.73,0.0,15.0
2008-07-29 19:30:00,14.8,14.89,0.0,15.0
2008-07-29 20:00:00,14.62,14.75,0.0,15.0
2008-07-29 20:30:00,14.06,14.43,0.0,15.0
2008-07-29 21:00:00,13.77,14.41,0.0,15.0
2008-07-29 21:30:00,13.65,14.15,0.0,15.5
2008-07-29 22:00:00,13.24,14.09,0.0,16.0
2008-07-29 22:30:00,13.25,13.99,0.0,15.4
2008-07-29 23:00:00,12.93,13.63,0.0,14.8
2008-07-29 23:30:00,12.82,13.5,0.0,14.9
2008-07-30 00:00:00,13.08,13.53,0.0,15.0
2008-07-30 00:30:00,12.98,13.35,0.0,14.5
2008-07-30 01:00:00,12.84,13.14,0.0,14.0
2008-07-30 01:30:00,12.74,12.97,0.0,14.0
2008-07-30 02:00:00,12.44,12.68,0.0,14.0
2008-07-30 02:30:00,12.33,12.73,0.0,14.0
2008-07-30 03:00:00,12.06,12.45,0.0,14.0
2008-07-30 03:30:00,11.97,12.02,0.0,14.0
2008-07-30 04:00:00,11.86,11.94,0.0,14.0
2008-07-30 04:30:00,11.81,11.94,0.0,13.75
2008-07-30 05:00:00,11.89,11.96,0.0,13.5
2008-07-30 05:30:00,11.83,11.88,0.0,13.75
2008-07-30 06:00:00,11.93,11.75,0.0,14.0
2008-07-30 06:30:00,11.75,11.33,0.0,13.5
2008-07-30 07:00:00,12.08,11.43,0.0,13.0
2008-07-30 07:30:00,12.65,11.8,0.0,13.0
2008-07-30 08:00:00,12.75,11.9,0.0,13.0
2008-07-30 08:30:00,13.09,12.19,0.0,13.5
2008-07-30 09:00:00,13.67,12.45,0.0,14.0
2008-07-30 09:30:00,14.24,12.87,0.0,14.5
2008-07-30 10:00:00,15.02,13.31,0.0,15.0
2008-07-30 10:30:00,16.06,13.93,0.0,15.3
2008-07-30 11:00:00,17.42,14.42,0.0,15.6
2008-07-30 11:30:00,17.92,14.94,0.0,16.3
2008-07-30 12:00:00,18.76,15.82,0.0,17.0
2008-07-30 12:30:00,19.58,16.3,0.0,17.5
2008-07-30 13:00:00,18.98,16.36,0.0,18.0
2008-07-30 13:30:00,19.07,16.98,0.0,18.0
2008-07-30 14:00:00,19.04,16.99,0.0,18.0
2008-07-30 14:30:00,19.7,17.08,0.0,19.5
2008-07-30 15:00:00,19.18,17.02,0.0,21.0
2008-07-30 15:30:00,19.77,17.26,0.0,20.5
2008-07-30 16:00:00,19.3,17.39,0.0,20.0
2008-07-30 16:30:00,19.76,17.51,0.0,19.4
2008-07-30 17:00:00,19.7,17.42,0.0,18.8
2008-07-30 17:30:00,17.88,16.67,0.0,17.9
2008-07-30 18:00:00,17.15,16.04,0.0,17.0
2008-07-30 18:30:00,16.53,15.78,0.0,17.0
2008-07-30 19:00:00,16.36,15.71,0.0,17.0
2008-07-30 19:30:00,16.22,15.69,0.0,17.0
2008-07-30 20:00:00,15.28,15.38,0.0,17.0
2008-07-30 20:30:00,14.42,15.09,0.0,16.5
2008-07-30 21:00:00,13.71,14.93,0.0,16.0
2008-07-30 21:30:00,13.45,14.76,0.0,15.5
2008-07-30 22:00:00,13.45,14.16,0.0,15.0
2008-07-30 22:30:00,13.57,13.71,0.0,14.45
2008-07-30 23:00:00,13.44,13.6,0.0,13.9
2008-07-30 23:30:00,13.08,13.2,0.0,13.95
2008-07-31 00:00:00,12.88,12.9,0.0,14.0
2008-07-31 00:30:00,12.64,12.6,0.0,14.0
2008-07-31 01:00:00,12.27,12.48,0.0,14.0
2008-07-31 01:30:00,12.01,12.18,0.0,13.5
2008-07-31 02:00:00,11.76,12.06,0.0,13.0
2008-07-31 02:30:00,11.68,11.8,0.0,12.5
2008-07-31 03:00:00,11.44,11.86,0.0,12.0
2008-07-31 03:30:00,11.61,11.76,0.0,12.0
2008-07-31 04:00:00,11.54,11.95,0.0,12.0
2008-07-31 04:30:00,11.38,11.77,0.0,11.75
2008-07-31 05:00:00,11.56,12.02,0.0,11.5
2008-07-31 05:30:00,12.03,12.17,0.0,11.75
2008-07-31 06:00:00,12.25,12.16,0.0,12.0
2008-07-31 06:30:00,12.79,12.45,0.0,12.5
2008-07-31 07:00:00,13.28,12.7,0.0,13.0
2008-07-31 07:30:00,13.45,12.77,0.0,13.5
2008-07-31 08:00:00,14.1,13.4,0.0,14.0
2008-07-31 08:30:00,14.27,13.64,0.0,14.0
2008-07-31 09:00:00,14.78,13.71,0.0,14.0
2008-07-31 09:30:00,15.06,14.2,0.0,14.5
2008-07-31 10:00:00,15.26,14.53,0.0,15.0
2008-07-31 10:30:00,16.06,14.72,0.0,15.1
2008-07-31 11:00:00,16.62,14.98,0.0,15.2
2008-07-31 11:30:00,16.12,15.19,0.0,15.6
2008-07-31 12:00:00,16.04,15.18,0.0,16.0
2008-07-31 12:30:00,16.08,15.1,0.0,16.0
2008-07-31 13:00:00,15.6,14.7,0.0,16.0
2008-07-31 13:30:00,15.39,14.55,0.0,16.0
2008-07-31 14:00:00,15.72,15.18,0.0,16.0
2008-07-31 14:30:00,15.86,14.89,0.0,16.0
2008-07-31 15:00:00,15.33,14.34,0.0,16.0
2008-07-31 15:30:00,15.3,14.38,0.0,15.5
2008-07-31 16:00:00,14.91,13.9,0.0,15.0
2008-07-31 16:30:00,14.7,13.63,0.0,15.025
2008-07-31 17:00:00,15.6,13.75,0.0,15.05
2008-07-31 17:30:00,15.22,13.72,0.0,15.025
2008-07-31 18:00:00,14.51,13.72,0.0,15.0
2008-07-31 18:30:00,14.26,13.65,0.0,15.0
2008-07-31 19:00:00,13.68,13.14,0.0,15.0
2008-07-31 19:30:00,13.2,12.88,0.0,14.25
2008-07-31 20:00:00,12.93,12.61,0.0,13.5
2008-07-31 20:30:00,12.72,12.38,0.0,13.25
2008-07-31 21:00:00,12.59,12.37,0.0,13.0
2008-07-31 21:30:00,12.59,12.33,0.0,13.0
2008-07-31 22:00:00,12.57,12.38,0.0,13.0
2008-07-31 22:30:00,12.28,12.09,0.0,12.9
2008-07-31 23:00:00,12.25,12.05,0.0,12.8
