,Air Temperature (1.20m),Air Temperature (26.00m),Acoustic Temperature (Corrected) (28.80m),ECCC_dryBulAirTemp_C,ECCC_staPre_Pa,NCDC_dryBulAirTemp_C,NCDC_staPre_Pa
2008-07-01 00:00:00,17.89,18.33, -NaN,17.8,101390.0,18.0,101390.0
2008-07-01 00:30:00,18.66,18.9, -NaN,18.05,101400.0,18.0,101415.0
2008-07-01 01:00:00,18.82,19.3, -NaN,18.3,101410.0,18.0,101440.0
2008-07-01 01:30:00,19.03,19.34, -NaN,17.85,101435.0,18.0,101450.0
2008-07-01 02:00:00,18.52,18.59, -NaN,17.4,101460.0,18.0,101460.0
2008-07-01 02:30:00,17.7,17.65, -NaN,17.0,101480.0,17.5,101485.0
2008-07-01 03:00:00,17.31,17.35, -NaN,16.6,101500.0,17.0,101510.0
2008-07-01 03:30:00,17.05,17, -NaN,16.1,101535.0,17.0,101530.0
2008-07-01 04:00:00,16.52,16.35, -NaN,15.6,101570.0,17.0,101550.0
2008-07-01 04:30:00,16.06,15.97, -NaN,15.35,101570.0,16.3,101585.0
2008-07-01 05:00:00,15.84,15.69, -NaN,15.1,101570.0,15.6,101620.0
2008-07-01 05:30:00,15.92,15.77, -NaN,15.55,101575.0,15.3,101620.0
2008-07-01 06:00:00,16.19,15.82, -NaN,16.0,101580.0,15.0,101620.0
2008-07-01 06:30:00,16.03,15.31, -NaN,16.15,101605.0,15.5,101625.0
2008-07-01 07:00:00,15.98,15.03, -NaN,16.3,101630.0,16.0,101630.0
2008-07-01 07:30:00,16.64,15.1, -NaN,16.450000000000003,101635.0,16.0,101655.0
2008-07-01 08:00:00,17.09,15.3, -NaN,16.6,101640.0,16.0,101680.0
2008-07-01 08:30:00,17.39,15.39, -NaN,17.0,101635.0,16.5,101685.0
2008-07-01 09:00:00,18.05,15.81, -NaN,17.4,101630.0,17.0,101690.0
2008-07-01 09:30:00,19.34,16.51, -NaN,17.9,101630.0,17.0,101685.0
2008-07-01 10:00:00,19.7,16.65, -NaN,18.4,101630.0,17.0,101680.0
2008-07-01 10:30:00,19.79,16.79, -NaN,19.0,101630.0,17.7,101680.0
2008-07-01 11:00:00,20.22,17, -NaN,19.6,101630.0,18.4,101680.0
2008-07-01 11:30:00,20.74,17.37, -NaN,20.1,101620.0,19.2,101680.0
2008-07-01 12:00:00,21.07,17.83, -NaN,20.6,101610.0,20.0,101680.0
2008-07-01 12:30:00,22.12,18.1, -NaN,21.1,101580.0,20.5,101670.0
2008-07-01 13:00:00,22.19,18.88, -NaN,21.6,101550.0,21.0,101660.0
2008-07-01 13:30:00,22.62,19.19, -NaN,21.85,101525.0,21.5,101630.0
2008-07-01 14:00:00,22.71,19.66, -NaN,22.1,101500.0,22.0,101600.0
2008-07-01 14:30:00,23.32,19.55, -NaN,22.35,101460.0,22.0,101575.0
2008-07-01 15:00:00,23.87,20.03, -NaN,22.6,101420.0,22.0,101550.0
2008-07-01 15:30:00,24.01,20.84, -NaN,22.75,101390.0,22.5,101510.0
2008-07-01 16:00:00,24.09,21.01, -NaN,22.9,101360.0,23.0,101470.0
2008-07-01 16:30:00,23.29,20.47, -NaN,22.45,101350.0,22.95,101440.0
2008-07-01 17:00:00,23.47,20.63, -NaN,22.0,101340.0,22.9,101410.0
2008-07-01 17:30:00,23.55,20.62, -NaN,22.05,101340.0,22.45,101400.0
2008-07-01 18:00:00,22.62,20.37, -NaN,22.1,101340.0,22.0,101390.0
2008-07-01 18:30:00,23.11,20.15, -NaN,21.25,101335.0,22.0,101390.0
2008-07-01 19:00:00,21.89,19.71, -NaN,20.4,101330.0,22.0,101390.0
2008-07-01 19:30:00,20.43,19.38, -NaN,19.85,101340.0,21.0,101385.0
2008-07-01 20:00:00,19.82,19.23, -NaN,19.3,101350.0,20.0,101380.0
2008-07-01 20:30:00,19.14,18.72, -NaN,18.55,101360.0,19.5,101390.0
2008-07-01 21:00:00,18.65,18.46, -NaN,17.8,101370.0,19.0,101400.0
2008-07-01 21:30:00,18.61,18.58, -NaN,17.700000000000003,101395.0,18.5,101410.0
2008-07-01 22:00:00,18.36,18.69, -NaN,17.6,101420.0,18.0,101420.0
2008-07-01 22:30:00,18.07,17.96, -NaN,17.1,101410.0,17.8,101445.0
2008-07-01 23:00:00,17.32,17.7, -NaN,16.6,101400.0,17.6,101470.0
2008-07-01 23:30:00,17.31,18.41, -NaN,16.85,101400.0,17.3,101460.0
2008-07-02 00:00:00,17.21,17.52, -NaN,17.1,101400.0,17.0,101450.0
2008-07-02 00:30:00,16.81,17.4, -NaN,16.700000000000003,101395.0,17.0,101450.0
2008-07-02 01:00:00,16.52,17.21, -NaN,16.3,101390.0,17.0,101450.0
2008-07-02 01:30:00,16.29,16.88, -NaN,16.0,101385.0,16.5,101445.0
2008-07-02 02:00:00,15.95,15.86, -NaN,15.7,101380.0,16.0,101440.0
2008-07-02 02:30:00,15.32,15.36, -NaN,14.649999999999999,101395.0,16.0,101435.0
2008-07-02 03:00:00,14.92,14.9, -NaN,13.6,101410.0,16.0,101430.0
2008-07-02 03:30:00,14.49,14.55, -NaN,14.05,101420.0,15.0,101445.0
2008-07-02 04:00:00,14.3,14.57, -NaN,14.5,101430.0,14.0,101460.0
2008-07-02 04:30:00,14.32,14.84, -NaN,14.05,101420.0,14.25,101470.0
2008-07-02 05:00:00,14.28,15.08, -NaN,13.6,101410.0,14.5,101480.0
2008-07-02 05:30:00,15.15,15.99, -NaN,14.6,101400.0,14.25,101470.0
2008-07-02 06:00:00,15.09,15.45, -NaN,15.6,101390.0,14.0,101460.0
2008-07-02 06:30:00,15.61,15.9, -NaN,16.4,101400.0,15.0,101450.0
2008-07-02 07:00:00,16.27,15.97, -NaN,17.2,101410.0,16.0,101440.0
2008-07-02 07:30:00,17.74,16.68, -NaN,17.85,101395.0,16.5,101450.0
2008-07-02 08:00:00,19.66,18.14, -NaN,18.5,101380.0,17.0,101460.0
2008-07-02 08:30:00,21.13,19.21, -NaN,19.0,101365.0,18.0,101445.0
2008-07-02 09:00:00,21.94,20.07, -NaN,19.5,101350.0,19.0,101430.0
2008-07-02 09:30:00,22.96,20.83, -NaN,20.15,101345.0,19.5,101415.0
2008-07-02 10:00:00,23.59,21.38, -NaN,20.8,101340.0,20.0,101400.0
2008-07-02 10:30:00,23.75,21.61, -NaN,21.0,101315.0,20.4,101395.0
2008-07-02 11:00:00,23.94,22.01, -NaN,21.2,101290.0,20.8,101390.0
2008-07-02 11:30:00,25.76,22.92, -NaN,21.7,101250.0,20.9,101365.0
2008-07-02 12:00:00,26.06,23.5, -NaN,22.2,101210.0,21.0,101340.0
2008-07-02 12:30:00,26.53,23.79, -NaN,22.299999999999997,101185.0,21.5,101300.0
2008-07-02 13:00:00,26.29,24.05, -NaN,22.4,101160.0,22.0,101260.0
2008-07-02 13:30:00,27.1,24.41, -NaN,22.7,101115.0,22.0,101235.0
2008-07-02 14:00:00,27.52,25.33, -NaN,23.0,101070.0,22.0,101210.0
2008-07-02 14:30:00,28.57,25.21, -NaN,23.25,101035.0,22.5,101165.0
2008-07-02 15:00:00,29.65,25.67, -NaN,23.5,101000.0,23.0,101120.0
2008-07-02 15:30:00,29.19,26.01, -NaN,23.1,100975.0,23.5,101085.0
2008-07-02 16:00:00,28.92,26.41, -NaN,22.7,100950.0,24.0,101050.0
2008-07-02 16:30:00,27.11,26.06, -NaN,21.7,100925.0,23.35,101025.0
2008-07-02 17:00:00,27.55,26.3, -NaN,20.7,100900.0,22.7,101000.0
2008-07-02 17:30:00,26.36,25.1, -NaN,21.049999999999997,100855.0,21.85,100975.0
2008-07-02 18:00:00,27.25,25.59, -NaN,21.4,100810.0,21.0,100950.0
2008-07-02 18:30:00,27.04,25.5, -NaN,21.0,100795.0,21.0,100905.0
2008-07-02 19:00:00,25.27,24.76, -NaN,20.6,100780.0,21.0,100860.0
2008-07-02 19:30:00,23.42,23.05, -NaN,20.35,100790.0,21.0,100845.0
2008-07-02 20:00:00,21.6,21.06, -NaN,20.1,100800.0,21.0,100830.0
2008-07-02 20:30:00,20.93,20.75, -NaN,19.9,100905.0,20.5,100840.0
2008-07-02 21:00:00,20.57,20.08, -NaN,19.7,101010.0,20.0,100850.0
2008-07-02 21:30:00,19.24,18.79, -NaN,19.7,101035.0,20.0,100955.0
2008-07-02 22:00:00,19.38,19.8, -NaN,19.7,101060.0,20.0,101060.0
2008-07-02 22:30:00,20.18,20.51, -NaN,20.25,101020.0,19.85,101085.0
2008-07-02 23:00:00,20.42,20.81, -NaN,20.8,100980.0,19.7,101110.0
2008-07-02 23:30:00,20.75,21.18, -NaN,20.55,100990.0,20.35,101070.0
2008-07-03 00:00:00,20.67,20.9, -NaN,20.3,101000.0,21.0,101030.0
2008-07-03 00:30:00,19.4,19.4, -NaN,19.950000000000003,101040.0,20.5,101040.0
2008-07-03 01:00:00,19.28,19.45, -NaN,19.6,101080.0,20.0,101050.0
2008-07-03 01:30:00,19.52,19.83, -NaN,18.55,101060.0,20.0,101090.0
2008-07-03 02:00:00,19.24,19.43, -NaN,17.5,101040.0,20.0,101130.0
2008-07-03 02:30:00,18.77,19.66, -NaN,16.95,101065.0,19.0,101110.0
2008-07-03 03:00:00,19.12,19.58, -NaN,16.4,101090.0,18.0,101090.0
2008-07-03 03:30:00,16.54,16.61, -NaN,16.75,101100.0,17.0,101115.0
2008-07-03 04:00:00,16.77,17.86, -NaN,17.1,101110.0,16.0,101140.0
2008-07-03 04:30:00,17.27,17.64, -NaN,16.9,101125.0,16.55,101150.0
2008-07-03 05:00:00,17.05,17.66, -NaN,16.7,101140.0,17.1,101160.0
2008-07-03 05:30:00,18.01,18.64, -NaN,17.299999999999997,101135.0,17.05,101175.0
2008-07-03 06:00:00,18.68,18.88, -NaN,17.9,101130.0,17.0,101190.0
2008-07-03 06:30:00,18.93,19.26, -NaN,18.15,101155.0,17.5,101185.0
2008-07-03 07:00:00,18.64,18.62, -NaN,18.4,101180.0,18.0,101180.0
2008-07-03 07:30:00,18.21,17.49, -NaN,18.299999999999997,101205.0,18.0,101205.0
2008-07-03 08:00:00,17.92,17.26, -NaN,18.2,101230.0,18.0,101230.0
2008-07-03 08:30:00,17.26,16.61, -NaN,17.9,101230.0,18.0,101255.0
2008-07-03 09:00:00,17.21,16.42, -NaN,17.6,101230.0,18.0,101280.0
2008-07-03 09:30:00,17.45,16.26, -NaN,18.0,101220.0,18.0,101280.0
2008-07-03 10:00:00,18.38,16.8, -NaN,18.4,101210.0,18.0,101280.0
2008-07-03 10:30:00,18.51,16.73, -NaN,19.4,101215.0,18.2,101270.0
2008-07-03 11:00:00,19.3,17.3, -NaN,20.4,101220.0,18.4,101260.0
2008-07-03 11:30:00,19.53,17.72, -NaN,20.25,101220.0,19.2,101265.0
2008-07-03 12:00:00,20.46,18.12, -NaN,20.1,101220.0,20.0,101270.0
2008-07-03 12:30:00,20.43,18.49, -NaN,20.35,101205.0,20.0,101270.0
2008-07-03 13:00:00,20.51,18.93, -NaN,20.6,101190.0,20.0,101270.0
2008-07-03 13:30:00,20.88,18.84, -NaN,21.05,101165.0,20.5,101255.0
2008-07-03 14:00:00,21.4,19.24, -NaN,21.5,101140.0,21.0,101240.0
2008-07-03 14:30:00,22.84,20.34, -NaN,21.5,101140.0,21.5,101215.0
2008-07-03 15:00:00,23.59,20.49, -NaN,21.5,101140.0,22.0,101190.0
2008-07-03 15:30:00,23.6,20.62, -NaN,21.35,101135.0,22.0,101190.0
2008-07-03 16:00:00,23.8,20.78, -NaN,21.2,101130.0,22.0,101190.0
2008-07-03 16:30:00,22.84,20.32, -NaN,20.6,101090.0,21.6,101185.0
2008-07-03 17:00:00,21.9,19.13, -NaN,20.0,101050.0,21.2,101180.0
2008-07-03 17:30:00,21.1,18.68, -NaN,19.3,101050.0,20.6,101140.0
2008-07-03 18:00:00,19.68,17.6, -NaN,18.6,101050.0,20.0,101100.0
2008-07-03 18:30:00,18.67,16.97, -NaN,18.3,101040.0,19.5,101100.0
2008-07-03 19:00:00,18.68,16.93, -NaN,18.0,101030.0,19.0,101100.0
2008-07-03 19:30:00,17.88,16.67, -NaN,17.25,101030.0,18.5,101090.0
2008-07-03 20:00:00,17.39,16.4, -NaN,16.5,101030.0,18.0,101080.0
2008-07-03 20:30:00,16.85,16.1, -NaN,16.45,101045.0,17.5,101080.0
2008-07-03 21:00:00,16.47,16.04, -NaN,16.4,101060.0,17.0,101080.0
2008-07-03 21:30:00,16.57,16.17, -NaN,16.5,101055.0,16.5,101095.0
2008-07-03 22:00:00,16.8,16.65, -NaN,16.6,101050.0,16.0,101110.0
2008-07-03 22:30:00,17.43,17.23, -NaN,16.950000000000003,101050.0,16.3,101105.0
2008-07-03 23:00:00,17.54,17.39, -NaN,17.3,101050.0,16.6,101100.0
2008-07-03 23:30:00,17.58,17.37, -NaN,17.950000000000003,101040.0,16.8,101100.0
2008-07-04 00:00:00,17.32,17.28, -NaN,18.6,101030.0,17.0,101100.0
2008-07-04 00:30:00,17.18,17.23, -NaN,17.6,101025.0,18.0,101090.0
2008-07-04 01:00:00,17.2,17.29, -NaN,16.6,101020.0,19.0,101080.0
2008-07-04 01:30:00,17.14,17.24, -NaN,16.5,101020.0,18.0,101075.0
2008-07-04 02:00:00,16.94,16.96, -NaN,16.4,101020.0,17.0,101070.0
2008-07-04 02:30:00,16.51,16.59, -NaN,15.799999999999999,101020.0,16.5,101070.0
2008-07-04 03:00:00,16.27,16.35, -NaN,15.2,101020.0,16.0,101070.0
2008-07-04 03:30:00,15.59,15.5, -NaN,15.05,101050.0,15.5,101070.0
2008-07-04 04:00:00,15.08,15.1, -NaN,14.9,101080.0,15.0,101070.0
2008-07-04 04:30:00,15.12,15.06, -NaN,14.8,101100.0,14.95,101100.0
2008-07-04 05:00:00,15.1,15.27, -NaN,14.7,101120.0,14.9,101130.0
2008-07-04 05:30:00,15.15,15.2, -NaN,15.05,101135.0,14.95,101150.0
2008-07-04 06:00:00,15.07,14.69, -NaN,15.4,101150.0,15.0,101170.0
2008-07-04 06:30:00,15.16,14.57, -NaN,15.25,101155.0,15.0,101185.0
2008-07-04 07:00:00,15.19,14.71, -NaN,15.1,101160.0,15.0,101200.0
2008-07-04 07:30:00,15.06,14.44, -NaN,15.3,101190.0,15.0,101205.0
2008-07-04 08:00:00,15.88,14.95, -NaN,15.5,101220.0,15.0,101210.0
2008-07-04 08:30:00,15.53,15.01, -NaN,15.8,101215.0,15.5,101240.0
2008-07-04 09:00:00,15.84,14.94, -NaN,16.1,101210.0,16.0,101270.0
2008-07-04 09:30:00,16.51,15.5, -NaN,16.6,101230.0,16.0,101265.0
2008-07-04 10:00:00,17.47,16.43, -NaN,17.1,101250.0,16.0,101260.0
2008-07-04 10:30:00,18.24,16.7, -NaN,18.15,101265.0,16.55,101280.0
2008-07-04 11:00:00,18.69,16.96, -NaN,19.2,101280.0,17.1,101300.0
2008-07-04 11:30:00,19.6,17.42, -NaN,19.75,101290.0,18.05,101315.0
2008-07-04 12:00:00,19.85,17.48, -NaN,20.3,101300.0,19.0,101330.0
2008-07-04 12:30:00,18.59,16.86, -NaN,20.200000000000003,101300.0,19.5,101340.0
2008-07-04 13:00:00,18.32,16.54, -NaN,20.1,101300.0,20.0,101350.0
2008-07-04 13:30:00,18.61,17.02, -NaN,20.5,101305.0,20.0,101350.0
2008-07-04 14:00:00,19.85,18, -NaN,20.9,101310.0,20.0,101350.0
2008-07-04 14:30:00,20.75,18.73, -NaN,21.2,101315.0,20.5,101355.0
2008-07-04 15:00:00,21.03,18.97, -NaN,21.5,101320.0,21.0,101360.0
2008-07-04 15:30:00,22.57,19.9, -NaN,22.0,101310.0,21.5,101365.0
2008-07-04 16:00:00,22.41,20.23, -NaN,22.5,101300.0,22.0,101370.0
2008-07-04 16:30:00,22.66,20.33, -NaN,22.15,101300.0,22.25,101360.0
2008-07-04 17:00:00,23.01,20.29, -NaN,21.8,101300.0,22.5,101350.0
2008-07-04 17:30:00,22.57,20.3, -NaN,21.35,101305.0,22.25,101350.0
2008-07-04 18:00:00,22.24,19.83, -NaN,20.9,101310.0,22.0,101350.0
2008-07-04 18:30:00,20.9,19.65, -NaN,20.65,101295.0,21.5,101355.0
2008-07-04 19:00:00,19.9,19.13, -NaN,20.4,101280.0,21.0,101360.0
2008-07-04 19:30:00,19.59,19, -NaN,19.6,101280.0,20.5,101345.0
2008-07-04 20:00:00,19.24,18.66, -NaN,18.8,101280.0,20.0,101330.0
2008-07-04 20:30:00,18.74,18.38, -NaN,18.35,101300.0,19.5,101330.0
2008-07-04 21:00:00,18.42,18.21, -NaN,17.9,101320.0,19.0,101330.0
2008-07-04 21:30:00,18.3,18.08, -NaN,17.5,101320.0,18.5,101350.0
2008-07-04 22:00:00,17.99,18.03, -NaN,17.1,101320.0,18.0,101370.0
2008-07-04 22:30:00,17.39,18.1, -NaN,16.85,101310.0,17.55,101370.0
2008-07-04 23:00:00,16.97,18.09, -NaN,16.6,101300.0,17.1,101370.0
2008-07-04 23:30:00,17.03,17.65, -NaN,17.15,101290.0,17.05,101360.0
2008-07-05 00:00:00,17.13,17.28, -NaN,17.7,101280.0,17.0,101350.0
2008-07-05 00:30:00,17.21,17.24, -NaN,17.4,101275.0,17.5,101340.0
2008-07-05 01:00:00,17.28,17.13, -NaN,17.1,101270.0,18.0,101330.0
2008-07-05 01:30:00,17.25,17.19, -NaN,17.1,101235.0,17.5,101325.0
2008-07-05 02:00:00,17.27,17.21, -NaN,17.1,101200.0,17.0,101320.0
2008-07-05 02:30:00,17.08,17.39, -NaN,17.05,101195.0,17.0,101285.0
2008-07-05 03:00:00,17.36,17.59, -NaN,17.0,101190.0,17.0,101250.0
2008-07-05 03:30:00,17.5,17.54, -NaN,17.25,101195.0,17.0,101245.0
2008-07-05 04:00:00,17.42,17.41, -NaN,17.5,101200.0,17.0,101240.0
2008-07-05 04:30:00,17.34,17.36, -NaN,17.4,101215.0,17.25,101245.0
2008-07-05 05:00:00,17.34,17.54, -NaN,17.3,101230.0,17.5,101250.0
2008-07-05 05:30:00,17.38,17.47, -NaN,17.450000000000003,101230.0,17.25,101265.0
2008-07-05 06:00:00,17.4,17.31, -NaN,17.6,101230.0,17.0,101280.0
2008-07-05 06:30:00,17.31,17.17, -NaN,17.55,101240.0,17.5,101280.0
2008-07-05 07:00:00,17.24,16.81, -NaN,17.5,101250.0,18.0,101280.0
2008-07-05 07:30:00,16.99,16.17, -NaN,17.65,101255.0,18.0,101290.0
2008-07-05 08:00:00,16.77,15.78, -NaN,17.8,101260.0,18.0,101300.0
2008-07-05 08:30:00,16.86,15.96, -NaN,17.6,101270.0,18.0,101305.0
2008-07-05 09:00:00,17.26,16.45, -NaN,17.4,101280.0,18.0,101310.0
2008-07-05 09:30:00,17.56,16.87, -NaN,17.6,101295.0,17.5,101320.0
2008-07-05 10:00:00,17.71,16.77, -NaN,17.8,101310.0,17.0,101330.0
2008-07-05 10:30:00,17.74,17.04, -NaN,17.85,101325.0,17.4,101345.0
2008-07-05 11:00:00,18.03,17.13, -NaN,17.9,101340.0,17.8,101360.0
2008-07-05 11:30:00,18.11,17.19, -NaN,17.9,101350.0,17.9,101375.0
2008-07-05 12:00:00,18.13,17.2, -NaN,17.9,101360.0,18.0,101390.0
2008-07-05 12:30:00,17.67,17.36, -NaN,18.1,101385.0,18.0,101400.0
2008-07-05 13:00:00,17.68,17.4, -NaN,18.3,101410.0,18.0,101410.0
2008-07-05 13:30:00,18.23,17.29, -NaN,18.35,101405.0,18.0,101435.0
2008-07-05 14:00:00,18.93,17.54, -NaN,18.4,101400.0,18.0,101460.0
2008-07-05 14:30:00,18.55,17.67, -NaN,18.9,101400.0,18.0,101455.0
2008-07-05 15:00:00,19.06,17.72, -NaN,19.4,101400.0,18.0,101450.0
2008-07-05 15:30:00,19.84,17.86, -NaN,20.35,101390.0,18.5,101450.0
2008-07-05 16:00:00,20.76,18.7, -NaN,21.3,101380.0,19.0,101450.0
2008-07-05 16:30:00,20.6,18.8, -NaN,21.4,101375.0,20.15,101440.0
2008-07-05 17:00:00,22.47,19.09, -NaN,21.5,101370.0,21.3,101430.0
2008-07-05 17:30:00,22.55,19.43, -NaN,21.05,101370.0,21.65,101425.0
2008-07-05 18:00:00,21.45,19.53, -NaN,20.6,101370.0,22.0,101420.0
2008-07-05 18:30:00,20.19,19.45, -NaN,20.05,101390.0,21.5,101420.0
2008-07-05 19:00:00,19.83,19.14, -NaN,19.5,101410.0,21.0,101420.0
2008-07-05 19:30:00,19.24,18.9, -NaN,18.85,101420.0,20.5,101440.0
2008-07-05 20:00:00,18.5,18.36, -NaN,18.2,101430.0,20.0,101460.0
2008-07-05 20:30:00,17.82,17.69, -NaN,17.65,101470.0,19.0,101470.0
2008-07-05 21:00:00,17.14,17.04, -NaN,17.1,101510.0,18.0,101480.0
2008-07-05 21:30:00,16.75,16.6, -NaN,17.0,101530.0,17.5,101520.0
2008-07-05 22:00:00,16.43,16.29, -NaN,16.9,101550.0,17.0,101560.0
2008-07-05 22:30:00,16.22,16.16, -NaN,16.6,101570.0,16.95,101580.0
2008-07-05 23:00:00,16.05,15.96, -NaN,16.3,101590.0,16.9,101600.0
2008-07-05 23:30:00,15.91,15.8, -NaN,16.15,101610.0,16.45,101620.0
2008-07-06 00:00:00,15.79,15.73, -NaN,16.0,101630.0,16.0,101640.0
2008-07-06 00:30:00,15.74,15.68, -NaN,16.2,101650.0,16.0,101660.0
2008-07-06 01:00:00,15.62,15.57, -NaN,16.4,101670.0,16.0,101680.0
2008-07-06 01:30:00,15.61,15.58, -NaN,16.049999999999997,101685.0,16.0,101700.0
2008-07-06 02:00:00,15.27,14.97, -NaN,15.7,101700.0,16.0,101720.0
2008-07-06 02:30:00,14.85,14.52, -NaN,15.399999999999999,101720.0,16.0,101735.0
2008-07-06 03:00:00,14.52,14.1, -NaN,15.1,101740.0,16.0,101750.0
2008-07-06 03:30:00,14,13.64, -NaN,14.649999999999999,101760.0,15.5,101770.0
2008-07-06 04:00:00,13.91,13.64, -NaN,14.2,101780.0,15.0,101790.0
2008-07-06 04:30:00,13.87,13.61, -NaN,14.1,101810.0,14.6,101810.0
2008-07-06 05:00:00,13.9,13.72, -NaN,14.0,101840.0,14.2,101830.0
2008-07-06 05:30:00,13.97,13.81, -NaN,14.2,101865.0,14.1,101860.0
2008-07-06 06:00:00,14.11,13.93, -NaN,14.4,101890.0,14.0,101890.0
2008-07-06 06:30:00,14.48,14.06, -NaN,14.600000000000001,101915.0,14.0,101915.0
2008-07-06 07:00:00,14.81,14.2, -NaN,14.8,101940.0,14.0,101940.0
2008-07-06 07:30:00,15.26,14.4, -NaN,15.350000000000001,101955.0,14.5,101965.0
2008-07-06 08:00:00,15.99,14.65, -NaN,15.9,101970.0,15.0,101990.0
2008-07-06 08:30:00,16.34,15.03, -NaN,16.8,101975.0,15.5,102005.0
2008-07-06 09:00:00,16.94,15.42, -NaN,17.7,101980.0,16.0,102020.0
2008-07-06 09:30:00,17.81,15.96, -NaN,17.95,101995.0,17.0,102025.0
2008-07-06 10:00:00,18.48,16.56, -NaN,18.2,102010.0,18.0,102030.0
2008-07-06 10:30:00,17.55,16.5, -NaN,18.0,102025.0,18.1,102045.0
2008-07-06 11:00:00,17.37,16.38, -NaN,17.8,102040.0,18.2,102060.0
2008-07-06 11:30:00,18.24,16.79, -NaN,18.700000000000003,102050.0,18.1,102075.0
2008-07-06 12:00:00,20.57,17.8, -NaN,19.6,102060.0,18.0,102090.0
2008-07-06 12:30:00,20.77,18.35, -NaN,19.75,102055.0,19.0,102100.0
2008-07-06 13:00:00,20.64,18.35, -NaN,19.9,102050.0,20.0,102110.0
2008-07-06 13:30:00,22.06,18.74, -NaN,19.7,102030.0,20.0,102105.0
2008-07-06 14:00:00,22.01,19.17, -NaN,19.5,102010.0,20.0,102100.0
2008-07-06 14:30:00,22.05,19.38, -NaN,19.75,102015.0,20.0,102080.0
2008-07-06 15:00:00,22.88,19.3, -NaN,20.0,102020.0,20.0,102060.0
2008-07-06 15:30:00,21.76,19.37, -NaN,19.9,101960.0,20.0,102065.0
2008-07-06 16:00:00,21.68,19.18, -NaN,19.8,101900.0,20.0,102070.0
2008-07-06 16:30:00,21.23,19.25, -NaN,19.700000000000003,101930.0,19.9,102010.0
2008-07-06 17:00:00,21.35,19.21, -NaN,19.6,101960.0,19.8,101950.0
2008-07-06 17:30:00,21.29,19.26, -NaN,19.450000000000003,101950.0,19.9,101980.0
2008-07-06 18:00:00,21.33,19.16, -NaN,19.3,101940.0,20.0,102010.0
2008-07-06 18:30:00,20.67,18.94, -NaN,19.0,101945.0,19.5,102000.0
2008-07-06 19:00:00,19.87,18.77, -NaN,18.7,101950.0,19.0,101990.0
2008-07-06 19:30:00,19.01,18.61, -NaN,18.45,101945.0,19.0,101995.0
2008-07-06 20:00:00,18.33,18.22, -NaN,18.2,101940.0,19.0,102000.0
2008-07-06 20:30:00,17.58,17.78, -NaN,17.85,101950.0,18.5,101995.0
2008-07-06 21:00:00,16.92,17.38, -NaN,17.5,101960.0,18.0,101990.0
2008-07-06 21:30:00,16.2,16.99, -NaN,16.25,101970.0,18.0,102000.0
2008-07-06 22:00:00,15.26,16.46, -NaN,15.0,101980.0,18.0,102010.0
2008-07-06 22:30:00,14.96,16.63, -NaN,14.95,101990.0,16.5,102020.0
2008-07-06 23:00:00,14.76,16.26, -NaN,14.9,102000.0,15.0,102030.0
2008-07-06 23:30:00,14.75,15.49, -NaN,14.0,101995.0,15.0,102040.0
2008-07-07 00:00:00,14.55,14.95, -NaN,13.1,101990.0,15.0,102050.0
2008-07-07 00:30:00,13.95,14.79, -NaN,13.6,102000.0,14.0,102045.0
2008-07-07 01:00:00,13.39,14.6, -NaN,14.1,102010.0,13.0,102040.0
2008-07-07 01:30:00,12.87,14.55, -NaN,13.149999999999999,102020.0,13.5,102050.0
2008-07-07 02:00:00,12.48,14.21, -NaN,12.2,102030.0,14.0,102060.0
2008-07-07 02:30:00,12.21,14.21, -NaN,12.1,102045.0,13.0,102070.0
2008-07-07 03:00:00,12.34,13.59, -NaN,12.0,102060.0,12.0,102080.0
2008-07-07 03:30:00,12.22,13.42, -NaN,11.85,102045.0,12.0,102095.0
2008-07-07 04:00:00,11.9,13.43, -NaN,11.7,102030.0,12.0,102110.0
2008-07-07 04:30:00,11.88,13.31, -NaN,12.0,102070.0,11.85,102095.0
2008-07-07 05:00:00,11.69,13.15, -NaN,12.3,102110.0,11.7,102080.0
2008-07-07 05:30:00,12.16,13.53, -NaN,13.350000000000001,102135.0,11.85,102120.0
2008-07-07 06:00:00,12.96,14.27, -NaN,14.4,102160.0,12.0,102160.0
2008-07-07 06:30:00,14.07,14.31, -NaN,14.7,102140.0,13.0,102185.0
2008-07-07 07:00:00,15.11,14.51, -NaN,15.0,102120.0,14.0,102210.0
2008-07-07 07:30:00,16.14,14.69, -NaN,15.9,102140.0,14.5,102190.0
2008-07-07 08:00:00,16.53,14.81, -NaN,16.8,102160.0,15.0,102170.0
2008-07-07 08:30:00,17.45,15.64, -NaN,17.450000000000003,102185.0,16.0,102190.0
2008-07-07 09:00:00,18.32,16.21, -NaN,18.1,102210.0,17.0,102210.0
2008-07-07 09:30:00,19.05,16.81, -NaN,18.450000000000003,102205.0,17.5,102235.0
2008-07-07 10:00:00,19.78,17.38, -NaN,18.8,102200.0,18.0,102260.0
2008-07-07 10:30:00,20.94,18.13, -NaN,18.9,102215.0,18.4,102255.0
2008-07-07 11:00:00,21.15,18.44, -NaN,19.0,102230.0,18.8,102250.0
2008-07-07 11:30:00,22.47,18.9, -NaN,19.25,102225.0,18.9,102265.0
2008-07-07 12:00:00,22.21,19.27, -NaN,19.5,102220.0,19.0,102280.0
2008-07-07 12:30:00,22.25,19.61, -NaN,19.5,102210.0,19.5,102275.0
2008-07-07 13:00:00,22.8,19.94, -NaN,19.5,102200.0,20.0,102270.0
2008-07-07 13:30:00,22.79,20.24, -NaN,19.9,102215.0,20.0,102260.0
2008-07-07 14:00:00,23.39,20.71, -NaN,20.3,102230.0,20.0,102250.0
2008-07-07 14:30:00,23.09,20.68, -NaN,20.8,102210.0,20.0,102265.0
2008-07-07 15:00:00,23.71,20.74, -NaN,21.3,102190.0,20.0,102280.0
2008-07-07 15:30:00,24.01,20.88, -NaN,21.700000000000003,102175.0,20.5,102260.0
2008-07-07 16:00:00,23.86,21.19, -NaN,22.1,102160.0,21.0,102240.0
2008-07-07 16:30:00,23.43,21.14, -NaN,21.65,102150.0,21.55,102225.0
2008-07-07 17:00:00,23.25,20.82, -NaN,21.2,102140.0,22.1,102210.0
2008-07-07 17:30:00,23.18,21, -NaN,21.35,102115.0,21.55,102200.0
2008-07-07 18:00:00,23.05,21.17, -NaN,21.5,102090.0,21.0,102190.0
2008-07-07 18:30:00,22.93,20.96, -NaN,21.55,102095.0,21.5,102165.0
2008-07-07 19:00:00,22.42,21.02, -NaN,21.6,102100.0,22.0,102140.0
2008-07-07 19:30:00,21.29,20.84, -NaN,21.1,102110.0,22.0,102145.0
2008-07-07 20:00:00,20.69,20.67, -NaN,20.6,102120.0,22.0,102150.0
2008-07-07 20:30:00,19.97,19.96, -NaN,19.85,102135.0,21.5,102160.0
2008-07-07 21:00:00,19.07,18.94, -NaN,19.1,102150.0,21.0,102170.0
2008-07-07 21:30:00,17.9,18.14, -NaN,17.55,102160.0,20.0,102185.0
2008-07-07 22:00:00,17.19,18.22, -NaN,16.0,102170.0,19.0,102200.0
2008-07-07 22:30:00,16.86,17.24, -NaN,15.3,102170.0,17.5,102210.0
2008-07-07 23:00:00,16.29,16.58, -NaN,14.6,102170.0,16.0,102220.0
2008-07-07 23:30:00,15.66,16.64, -NaN,14.3,102190.0,15.5,102220.0
2008-07-08 00:00:00,15.32,16.36, -NaN,14.0,102210.0,15.0,102220.0
2008-07-08 00:30:00,15.12,15.57, -NaN,13.85,102205.0,14.5,102240.0
2008-07-08 01:00:00,14.59,15.7, -NaN,13.7,102200.0,14.0,102260.0
2008-07-08 01:30:00,14.15,15.77, -NaN,13.3,102205.0,14.0,102255.0
2008-07-08 02:00:00,13.84,15.67, -NaN,12.9,102210.0,14.0,102250.0
2008-07-08 02:30:00,13.67,15.47, -NaN,12.65,102205.0,13.5,102255.0
2008-07-08 03:00:00,13.47,15.18, -NaN,12.4,102200.0,13.0,102260.0
2008-07-08 03:30:00,13.77,14.91, -NaN,12.55,102215.0,12.5,102255.0
2008-07-08 04:00:00,13.57,14.89, -NaN,12.7,102230.0,12.0,102250.0
2008-07-08 04:30:00,13.61,14.9, -NaN,12.899999999999999,102250.0,12.35,102265.0
2008-07-08 05:00:00,13.68,14.99, -NaN,13.1,102270.0,12.7,102280.0
2008-07-08 05:30:00,14.11,15.13, -NaN,14.05,102270.0,12.85,102300.0
2008-07-08 06:00:00,14.62,14.84, -NaN,15.0,102270.0,13.0,102320.0
2008-07-08 06:30:00,14.95,14.86, -NaN,15.95,102260.0,14.0,102320.0
2008-07-08 07:00:00,15.71,15.51, -NaN,16.9,102250.0,15.0,102320.0
2008-07-08 07:30:00,17.23,16.29, -NaN,17.75,102245.0,16.0,102310.0
2008-07-08 08:00:00,18.59,17.18, -NaN,18.6,102240.0,17.0,102300.0
2008-07-08 08:30:00,20.3,18.38, -NaN,19.65,102230.0,18.0,102295.0
2008-07-08 09:00:00,21.08,18.94, -NaN,20.7,102220.0,19.0,102290.0
2008-07-08 09:30:00,21.73,19.33, -NaN,21.049999999999997,102225.0,20.0,102280.0
2008-07-08 10:00:00,22.97,19.71, -NaN,21.4,102230.0,21.0,102270.0
2008-07-08 10:30:00,23.5,20.48, -NaN,22.25,102205.0,21.2,102275.0
2008-07-08 11:00:00,24.19,21.03, -NaN,23.1,102180.0,21.4,102280.0
2008-07-08 11:30:00,24.82,21.54, -NaN,23.65,102155.0,22.2,102255.0
2008-07-08 12:00:00,25.69,22.04, -NaN,24.2,102130.0,23.0,102230.0
2008-07-08 12:30:00,25.18,22.54, -NaN,24.65,102115.0,23.5,102205.0
2008-07-08 13:00:00,25.35,22.35, -NaN,25.1,102100.0,24.0,102180.0
2008-07-08 13:30:00,26.37,22.66, -NaN,25.15,102075.0,24.5,102165.0
2008-07-08 14:00:00,26.78,23.25, -NaN,25.2,102050.0,25.0,102150.0
2008-07-08 14:30:00,26.73,23.48, -NaN,25.0,102030.0,25.0,102125.0
2008-07-08 15:00:00,27.07,23.65, -NaN,24.8,102010.0,25.0,102100.0
2008-07-08 15:30:00,28.16,23.95, -NaN,25.05,101990.0,25.0,102080.0
2008-07-08 16:00:00,27.43,24.19, -NaN,25.3,101970.0,25.0,102060.0
2008-07-08 16:30:00,26.84,24.49, -NaN,24.1,101955.0,25.15,102040.0
2008-07-08 17:00:00,26.5,24.43, -NaN,22.9,101940.0,25.3,102020.0
2008-07-08 17:30:00,26.47,24.34, -NaN,22.549999999999997,101930.0,24.15,102005.0
2008-07-08 18:00:00,26.42,24.28, -NaN,22.2,101920.0,23.0,101990.0
2008-07-08 18:30:00,26.16,24.12, -NaN,21.45,101910.0,22.5,101980.0
2008-07-08 19:00:00,25.03,23.84, -NaN,20.7,101900.0,22.0,101970.0
2008-07-08 19:30:00,23.69,23.49, -NaN,19.799999999999997,101890.0,21.5,101960.0
2008-07-08 20:00:00,22.75,22.92, -NaN,18.9,101880.0,21.0,101950.0
2008-07-08 20:30:00,21.63,21.82, -NaN,18.5,101870.0,20.0,101940.0
2008-07-08 21:00:00,20.56,21.26, -NaN,18.1,101860.0,19.0,101930.0
2008-07-08 21:30:00,20.12,21.23, -NaN,18.35,101870.0,18.5,101920.0
2008-07-08 22:00:00,19.51,20.04, -NaN,18.6,101880.0,18.0,101910.0
2008-07-08 22:30:00,18.6,18.8, -NaN,18.4,101870.0,18.3,101920.0
2008-07-08 23:00:00,17.87,18.14, -NaN,18.2,101860.0,18.6,101930.0
2008-07-08 23:30:00,17.35,17.75, -NaN,17.15,101850.0,18.3,101920.0
2008-07-09 00:00:00,17,17.47, -NaN,16.1,101840.0,18.0,101910.0
2008-07-09 00:30:00,16.58,16.75, -NaN,15.5,101830.0,17.0,101900.0
2008-07-09 01:00:00,16.03,15.88, -NaN,14.9,101820.0,16.0,101890.0
2008-07-09 01:30:00,15.58,15.49, -NaN,14.600000000000001,101820.0,15.5,101880.0
2008-07-09 02:00:00,14.99,14.77, -NaN,14.3,101820.0,15.0,101870.0
2008-07-09 02:30:00,14.62,14.61, -NaN,14.0,101805.0,14.5,101870.0
2008-07-09 03:00:00,14.52,14.51, -NaN,13.7,101790.0,14.0,101870.0
2008-07-09 03:30:00,14.27,14.32, -NaN,14.149999999999999,101800.0,14.0,101855.0
2008-07-09 04:00:00,14.08,14.24, -NaN,14.6,101810.0,14.0,101840.0
2008-07-09 04:30:00,13.83,13.96, -NaN,14.5,101825.0,14.3,101850.0
2008-07-09 05:00:00,13.86,13.85, -NaN,14.4,101840.0,14.6,101860.0
2008-07-09 05:30:00,14.43,14.29, -NaN,15.15,101850.0,14.3,101875.0
2008-07-09 06:00:00,14.9,15, -NaN,15.9,101860.0,14.0,101890.0
2008-07-09 06:30:00,15.73,15.69, -NaN,16.5,101855.0,15.0,101900.0
2008-07-09 07:00:00,16.38,15.79, -NaN,17.1,101850.0,16.0,101910.0
2008-07-09 07:30:00,17.16,16.07, -NaN,17.450000000000003,101860.0,16.5,101905.0
2008-07-09 08:00:00,17.95,16.95, -NaN,17.8,101870.0,17.0,101900.0
2008-07-09 08:30:00,18.44,17.4, -NaN,18.15,101875.0,17.5,101910.0
2008-07-09 09:00:00,19.67,17.68, -NaN,18.5,101880.0,18.0,101920.0
2008-07-09 09:30:00,20.84,18.39, -NaN,18.8,101865.0,18.5,101925.0
2008-07-09 10:00:00,20.86,18.19, -NaN,19.1,101850.0,19.0,101930.0
2008-07-09 10:30:00,21.23,18.57, -NaN,19.700000000000003,101845.0,19.05,101915.0
2008-07-09 11:00:00,21.69,19.35, -NaN,20.3,101840.0,19.1,101900.0
2008-07-09 11:30:00,22.46,19.93, -NaN,20.5,101815.0,19.55,101895.0
2008-07-09 12:00:00,22.79,20.26, -NaN,20.7,101790.0,20.0,101890.0
2008-07-09 12:30:00,23.42,20.89, -NaN,20.9,101765.0,20.5,101865.0
2008-07-09 13:00:00,24.01,21.64, -NaN,21.1,101740.0,21.0,101840.0
2008-07-09 13:30:00,24.81,21.9, -NaN,21.15,101725.0,21.0,101815.0
2008-07-09 14:00:00,24.86,22.1, -NaN,21.2,101710.0,21.0,101790.0
2008-07-09 14:30:00,24.44,21.63, -NaN,21.5,101685.0,21.0,101775.0
2008-07-09 15:00:00,24.64,21.64, -NaN,21.8,101660.0,21.0,101760.0
2008-07-09 15:30:00,24.65,21.52, -NaN,21.8,101635.0,21.5,101735.0
2008-07-09 16:00:00,24.32,21.51, -NaN,21.8,101610.0,22.0,101710.0
2008-07-09 16:30:00,23.05,21.14, -NaN,21.25,101565.0,21.9,101685.0
2008-07-09 17:00:00,22.67,21.26, -NaN,20.7,101520.0,21.8,101660.0
2008-07-09 17:30:00,22.79,21.32, -NaN,21.299999999999997,101495.0,21.4,101615.0
2008-07-09 18:00:00,23.56,21.67, -NaN,21.9,101470.0,21.0,101570.0
2008-07-09 18:30:00,23.66,21.89, -NaN,21.4,101450.0,21.5,101545.0
2008-07-09 19:00:00,22.75,21.59, -NaN,20.9,101430.0,22.0,101520.0
2008-07-09 19:30:00,21.65,21.36, -NaN,21.0,101415.0,21.5,101500.0
2008-07-09 20:00:00,20.94,21.04, -NaN,21.1,101400.0,21.0,101480.0
2008-07-09 20:30:00,20.5,20.57, -NaN,20.65,101400.0,21.0,101465.0
2008-07-09 21:00:00,19.26,19.02, -NaN,20.2,101400.0,21.0,101450.0
2008-07-09 21:30:00,18.19,17.99, -NaN,19.25,101400.0,20.5,101450.0
2008-07-09 22:00:00,17.35,17.25, -NaN,18.3,101400.0,20.0,101450.0
2008-07-09 22:30:00,16.59,16.63, -NaN,18.1,101390.0,19.15,101450.0
2008-07-09 23:00:00,16.18,16.34, -NaN,17.9,101380.0,18.3,101450.0
2008-07-09 23:30:00,15.68,16.02, -NaN,17.7,101375.0,18.15,101440.0
2008-07-10 00:00:00,15.37,16.25, -NaN,17.5,101370.0,18.0,101430.0
2008-07-10 00:30:00,15.25,16.15, -NaN,17.05,101360.0,18.0,101425.0
2008-07-10 01:00:00,14.88,16.05, -NaN,16.6,101350.0,18.0,101420.0
2008-07-10 01:30:00,15.42,16.41, -NaN,16.450000000000003,101330.0,17.5,101410.0
2008-07-10 02:00:00,16.04,16.25, -NaN,16.3,101310.0,17.0,101400.0
2008-07-10 02:30:00,15.85,15.99, -NaN,16.1,101330.0,16.5,101380.0
2008-07-10 03:00:00,15.59,15.78, -NaN,15.9,101350.0,16.0,101360.0
2008-07-10 03:30:00,15.22,15.4, -NaN,15.5,101350.0,16.0,101380.0
2008-07-10 04:00:00,14.81,15, -NaN,15.1,101350.0,16.0,101400.0
2008-07-10 04:30:00,14.61,14.83, -NaN,14.899999999999999,101390.0,15.55,101400.0
2008-07-10 05:00:00,14.52,14.69, -NaN,14.7,101430.0,15.1,101400.0
2008-07-10 05:30:00,14.43,14.61, -NaN,14.75,101465.0,15.05,101440.0
2008-07-10 06:00:00,14.58,14.61, -NaN,14.8,101500.0,15.0,101480.0
2008-07-10 06:30:00,14.86,14.6, -NaN,15.3,101515.0,15.0,101515.0
2008-07-10 07:00:00,14.68,14.43, -NaN,15.8,101530.0,15.0,101550.0
2008-07-10 07:30:00,15.81,14.52, -NaN,16.35,101560.0,15.5,101565.0
2008-07-10 08:00:00,16.26,14.93, -NaN,16.9,101590.0,16.0,101580.0
2008-07-10 08:30:00,16.48,14.93, -NaN,16.299999999999997,101590.0,16.5,101610.0
2008-07-10 09:00:00,16.37,15, -NaN,15.7,101590.0,17.0,101640.0
2008-07-10 09:30:00,17,15.24, -NaN,16.35,101615.0,16.5,101640.0
2008-07-10 10:00:00,17.69,15.73, -NaN,17.0,101640.0,16.0,101640.0
2008-07-10 10:30:00,18.13,16.24, -NaN,17.65,101680.0,16.5,101665.0
2008-07-10 11:00:00,18.73,16.74, -NaN,18.3,101720.0,17.0,101690.0
2008-07-10 11:30:00,18.55,16.56, -NaN,19.1,101730.0,17.5,101730.0
2008-07-10 12:00:00,19.26,17.13, -NaN,19.9,101740.0,18.0,101770.0
2008-07-10 12:30:00,19.49,17.3, -NaN,19.5,101750.0,19.0,101780.0
2008-07-10 13:00:00,19.42,17, -NaN,19.1,101760.0,20.0,101790.0
2008-07-10 13:30:00,19.68,17.2, -NaN,19.25,101755.0,19.5,101800.0
2008-07-10 14:00:00,20.05,17.49, -NaN,19.4,101750.0,19.0,101810.0
2008-07-10 14:30:00,20.31,17.63, -NaN,19.25,101770.0,19.0,101805.0
2008-07-10 15:00:00,20.02,17.55, -NaN,19.1,101790.0,19.0,101800.0
2008-07-10 15:30:00,19.98,17.45, -NaN,19.05,101785.0,19.0,101820.0
2008-07-10 16:00:00,19.84,17.79, -NaN,19.0,101780.0,19.0,101840.0
2008-07-10 16:30:00,19.5,17.76, -NaN,18.95,101780.0,19.0,101835.0
2008-07-10 17:00:00,19.88,18.13, -NaN,18.9,101780.0,19.0,101830.0
2008-07-10 17:30:00,19.84,17.97, -NaN,18.6,101785.0,19.0,101830.0
2008-07-10 18:00:00,20.47,18.65, -NaN,18.3,101790.0,19.0,101830.0
2008-07-10 18:30:00,20.62,19.03, -NaN,18.1,101815.0,18.5,101835.0
2008-07-10 19:00:00,20.19,19.14, -NaN,17.9,101840.0,18.0,101840.0
2008-07-10 19:30:00,18.74,18.14, -NaN,17.65,101885.0,18.0,101865.0
2008-07-10 20:00:00,17.4,17.24, -NaN,17.4,101930.0,18.0,101890.0
2008-07-10 20:30:00,16.88,16.85, -NaN,17.25,101970.0,17.5,101935.0
2008-07-10 21:00:00,16.44,16.51, -NaN,17.1,102010.0,17.0,101980.0
2008-07-10 21:30:00,16.04,16.2, -NaN,17.0,102045.0,17.0,102020.0
2008-07-10 22:00:00,15.26,15.8, -NaN,16.9,102080.0,17.0,102060.0
2008-07-10 22:30:00,15.05,15.64, -NaN,15.7,102120.0,16.95,102095.0
2008-07-10 23:00:00,14.56,14.66, -NaN,14.5,102160.0,16.9,102130.0
2008-07-10 23:30:00,13.97,14.28, -NaN,14.4,102190.0,15.95,102170.0
2008-07-11 00:00:00,13.47,14.09, -NaN,14.3,102220.0,15.0,102210.0
2008-07-11 00:30:00,12.83,14.2, -NaN,13.350000000000001,102230.0,14.5,102240.0
2008-07-11 01:00:00,12.54,14.3, -NaN,12.4,102240.0,14.0,102270.0
2008-07-11 01:30:00,12.47,13.96, -NaN,12.65,102265.0,13.0,102280.0
2008-07-11 02:00:00,12.19,13.72, -NaN,12.9,102290.0,12.0,102290.0
2008-07-11 02:30:00,11.65,13.51, -NaN,12.850000000000001,102315.0,12.5,102315.0
2008-07-11 03:00:00,11.33,13.44, -NaN,12.8,102340.0,13.0,102340.0
2008-07-11 03:30:00,11.25,13.52, -NaN,12.25,102360.0,13.0,102365.0
2008-07-11 04:00:00,11.18,13.13, -NaN,11.7,102380.0,13.0,102390.0
2008-07-11 04:30:00,10.89,13.35, -NaN,11.85,102405.0,12.35,102410.0
2008-07-11 05:00:00,10.63,13.29, -NaN,12.0,102430.0,11.7,102430.0
2008-07-11 05:30:00,10.86,13.35, -NaN,13.05,102440.0,11.85,102455.0
2008-07-11 06:00:00,11.49,14.03, -NaN,14.1,102450.0,12.0,102480.0
2008-07-11 06:30:00,13.02,15.32, -NaN,15.0,102470.0,13.0,102490.0
2008-07-11 07:00:00,14.19,15.01, -NaN,15.9,102490.0,14.0,102500.0
2008-07-11 07:30:00,16.4,15.7, -NaN,16.7,102505.0,15.0,102520.0
2008-07-11 08:00:00,17.28,16.05, -NaN,17.5,102520.0,16.0,102540.0
2008-07-11 08:30:00,18.57,16.27, -NaN,17.9,102505.0,17.0,102555.0
2008-07-11 09:00:00,19.08,17.15, -NaN,18.3,102490.0,18.0,102570.0
2008-07-11 09:30:00,19.64,17.5, -NaN,18.35,102485.0,18.0,102555.0
2008-07-11 10:00:00,20.82,18.11, -NaN,18.4,102480.0,18.0,102540.0
2008-07-11 10:30:00,21.35,19.19, -NaN,18.45,102470.0,18.2,102535.0
2008-07-11 11:00:00,22.05,19.28, -NaN,18.5,102460.0,18.4,102530.0
2008-07-11 11:30:00,21.72,18.91, -NaN,18.45,102455.0,18.7,102520.0
2008-07-11 12:00:00,22.19,19.4, -NaN,18.4,102450.0,19.0,102510.0
2008-07-11 12:30:00,21.85,19.36, -NaN,19.15,102420.0,18.5,102505.0
2008-07-11 13:00:00,22.94,20.32, -NaN,19.9,102390.0,18.0,102500.0
2008-07-11 13:30:00,23.61,20.66, -NaN,20.1,102380.0,19.0,102470.0
2008-07-11 14:00:00,24.17,21.29, -NaN,20.3,102370.0,20.0,102440.0
2008-07-11 14:30:00,24.34,21.83, -NaN,20.65,102345.0,20.0,102430.0
2008-07-11 15:00:00,24.48,21.87, -NaN,21.0,102320.0,20.0,102420.0
2008-07-11 15:30:00,25.31,22.48, -NaN,20.7,102285.0,20.5,102395.0
2008-07-11 16:00:00,25.5,23.05, -NaN,20.4,102250.0,21.0,102370.0
2008-07-11 16:30:00,25.39,23.06, -NaN,20.4,102220.0,20.7,102335.0
2008-07-11 17:00:00,24.43,22.3, -NaN,20.4,102190.0,20.4,102300.0
2008-07-11 17:30:00,24.07,22.25, -NaN,20.45,102160.0,20.2,102270.0
2008-07-11 18:00:00,24.62,22.7, -NaN,20.5,102130.0,20.0,102240.0
2008-07-11 18:30:00,24.16,23.03, -NaN,19.65,102120.0,20.5,102210.0
2008-07-11 19:00:00,22.81,21.97, -NaN,18.8,102110.0,21.0,102180.0
2008-07-11 19:30:00,21.5,21.5, -NaN,18.25,102090.0,20.0,102170.0
2008-07-11 20:00:00,20.63,20.92, -NaN,17.7,102070.0,19.0,102160.0
2008-07-11 20:30:00,19.69,20.05, -NaN,17.4,102095.0,18.5,102140.0
2008-07-11 21:00:00,18.76,19.58, -NaN,17.1,102120.0,18.0,102120.0
2008-07-11 21:30:00,18.24,19.57, -NaN,17.1,102105.0,17.5,102145.0
2008-07-11 22:00:00,18.18,19.36, -NaN,17.1,102090.0,17.0,102170.0
2008-07-11 22:30:00,17.6,19.31, -NaN,16.950000000000003,102090.0,17.05,102155.0
2008-07-11 23:00:00,16.65,19.35, -NaN,16.8,102090.0,17.1,102140.0
2008-07-11 23:30:00,16.37,18.52, -NaN,16.2,102095.0,17.05,102140.0
2008-07-12 00:00:00,15.69,18.13, -NaN,15.6,102100.0,17.0,102140.0
2008-07-12 00:30:00,15.33,17.9, -NaN,15.0,102105.0,16.5,102145.0
2008-07-12 01:00:00,15.18,17.16, -NaN,14.4,102110.0,16.0,102150.0
2008-07-12 01:30:00,14.61,17.37, -NaN,14.5,102115.0,15.0,102155.0
2008-07-12 02:00:00,14.18,17.57, -NaN,14.6,102120.0,14.0,102160.0
2008-07-12 02:30:00,14.47,17.28, -NaN,14.1,102135.0,14.5,102165.0
2008-07-12 03:00:00,14.44,16.78, -NaN,13.6,102150.0,15.0,102170.0
2008-07-12 03:30:00,14.01,16.91, -NaN,13.6,102155.0,14.5,102185.0
2008-07-12 04:00:00,13.92,16.42, -NaN,13.6,102160.0,14.0,102200.0
2008-07-12 04:30:00,13.9,16.05, -NaN,14.45,102180.0,13.8,102205.0
2008-07-12 05:00:00,13.92,15.96, -NaN,15.3,102200.0,13.6,102210.0
2008-07-12 05:30:00,14.26,16, -NaN,16.25,102215.0,14.3,102230.0
2008-07-12 06:00:00,14.68,16.68, -NaN,17.2,102230.0,15.0,102250.0
2008-07-12 06:30:00,15.73,17.57, -NaN,18.0,102230.0,16.0,102265.0
2008-07-12 07:00:00,17.34,18.15, -NaN,18.8,102230.0,17.0,102280.0
2008-07-12 07:30:00,19.37,19.3, -NaN,19.5,102225.0,18.0,102280.0
2008-07-12 08:00:00,20.61,19.32, -NaN,20.2,102220.0,19.0,102280.0
2008-07-12 08:30:00,21.2,19.6, -NaN,20.4,102230.0,19.5,102275.0
2008-07-12 09:00:00,21.59,19.73, -NaN,20.6,102240.0,20.0,102270.0
2008-07-12 09:30:00,22.52,20.58, -NaN,20.700000000000003,102230.0,20.5,102280.0
2008-07-12 10:00:00,23.4,21.3, -NaN,20.8,102220.0,21.0,102290.0
2008-07-12 10:30:00,24.04,21.47, -NaN,20.950000000000003,102210.0,20.9,102280.0
2008-07-12 11:00:00,24.31,21.77, -NaN,21.1,102200.0,20.8,102270.0
2008-07-12 11:30:00,25.38,22.43, -NaN,21.200000000000003,102200.0,20.9,102260.0
2008-07-12 12:00:00,25.1,22.36, -NaN,21.3,102200.0,21.0,102250.0
2008-07-12 12:30:00,25.22,22.62, -NaN,21.8,102180.0,21.0,102250.0
2008-07-12 13:00:00,26.07,23.22, -NaN,22.3,102160.0,21.0,102250.0
2008-07-12 13:30:00,26.78,24.06, -NaN,22.200000000000003,102145.0,21.5,102230.0
2008-07-12 14:00:00,27,24.17, -NaN,22.1,102130.0,22.0,102210.0
2008-07-12 14:30:00,26.94,24.5, -NaN,22.6,102100.0,22.0,102195.0
2008-07-12 15:00:00,27.21,24.27, -NaN,23.1,102070.0,22.0,102180.0
2008-07-12 15:30:00,27.1,24.67, -NaN,23.8,102040.0,22.5,102150.0
2008-07-12 16:00:00,26.73,23.95, -NaN,24.5,102010.0,23.0,102120.0
2008-07-12 16:30:00,26.77,24.41, -NaN,24.8,101975.0,23.75,102090.0
2008-07-12 17:00:00,26.95,25.03, -NaN,25.1,101940.0,24.5,102060.0
2008-07-12 17:30:00,27.52,25.25, -NaN,24.65,101915.0,24.75,102025.0
2008-07-12 18:00:00,27.37,25.57, -NaN,24.2,101890.0,25.0,101990.0
2008-07-12 18:30:00,27.51,25.7, -NaN,24.1,101865.0,24.5,101965.0
2008-07-12 19:00:00,26.84,25.41, -NaN,24.0,101840.0,24.0,101940.0
2008-07-12 19:30:00,25.3,25.07, -NaN,23.75,101830.0,24.0,101915.0
2008-07-12 20:00:00,24.47,24.57, -NaN,23.5,101820.0,24.0,101890.0
2008-07-12 20:30:00,23.09,23.56, -NaN,21.9,101825.0,24.0,101880.0
2008-07-12 21:00:00,22.08,23.38, -NaN,20.3,101830.0,24.0,101870.0
2008-07-12 21:30:00,21.46,22.94, -NaN,20.200000000000003,101825.0,22.0,101875.0
2008-07-12 22:00:00,20.54,22.26, -NaN,20.1,101820.0,20.0,101880.0
2008-07-12 22:30:00,20.4,21.71, -NaN,20.35,101815.0,20.05,101875.0
2008-07-12 23:00:00,20.41,21.26, -NaN,20.6,101810.0,20.1,101870.0
2008-07-12 23:30:00,20.05,20.82, -NaN,19.65,101810.0,20.55,101865.0
2008-07-13 00:00:00,19.18,20.13, -NaN,18.7,101810.0,21.0,101860.0
2008-07-13 00:30:00,18.16,19.04, -NaN,17.35,101805.0,20.0,101860.0
2008-07-13 01:00:00,17.17,19.4, -NaN,16.0,101800.0,19.0,101860.0
2008-07-13 01:30:00,16.74,18.89, -NaN,15.85,101805.0,17.5,101855.0
2008-07-13 02:00:00,16.48,18.01, -NaN,15.7,101810.0,16.0,101850.0
2008-07-13 02:30:00,15.68,17.93, -NaN,15.5,101825.0,16.0,101855.0
2008-07-13 03:00:00,15.46,17.66, -NaN,15.3,101840.0,16.0,101860.0
2008-07-13 03:30:00,15.19,16.99, -NaN,15.05,101845.0,15.5,101875.0
2008-07-13 04:00:00,14.43,16.8, -NaN,14.8,101850.0,15.0,101890.0
2008-07-13 04:30:00,13.96,16.63, -NaN,15.05,101865.0,14.9,101895.0
2008-07-13 05:00:00,14.1,16.57, -NaN,15.3,101880.0,14.8,101900.0
2008-07-13 05:30:00,14.15,17.25, -NaN,16.55,101900.0,14.9,101915.0
2008-07-13 06:00:00,15.01,17.42, -NaN,17.8,101920.0,15.0,101930.0
2008-07-13 06:30:00,16.52,17.17, -NaN,17.950000000000003,101925.0,16.5,101950.0
2008-07-13 07:00:00,17.18,16.93, -NaN,18.1,101930.0,18.0,101970.0
2008-07-13 07:30:00,18.45,17.32, -NaN,18.700000000000003,101920.0,18.0,101975.0
2008-07-13 08:00:00,19.3,17.56, -NaN,19.3,101910.0,18.0,101980.0
2008-07-13 08:30:00,19.92,17.96, -NaN,20.05,101895.0,18.5,101970.0
2008-07-13 09:00:00,20.75,18.48, -NaN,20.8,101880.0,19.0,101960.0
2008-07-13 09:30:00,21.66,18.85, -NaN,20.950000000000003,101875.0,20.0,101945.0
2008-07-13 10:00:00,22.07,19.37, -NaN,21.1,101870.0,21.0,101930.0
2008-07-13 10:30:00,22.51,19.8, -NaN,20.9,101855.0,21.05,101925.0
2008-07-13 11:00:00,23.63,20.34, -NaN,20.7,101840.0,21.1,101920.0
2008-07-13 11:30:00,24.12,21, -NaN,20.7,101820.0,21.05,101905.0
2008-07-13 12:00:00,25.4,21.59, -NaN,20.7,101800.0,21.0,101890.0
2008-07-13 12:30:00,26.29,21.9, -NaN,21.799999999999997,101770.0,21.0,101870.0
2008-07-13 13:00:00,25.71,22.46, -NaN,22.9,101740.0,21.0,101850.0
2008-07-13 13:30:00,25.84,23.18, -NaN,22.799999999999997,101725.0,22.0,101820.0
2008-07-13 14:00:00,26.16,23.35, -NaN,22.7,101710.0,23.0,101790.0
2008-07-13 14:30:00,26.34,23.21, -NaN,22.95,101685.0,23.0,101775.0
2008-07-13 15:00:00,26.31,23.55, -NaN,23.2,101660.0,23.0,101760.0
2008-07-13 15:30:00,26.35,23.68, -NaN,23.25,101620.0,23.0,101735.0
2008-07-13 16:00:00,26.81,24.2, -NaN,23.3,101580.0,23.0,101710.0
2008-07-13 16:30:00,26.45,24.09, -NaN,23.4,101555.0,23.15,101670.0
2008-07-13 17:00:00,26.24,24.04, -NaN,23.5,101530.0,23.3,101630.0
2008-07-13 17:30:00,26.6,24.14, -NaN,23.1,101505.0,23.65,101605.0
2008-07-13 18:00:00,26.18,23.88, -NaN,22.7,101480.0,24.0,101580.0
2008-07-13 18:30:00,25.39,23.45, -NaN,22.0,101460.0,23.5,101555.0
2008-07-13 19:00:00,24.61,23.19, -NaN,21.3,101440.0,23.0,101530.0
2008-07-13 19:30:00,23.32,23.02, -NaN,20.9,101430.0,22.0,101510.0
2008-07-13 20:00:00,22.45,22.27, -NaN,20.5,101420.0,21.0,101490.0
2008-07-13 20:30:00,20.87,20.5, -NaN,19.8,101440.0,21.0,101480.0
2008-07-13 21:00:00,19.72,19.37, -NaN,19.1,101460.0,21.0,101470.0
2008-07-13 21:30:00,18.7,18.53, -NaN,19.15,101475.0,20.0,101490.0
2008-07-13 22:00:00,18.03,17.77, -NaN,19.2,101490.0,19.0,101510.0
2008-07-13 22:30:00,17.43,17.25, -NaN,17.25,101495.0,19.1,101525.0
2008-07-13 23:00:00,16.73,16.4, -NaN,15.3,101500.0,19.2,101540.0
2008-07-13 23:30:00,16.07,15.83, -NaN,14.8,101500.0,17.1,101545.0
2008-07-14 00:00:00,15.53,15.26, -NaN,14.3,101500.0,15.0,101550.0
2008-07-14 00:30:00,15.01,14.85, -NaN,14.2,101510.0,14.5,101550.0
2008-07-14 01:00:00,14.82,14.63, -NaN,14.1,101520.0,14.0,101550.0
2008-07-14 01:30:00,14.59,14.33, -NaN,13.899999999999999,101525.0,14.0,101560.0
2008-07-14 02:00:00,14.35,14.11, -NaN,13.7,101530.0,14.0,101570.0
2008-07-14 02:30:00,14.31,14.08, -NaN,13.649999999999999,101530.0,14.0,101575.0
2008-07-14 03:00:00,14.23,14.1, -NaN,13.6,101530.0,14.0,101580.0
2008-07-14 03:30:00,14.17,14.08, -NaN,13.55,101545.0,14.0,101580.0
2008-07-14 04:00:00,13.96,14.16, -NaN,13.5,101560.0,14.0,101580.0
2008-07-14 04:30:00,13.43,14.1, -NaN,13.65,101575.0,13.75,101595.0
2008-07-14 05:00:00,13.63,14.09, -NaN,13.8,101590.0,13.5,101610.0
2008-07-14 05:30:00,13.88,14.31, -NaN,14.4,101610.0,13.75,101625.0
2008-07-14 06:00:00,14.19,14.49, -NaN,15.0,101630.0,14.0,101640.0
2008-07-14 06:30:00,14.79,14.75, -NaN,15.7,101640.0,14.5,101660.0
2008-07-14 07:00:00,15.3,15.23, -NaN,16.4,101650.0,15.0,101680.0
2008-07-14 07:30:00,16.68,15.52, -NaN,17.1,101655.0,15.5,101690.0
2008-07-14 08:00:00,17.51,15.68, -NaN,17.8,101660.0,16.0,101700.0
2008-07-14 08:30:00,17.95,16.38, -NaN,18.4,101655.0,17.0,101705.0
2008-07-14 09:00:00,18.99,16.75, -NaN,19.0,101650.0,18.0,101710.0
2008-07-14 09:30:00,19.58,17.2, -NaN,19.6,101645.0,18.5,101705.0
2008-07-14 10:00:00,21.05,17.98, -NaN,20.2,101640.0,19.0,101700.0
2008-07-14 10:30:00,21.25,18.57, -NaN,21.0,101635.0,19.6,101695.0
2008-07-14 11:00:00,21.04,18.74, -NaN,21.8,101630.0,20.2,101690.0
2008-07-14 11:30:00,22.67,19.49, -NaN,21.35,101630.0,21.1,101685.0
2008-07-14 12:00:00,23.43,20.09, -NaN,20.9,101630.0,22.0,101680.0
2008-07-14 12:30:00,23.91,21.01, -NaN,21.15,101625.0,21.5,101680.0
2008-07-14 13:00:00,25.06,21.91, -NaN,21.4,101620.0,21.0,101680.0
2008-07-14 13:30:00,24.83,21.75, -NaN,22.4,101585.0,21.0,101675.0
2008-07-14 14:00:00,25.35,22.27, -NaN,23.4,101550.0,21.0,101670.0
2008-07-14 14:30:00,25.74,22.68, -NaN,22.25,101535.0,22.0,101635.0
2008-07-14 15:00:00,24.76,22.66, -NaN,21.1,101520.0,23.0,101600.0
2008-07-14 15:30:00,23.04,21.71, -NaN,21.6,101510.0,22.0,101585.0
2008-07-14 16:00:00,23.69,21, -NaN,22.1,101500.0,21.0,101570.0
2008-07-14 16:30:00,22.82,20.68, -NaN,22.75,101475.0,21.55,101560.0
2008-07-14 17:00:00,23.32,20.82, -NaN,23.4,101450.0,22.1,101550.0
2008-07-14 17:30:00,24.07,21.53, -NaN,22.25,101420.0,22.55,101525.0
2008-07-14 18:00:00,24.17,21.97, -NaN,21.1,101390.0,23.0,101500.0
2008-07-14 18:30:00,23.88,22.17, -NaN,20.9,101365.0,22.0,101470.0
2008-07-14 19:00:00,23.33,21.47, -NaN,20.7,101340.0,21.0,101440.0
2008-07-14 19:30:00,21.74,20.89, -NaN,19.5,101355.0,21.0,101415.0
2008-07-14 20:00:00,20.25,19.97, -NaN,18.3,101370.0,21.0,101390.0
2008-07-14 20:30:00,19.32,19.53, -NaN,17.35,101395.0,19.5,101405.0
2008-07-14 21:00:00,18.62,19.06, -NaN,16.4,101420.0,18.0,101420.0
2008-07-14 21:30:00,18.02,18.33, -NaN,16.5,101420.0,17.0,101445.0
2008-07-14 22:00:00,17.59,18.39, -NaN,16.6,101420.0,16.0,101470.0
2008-07-14 22:30:00,17.44,18.24, -NaN,17.0,101420.0,16.3,101470.0
2008-07-14 23:00:00,17.5,17.89, -NaN,17.4,101420.0,16.6,101470.0
2008-07-14 23:30:00,17.65,17.77, -NaN,17.2,101430.0,16.8,101470.0
2008-07-15 00:00:00,16.65,16.4, -NaN,17.0,101440.0,17.0,101470.0
2008-07-15 00:30:00,15.89,15.85, -NaN,16.25,101460.0,17.0,101480.0
2008-07-15 01:00:00,15.33,15.41, -NaN,15.5,101480.0,17.0,101490.0
2008-07-15 01:30:00,14.84,14.99, -NaN,14.35,101495.0,16.5,101510.0
2008-07-15 02:00:00,14.45,14.64, -NaN,13.2,101510.0,16.0,101530.0
2008-07-15 02:30:00,14.03,14.27, -NaN,13.149999999999999,101515.0,14.5,101545.0
2008-07-15 03:00:00,13.55,13.81, -NaN,13.1,101520.0,13.0,101560.0
2008-07-15 03:30:00,13.5,13.63, -NaN,13.35,101530.0,13.0,101565.0
2008-07-15 04:00:00,13.35,13.51, -NaN,13.6,101540.0,13.0,101570.0
2008-07-15 04:30:00,13.08,13.48, -NaN,13.3,101545.0,13.3,101580.0
2008-07-15 05:00:00,12.96,13.37, -NaN,13.0,101550.0,13.6,101590.0
2008-07-15 05:30:00,13.44,13.59, -NaN,13.85,101575.0,13.3,101595.0
2008-07-15 06:00:00,14.08,13.91, -NaN,14.7,101600.0,13.0,101600.0
2008-07-15 06:30:00,14.14,14.07, -NaN,15.3,101615.0,14.0,101625.0
2008-07-15 07:00:00,14.77,14.7, -NaN,15.9,101630.0,15.0,101650.0
2008-07-15 07:30:00,16.47,15.61, -NaN,16.65,101635.0,15.5,101665.0
2008-07-15 08:00:00,16.56,15.41, -NaN,17.4,101640.0,16.0,101680.0
2008-07-15 08:30:00,18.35,16.03, -NaN,18.15,101650.0,16.5,101685.0
2008-07-15 09:00:00,19.03,16.6, -NaN,18.9,101660.0,17.0,101690.0
2008-07-15 09:30:00,20.28,16.96, -NaN,19.7,101655.0,18.0,101700.0
2008-07-15 10:00:00,20.53,17.68, -NaN,20.5,101650.0,19.0,101710.0
2008-07-15 10:30:00,21.85,18.37, -NaN,20.65,101645.0,19.75,101705.0
2008-07-15 11:00:00,22,19.2, -NaN,20.8,101640.0,20.5,101700.0
2008-07-15 11:30:00,22.65,19.89, -NaN,20.950000000000003,101640.0,20.75,101695.0
2008-07-15 12:00:00,23.75,20.59, -NaN,21.1,101640.0,21.0,101690.0
2008-07-15 12:30:00,24.57,21.27, -NaN,20.9,101640.0,21.0,101690.0
2008-07-15 13:00:00,25.02,21.99, -NaN,20.7,101640.0,21.0,101690.0
2008-07-15 13:30:00,24.93,22.03, -NaN,21.049999999999997,101630.0,21.0,101690.0
2008-07-15 14:00:00,25.17,22.39, -NaN,21.4,101620.0,21.0,101690.0
2008-07-15 14:30:00,25.24,22.06, -NaN,21.549999999999997,101610.0,21.0,101680.0
2008-07-15 15:00:00,25.43,22.42, -NaN,21.7,101600.0,21.0,101670.0
2008-07-15 15:30:00,25.34,22.89, -NaN,21.95,101585.0,21.5,101660.0
2008-07-15 16:00:00,25.35,22.69, -NaN,22.2,101570.0,22.0,101650.0
2008-07-15 16:30:00,25.37,22.73, -NaN,22.0,101560.0,22.1,101635.0
2008-07-15 17:00:00,24.85,22.85, -NaN,21.8,101550.0,22.2,101620.0
2008-07-15 17:30:00,24.82,22.71, -NaN,21.9,101540.0,22.1,101610.0
2008-07-15 18:00:00,24.71,22.43, -NaN,22.0,101530.0,22.0,101600.0
2008-07-15 18:30:00,24.45,22.44, -NaN,21.25,101530.0,22.0,101590.0
2008-07-15 19:00:00,23.71,22.39, -NaN,20.5,101530.0,22.0,101580.0
2008-07-15 19:30:00,22.36,22.12, -NaN,19.7,101530.0,21.5,101580.0
2008-07-15 20:00:00,21.71,22.01, -NaN,18.9,101530.0,21.0,101580.0
2008-07-15 20:30:00,21.23,21.37, -NaN,18.25,101540.0,20.0,101580.0
2008-07-15 21:00:00,20.4,20.52, -NaN,17.6,101550.0,19.0,101580.0
2008-07-15 21:30:00,19.78,20.13, -NaN,18.4,101560.0,18.5,101590.0
2008-07-15 22:00:00,19.25,19.83, -NaN,19.2,101570.0,18.0,101600.0
2008-07-15 22:30:00,18.69,19.31, -NaN,19.049999999999997,101580.0,18.6,101610.0
2008-07-15 23:00:00,18.13,19.1, -NaN,18.9,101590.0,19.2,101620.0
2008-07-15 23:30:00,18.01,18.68, -NaN,18.299999999999997,101610.0,19.1,101630.0
2008-07-16 00:00:00,17.58,18.19, -NaN,17.7,101630.0,19.0,101640.0
2008-07-16 00:30:00,16.42,17.74, -NaN,17.1,101645.0,18.5,101660.0
2008-07-16 01:00:00,15.63,17.07, -NaN,16.5,101660.0,18.0,101680.0
2008-07-16 01:30:00,15.4,16.05, -NaN,15.8,101680.0,17.5,101695.0
2008-07-16 02:00:00,14.86,15.65, -NaN,15.1,101700.0,17.0,101710.0
2008-07-16 02:30:00,14.23,15.41, -NaN,14.5,101710.0,16.0,101730.0
2008-07-16 03:00:00,14.37,15.15, -NaN,13.9,101720.0,15.0,101750.0
2008-07-16 03:30:00,14.14,15.06, -NaN,13.8,101740.0,14.5,101760.0
2008-07-16 04:00:00,13.95,14.78, -NaN,13.7,101760.0,14.0,101770.0
2008-07-16 04:30:00,13.74,14.54, -NaN,13.399999999999999,101780.0,13.85,101790.0
2008-07-16 05:00:00,13.93,14.37, -NaN,13.1,101800.0,13.7,101810.0
2008-07-16 05:30:00,14.26,14.47, -NaN,14.35,101830.0,13.35,101830.0
2008-07-16 06:00:00,14.68,14.77, -NaN,15.6,101860.0,13.0,101850.0
2008-07-16 06:30:00,15.29,15.34, -NaN,16.35,101890.0,14.5,101880.0
2008-07-16 07:00:00,15.79,15.57, -NaN,17.1,101920.0,16.0,101910.0
2008-07-16 07:30:00,16.98,15.57, -NaN,17.65,101950.0,16.5,101940.0
2008-07-16 08:00:00,17.67,15.87, -NaN,18.2,101980.0,17.0,101970.0
2008-07-16 08:30:00,18.49,16.49, -NaN,18.75,101990.0,17.5,102000.0
2008-07-16 09:00:00,19.28,17.06, -NaN,19.3,102000.0,18.0,102030.0
2008-07-16 09:30:00,20.25,17.61, -NaN,19.85,102005.0,18.5,102040.0
2008-07-16 10:00:00,20.88,18.26, -NaN,20.4,102010.0,19.0,102050.0
2008-07-16 10:30:00,21.84,18.85, -NaN,20.4,102030.0,19.7,102055.0
2008-07-16 11:00:00,22.26,19.19, -NaN,20.4,102050.0,20.4,102060.0
2008-07-16 11:30:00,23.1,19.68, -NaN,20.65,102055.0,20.2,102080.0
2008-07-16 12:00:00,23.93,19.98, -NaN,20.9,102060.0,20.0,102100.0
2008-07-16 12:30:00,24.64,20.27, -NaN,21.45,102055.0,20.5,102105.0
2008-07-16 13:00:00,24.05,20.91, -NaN,22.0,102050.0,21.0,102110.0
2008-07-16 13:30:00,24.05,21.22, -NaN,22.1,102040.0,21.5,102105.0
2008-07-16 14:00:00,24.14,21.3, -NaN,22.2,102030.0,22.0,102100.0
2008-07-16 14:30:00,24.63,21.54, -NaN,22.65,102010.0,22.0,102090.0
2008-07-16 15:00:00,25,22.35, -NaN,23.1,101990.0,22.0,102080.0
2008-07-16 15:30:00,25.14,22.6, -NaN,23.4,101970.0,22.5,102060.0
2008-07-16 16:00:00,25.44,22.66, -NaN,23.7,101950.0,23.0,102040.0
2008-07-16 16:30:00,25.16,22.69, -NaN,23.75,101925.0,23.35,102020.0
2008-07-16 17:00:00,25.13,22.97, -NaN,23.8,101900.0,23.7,102000.0
2008-07-16 17:30:00,25.33,22.87, -NaN,23.55,101880.0,23.85,101975.0
2008-07-16 18:00:00,24.98,22.15, -NaN,23.3,101860.0,24.0,101950.0
2008-07-16 18:30:00,24.58,22.03, -NaN,22.9,101850.0,23.5,101930.0
2008-07-16 19:00:00,23.78,21.82, -NaN,22.5,101840.0,23.0,101910.0
2008-07-16 19:30:00,21.85,21.08, -NaN,20.85,101845.0,23.0,101900.0
2008-07-16 20:00:00,20.79,20.3, -NaN,19.2,101850.0,23.0,101890.0
2008-07-16 20:30:00,19.7,19.5, -NaN,18.35,101870.0,21.0,101895.0
2008-07-16 21:00:00,18.97,19.24, -NaN,17.5,101890.0,19.0,101900.0
2008-07-16 21:30:00,18.46,19.42, -NaN,17.8,101890.0,18.5,101920.0
2008-07-16 22:00:00,17.96,19.52, -NaN,18.1,101890.0,18.0,101940.0
2008-07-16 22:30:00,17.24,19.16, -NaN,17.8,101895.0,18.05,101940.0
2008-07-16 23:00:00,16.97,18.92, -NaN,17.5,101900.0,18.1,101940.0
2008-07-16 23:30:00,16.81,18.37, -NaN,17.0,101905.0,18.05,101945.0
2008-07-17 00:00:00,16.36,17.86, -NaN,16.5,101910.0,18.0,101950.0
2008-07-17 00:30:00,15.95,17.17, -NaN,15.95,101920.0,17.5,101955.0
2008-07-17 01:00:00,15.61,16.74, -NaN,15.4,101930.0,17.0,101960.0
2008-07-17 01:30:00,15.14,16.07, -NaN,15.15,101925.0,16.0,101970.0
2008-07-17 02:00:00,14.56,14.96, -NaN,14.9,101920.0,15.0,101980.0
2008-07-17 02:30:00,14.06,14.38, -NaN,14.55,101930.0,15.0,101975.0
2008-07-17 03:00:00,13.77,14.03, -NaN,14.2,101940.0,15.0,101970.0
2008-07-17 03:30:00,13.39,13.61, -NaN,13.85,101940.0,14.5,101980.0
2008-07-17 04:00:00,13.04,13.19, -NaN,13.5,101940.0,14.0,101990.0
2008-07-17 04:30:00,12.75,12.9, -NaN,13.45,101955.0,13.75,101990.0
2008-07-17 05:00:00,12.57,12.64, -NaN,13.4,101970.0,13.5,101990.0
2008-07-17 05:30:00,12.67,12.63, -NaN,13.8,101980.0,13.25,102005.0
2008-07-17 06:00:00,12.95,12.85, -NaN,14.2,101990.0,13.0,102020.0
2008-07-17 06:30:00,13.48,13.19, -NaN,14.7,102000.0,13.5,102030.0
2008-07-17 07:00:00,14.25,13.94, -NaN,15.2,102010.0,14.0,102040.0
2008-07-17 07:30:00,15.45,14.38, -NaN,15.9,102005.0,14.5,102050.0
2008-07-17 08:00:00,16.22,14.78, -NaN,16.6,102000.0,15.0,102060.0
2008-07-17 08:30:00,16.97,15.24, -NaN,17.3,102000.0,16.0,102055.0
2008-07-17 09:00:00,17.82,15.77, -NaN,18.0,102000.0,17.0,102050.0
2008-07-17 09:30:00,18.95,16.15, -NaN,18.45,101995.0,17.5,102050.0
2008-07-17 10:00:00,19.57,16.52, -NaN,18.9,101990.0,18.0,102050.0
2008-07-17 10:30:00,19.95,16.85, -NaN,19.4,101980.0,18.45,102045.0
2008-07-17 11:00:00,20.49,17.58, -NaN,19.9,101970.0,18.9,102040.0
2008-07-17 11:30:00,21.27,17.76, -NaN,20.2,101960.0,19.45,102030.0
2008-07-17 12:00:00,21.48,18.24, -NaN,20.5,101950.0,20.0,102020.0
2008-07-17 12:30:00,22.55,18.93, -NaN,20.25,101935.0,20.5,102010.0
2008-07-17 13:00:00,21.91,19.12, -NaN,20.0,101920.0,21.0,102000.0
2008-07-17 13:30:00,21.94,19.22, -NaN,20.15,101910.0,20.5,101985.0
2008-07-17 14:00:00,22.24,19.6, -NaN,20.3,101900.0,20.0,101970.0
2008-07-17 14:30:00,22.71,19.48, -NaN,20.3,101880.0,20.0,101960.0
2008-07-17 15:00:00,22.34,19.55, -NaN,20.3,101860.0,20.0,101950.0
2008-07-17 15:30:00,22.27,19.59, -NaN,20.75,101835.0,20.0,101930.0
2008-07-17 16:00:00,22.07,19.6, -NaN,21.2,101810.0,20.0,101910.0
2008-07-17 16:30:00,22.85,19.76, -NaN,20.75,101780.0,20.6,101885.0
2008-07-17 17:00:00,22,19.65, -NaN,20.3,101750.0,21.2,101860.0
2008-07-17 17:30:00,22.08,19.62, -NaN,20.5,101720.0,20.6,101830.0
2008-07-17 18:00:00,22.01,19.39, -NaN,20.7,101690.0,20.0,101800.0
2008-07-17 18:30:00,21.94,19.32, -NaN,20.5,101685.0,20.5,101770.0
2008-07-17 19:00:00,21.26,19.24, -NaN,20.3,101680.0,21.0,101740.0
2008-07-17 19:30:00,19.73,18.83, -NaN,19.65,101680.0,20.5,101735.0
2008-07-17 20:00:00,18.95,18.43, -NaN,19.0,101680.0,20.0,101730.0
2008-07-17 20:30:00,18.13,17.74, -NaN,18.55,101685.0,19.5,101730.0
2008-07-17 21:00:00,17.3,17.12, -NaN,18.1,101690.0,19.0,101730.0
2008-07-17 21:30:00,16.74,16.6, -NaN,17.5,101690.0,18.5,101735.0
2008-07-17 22:00:00,16.27,16.17, -NaN,16.9,101690.0,18.0,101740.0
2008-07-17 22:30:00,15.93,15.98, -NaN,16.5,101695.0,17.45,101740.0
2008-07-17 23:00:00,15.69,15.7, -NaN,16.1,101700.0,16.9,101740.0
2008-07-17 23:30:00,15.26,15.32, -NaN,15.55,101700.0,16.45,101745.0
2008-07-18 00:00:00,14.85,14.91, -NaN,15.0,101700.0,16.0,101750.0
2008-07-18 00:30:00,14.47,14.35, -NaN,14.6,101690.0,15.5,101750.0
2008-07-18 01:00:00,13.93,13.85, -NaN,14.2,101680.0,15.0,101750.0
2008-07-18 01:30:00,13.6,13.5, -NaN,13.45,101685.0,14.5,101740.0
2008-07-18 02:00:00,13.33,13.11, -NaN,12.7,101690.0,14.0,101730.0
2008-07-18 02:30:00,13.08,12.89, -NaN,12.649999999999999,101695.0,13.5,101735.0
2008-07-18 03:00:00,12.95,12.76, -NaN,12.6,101700.0,13.0,101740.0
2008-07-18 03:30:00,12.87,12.8, -NaN,12.6,101715.0,13.0,101745.0
2008-07-18 04:00:00,12.81,12.8, -NaN,12.6,101730.0,13.0,101750.0
2008-07-18 04:30:00,12.67,12.71, -NaN,12.899999999999999,101750.0,12.8,101765.0
2008-07-18 05:00:00,12.54,12.65, -NaN,13.2,101770.0,12.6,101780.0
2008-07-18 05:30:00,12.86,12.76, -NaN,13.6,101775.0,12.8,101800.0
2008-07-18 06:00:00,13.18,12.99, -NaN,14.0,101780.0,13.0,101820.0
2008-07-18 06:30:00,14.05,13.53, -NaN,14.4,101795.0,13.5,101825.0
2008-07-18 07:00:00,14.49,13.79, -NaN,14.8,101810.0,14.0,101830.0
2008-07-18 07:30:00,15.5,13.94, -NaN,15.05,101830.0,14.5,101845.0
2008-07-18 08:00:00,17.02,14.2, -NaN,15.3,101850.0,15.0,101860.0
2008-07-18 08:30:00,16.59,14.55, -NaN,15.8,101865.0,15.0,101880.0
2008-07-18 09:00:00,16.36,14.86, -NaN,16.3,101880.0,15.0,101900.0
2008-07-18 09:30:00,17.75,15.1, -NaN,17.0,101890.0,15.5,101915.0
2008-07-18 10:00:00,18.82,15.8, -NaN,17.7,101900.0,16.0,101930.0
2008-07-18 10:30:00,18.41,15.67, -NaN,18.2,101915.0,16.85,101940.0
2008-07-18 11:00:00,18.71,15.67, -NaN,18.7,101930.0,17.7,101950.0
2008-07-18 11:30:00,19.08,16.06, -NaN,19.0,101930.0,18.35,101965.0
2008-07-18 12:00:00,20.55,16.37, -NaN,19.3,101930.0,19.0,101980.0
2008-07-18 12:30:00,20.2,16.78, -NaN,19.35,101930.0,19.0,101980.0
2008-07-18 13:00:00,20.89,17.14, -NaN,19.4,101930.0,19.0,101980.0
2008-07-18 13:30:00,19.5,17.19, -NaN,20.049999999999997,101925.0,19.0,101980.0
2008-07-18 14:00:00,19.64,17.3, -NaN,20.7,101920.0,19.0,101980.0
2008-07-18 14:30:00,19.68,17.71, -NaN,20.6,101905.0,20.0,101975.0
2008-07-18 15:00:00,20.55,18.07, -NaN,20.5,101890.0,21.0,101970.0
2008-07-18 15:30:00,22.02,18.54, -NaN,20.55,101870.0,21.0,101955.0
2008-07-18 16:00:00,21.29,18.7, -NaN,20.6,101850.0,21.0,101940.0
2008-07-18 16:30:00,22.2,18.83, -NaN,20.4,101830.0,20.8,101920.0
2008-07-18 17:00:00,21.45,18.97, -NaN,20.2,101810.0,20.6,101900.0
2008-07-18 17:30:00,21.56,19.3, -NaN,19.9,101790.0,20.3,101880.0
2008-07-18 18:00:00,21.18,19.05, -NaN,19.6,101770.0,20.0,101860.0
2008-07-18 18:30:00,20.68,18.8, -NaN,19.3,101760.0,20.0,101840.0
2008-07-18 19:00:00,19.73,18.48, -NaN,19.0,101750.0,20.0,101820.0
2008-07-18 19:30:00,18.67,18.14, -NaN,18.4,101745.0,19.5,101810.0
2008-07-18 20:00:00,18.01,17.77, -NaN,17.8,101740.0,19.0,101800.0
2008-07-18 20:30:00,17.45,17.3, -NaN,17.55,101745.0,18.5,101795.0
2008-07-18 21:00:00,16.86,16.91, -NaN,17.3,101750.0,18.0,101790.0
2008-07-18 21:30:00,16.26,16.67, -NaN,16.65,101755.0,17.5,101795.0
2008-07-18 22:00:00,15.69,16.36, -NaN,16.0,101760.0,17.0,101800.0
2008-07-18 22:30:00,15.48,16.13, -NaN,15.35,101760.0,16.5,101805.0
2008-07-18 23:00:00,15.18,15.83, -NaN,14.7,101760.0,16.0,101810.0
2008-07-18 23:30:00,14.74,15.57, -NaN,14.2,101755.0,15.5,101810.0
2008-07-19 00:00:00,14.11,15.29, -NaN,13.7,101750.0,15.0,101810.0
2008-07-19 00:30:00,13.78,15.19, -NaN,13.8,101745.0,14.5,101805.0
2008-07-19 01:00:00,13.45,15.21, -NaN,13.9,101740.0,14.0,101800.0
2008-07-19 01:30:00,13.15,15.12, -NaN,14.15,101725.0,14.0,101795.0
2008-07-19 02:00:00,12.84,15.07, -NaN,14.4,101710.0,14.0,101790.0
2008-07-19 02:30:00,12.88,14.78, -NaN,13.600000000000001,101715.0,14.0,101775.0
2008-07-19 03:00:00,12.61,14.69, -NaN,12.8,101720.0,14.0,101760.0
2008-07-19 03:30:00,12.2,14.36, -NaN,12.850000000000001,101720.0,13.5,101765.0
2008-07-19 04:00:00,11.82,14.09, -NaN,12.9,101720.0,13.0,101770.0
2008-07-19 04:30:00,12,13.66, -NaN,12.65,101720.0,12.95,101770.0
2008-07-19 05:00:00,11.98,13.26, -NaN,12.4,101720.0,12.9,101770.0
2008-07-19 05:30:00,12.07,13.35, -NaN,13.3,101730.0,12.45,101770.0
2008-07-19 06:00:00,12.88,13.84, -NaN,14.2,101740.0,12.0,101770.0
2008-07-19 06:30:00,13.82,13.82, -NaN,14.5,101740.0,13.0,101780.0
2008-07-19 07:00:00,14.17,13.84, -NaN,14.8,101740.0,14.0,101790.0
2008-07-19 07:30:00,15.35,14.42, -NaN,15.5,101745.0,14.5,101790.0
2008-07-19 08:00:00,16.15,14.87, -NaN,16.2,101750.0,15.0,101790.0
2008-07-19 08:30:00,17.1,15.14, -NaN,16.95,101745.0,15.5,101795.0
2008-07-19 09:00:00,17.72,15.76, -NaN,17.7,101740.0,16.0,101800.0
2008-07-19 09:30:00,18.61,16.19, -NaN,18.5,101730.0,17.0,101795.0
2008-07-19 10:00:00,20.34,16.71, -NaN,19.3,101720.0,18.0,101790.0
2008-07-19 10:30:00,20.38,17.5, -NaN,19.3,101705.0,18.65,101780.0
2008-07-19 11:00:00,21.25,18.14, -NaN,19.3,101690.0,19.3,101770.0
2008-07-19 11:30:00,21.47,18.49, -NaN,20.0,101670.0,19.15,101755.0
2008-07-19 12:00:00,22.47,19.15, -NaN,20.7,101650.0,19.0,101740.0
2008-07-19 12:30:00,22.51,19.6, -NaN,21.6,101630.0,20.0,101720.0
2008-07-19 13:00:00,23.78,20.2, -NaN,22.5,101610.0,21.0,101700.0
2008-07-19 13:30:00,24.27,20.18, -NaN,22.45,101585.0,22.0,101680.0
2008-07-19 14:00:00,24.61,20.63, -NaN,22.4,101560.0,23.0,101660.0
2008-07-19 14:30:00,24.81,21.05, -NaN,22.7,101530.0,22.5,101635.0
2008-07-19 15:00:00,24.49,21.08, -NaN,23.0,101500.0,22.0,101610.0
2008-07-19 15:30:00,24.73,21.13, -NaN,22.75,101475.0,22.5,101580.0
2008-07-19 16:00:00,24.79,21.73, -NaN,22.5,101450.0,23.0,101550.0
2008-07-19 16:30:00,24.75,22, -NaN,22.3,101425.0,22.75,101525.0
2008-07-19 17:00:00,23.97,21.77, -NaN,22.1,101400.0,22.5,101500.0
2008-07-19 17:30:00,23.35,21.36, -NaN,21.5,101385.0,22.25,101475.0
2008-07-19 18:00:00,22.44,20.7, -NaN,20.9,101370.0,22.0,101450.0
2008-07-19 18:30:00,22.52,20.58, -NaN,20.7,101355.0,21.5,101435.0
2008-07-19 19:00:00,21.91,20.41, -NaN,20.5,101340.0,21.0,101420.0
2008-07-19 19:30:00,20.39,20.28, -NaN,20.45,101325.0,21.0,101405.0
2008-07-19 20:00:00,19.76,19.88, -NaN,20.4,101310.0,21.0,101390.0
2008-07-19 20:30:00,19.25,19.55, -NaN,19.6,101325.0,20.5,101375.0
2008-07-19 21:00:00,18.7,19.09, -NaN,18.8,101340.0,20.0,101360.0
2008-07-19 21:30:00,18.24,18.04, -NaN,17.700000000000003,101345.0,19.5,101375.0
2008-07-19 22:00:00,17.12,16.71, -NaN,16.6,101350.0,19.0,101390.0
2008-07-19 22:30:00,16.55,16.34, -NaN,15.950000000000001,101350.0,17.8,101395.0
2008-07-19 23:00:00,16.07,16.15, -NaN,15.3,101350.0,16.6,101400.0
2008-07-19 23:30:00,15.84,16.11, -NaN,15.45,101345.0,15.8,101400.0
2008-07-20 00:00:00,15.24,15.9, -NaN,15.6,101340.0,15.0,101400.0
2008-07-20 00:30:00,14.91,16.19, -NaN,14.899999999999999,101350.0,15.5,101395.0
2008-07-20 01:00:00,14.77,16.14, -NaN,14.2,101360.0,16.0,101390.0
2008-07-20 01:30:00,14.72,15.72, -NaN,14.2,101375.0,15.0,101400.0
2008-07-20 02:00:00,14.56,15.14, -NaN,14.2,101390.0,14.0,101410.0
2008-07-20 02:30:00,14.09,14.74, -NaN,13.399999999999999,101405.0,14.0,101425.0
2008-07-20 03:00:00,13.6,14.44, -NaN,12.6,101420.0,14.0,101440.0
2008-07-20 03:30:00,13.31,14.06, -NaN,12.3,101430.0,13.5,101455.0
2008-07-20 04:00:00,13.06,13.63, -NaN,12.0,101440.0,13.0,101470.0
2008-07-20 04:30:00,12.8,13.39, -NaN,12.55,101450.0,12.5,101480.0
2008-07-20 05:00:00,12.75,13.11, -NaN,13.1,101460.0,12.0,101490.0
2008-07-20 05:30:00,12.82,13.12, -NaN,13.399999999999999,101475.0,12.5,101500.0
2008-07-20 06:00:00,13.11,13.27, -NaN,13.7,101490.0,13.0,101510.0
2008-07-20 06:30:00,13.37,13.16, -NaN,14.25,101500.0,13.5,101525.0
2008-07-20 07:00:00,13.86,13.3, -NaN,14.8,101510.0,14.0,101540.0
2008-07-20 07:30:00,15.09,13.87, -NaN,15.6,101530.0,14.5,101550.0
2008-07-20 08:00:00,16.53,14.78, -NaN,16.4,101550.0,15.0,101560.0
2008-07-20 08:30:00,17.51,15.67, -NaN,16.9,101545.0,15.5,101580.0
2008-07-20 09:00:00,18.19,16.3, -NaN,17.4,101540.0,16.0,101600.0
2008-07-20 09:30:00,19.03,16.68, -NaN,18.2,101525.0,16.5,101595.0
2008-07-20 10:00:00,19.38,16.96, -NaN,19.0,101510.0,17.0,101590.0
2008-07-20 10:30:00,20.11,17.52, -NaN,19.8,101505.0,18.0,101575.0
2008-07-20 11:00:00,20.96,18.12, -NaN,20.6,101500.0,19.0,101560.0
2008-07-20 11:30:00,21.63,18.48, -NaN,21.4,101485.0,20.0,101555.0
2008-07-20 12:00:00,22.29,19.15, -NaN,22.2,101470.0,21.0,101550.0
2008-07-20 12:30:00,23.1,19.68, -NaN,22.4,101450.0,21.5,101535.0
2008-07-20 13:00:00,22.93,19.93, -NaN,22.6,101430.0,22.0,101520.0
2008-07-20 13:30:00,24.09,20.57, -NaN,23.35,101405.0,22.5,101500.0
2008-07-20 14:00:00,25.25,21.73, -NaN,24.1,101380.0,23.0,101480.0
2008-07-20 14:30:00,25.73,21.95, -NaN,24.65,101345.0,23.5,101455.0
2008-07-20 15:00:00,26.16,22.37, -NaN,25.2,101310.0,24.0,101430.0
2008-07-20 15:30:00,26.57,22.89, -NaN,25.0,101290.0,24.5,101395.0
2008-07-20 16:00:00,26.3,22.92, -NaN,24.8,101270.0,25.0,101360.0
2008-07-20 16:30:00,25.79,22.5, -NaN,24.55,101250.0,24.9,101340.0
2008-07-20 17:00:00,25.06,22.31, -NaN,24.3,101230.0,24.8,101320.0
2008-07-20 17:30:00,24.98,22.22, -NaN,24.1,101225.0,24.4,101300.0
2008-07-20 18:00:00,24.64,22.17, -NaN,23.9,101220.0,24.0,101280.0
2008-07-20 18:30:00,24.53,22.05, -NaN,23.549999999999997,101210.0,24.0,101275.0
2008-07-20 19:00:00,23.57,21.89, -NaN,23.2,101200.0,24.0,101270.0
2008-07-20 19:30:00,22.08,21.46, -NaN,21.35,101210.0,23.5,101260.0
2008-07-20 20:00:00,20.91,20.66, -NaN,19.5,101220.0,23.0,101250.0
2008-07-20 20:30:00,19.59,19.53, -NaN,18.15,101225.0,21.5,101260.0
2008-07-20 21:00:00,18.68,19.16, -NaN,16.8,101230.0,20.0,101270.0
2008-07-20 21:30:00,18.37,18.93, -NaN,17.5,101240.0,18.5,101275.0
2008-07-20 22:00:00,17.99,18.7, -NaN,18.2,101250.0,17.0,101280.0
2008-07-20 22:30:00,17.5,18.4, -NaN,17.25,101265.0,17.6,101290.0
2008-07-20 23:00:00,16.87,18.18, -NaN,16.3,101280.0,18.2,101300.0
2008-07-20 23:30:00,16.47,17.76, -NaN,16.05,101295.0,17.1,101315.0
2008-07-21 00:00:00,15.9,15.99, -NaN,15.8,101310.0,16.0,101330.0
2008-07-21 00:30:00,15.23,15.27, -NaN,15.45,101305.0,16.0,101345.0
2008-07-21 01:00:00,14.93,14.67, -NaN,15.1,101300.0,16.0,101360.0
2008-07-21 01:30:00,14.55,14.43, -NaN,15.0,101330.0,15.5,101355.0
2008-07-21 02:00:00,14.15,14.75, -NaN,14.9,101360.0,15.0,101350.0
2008-07-21 02:30:00,14.33,14.76, -NaN,14.45,101380.0,15.0,101380.0
2008-07-21 03:00:00,14.25,14.2, -NaN,14.0,101400.0,15.0,101410.0
2008-07-21 03:30:00,13.83,13.99, -NaN,13.25,101420.0,14.5,101430.0
2008-07-21 04:00:00,13.49,13.83, -NaN,12.5,101440.0,14.0,101450.0
2008-07-21 04:30:00,13.23,13.66, -NaN,13.05,101455.0,13.25,101470.0
2008-07-21 05:00:00,13.13,13.58, -NaN,13.6,101470.0,12.5,101490.0
2008-07-21 05:30:00,13.48,13.68, -NaN,14.0,101500.0,13.25,101505.0
2008-07-21 06:00:00,13.84,13.86, -NaN,14.4,101530.0,14.0,101520.0
2008-07-21 06:30:00,14.34,14.16, -NaN,14.65,101545.0,14.0,101550.0
2008-07-21 07:00:00,14.94,14.71, -NaN,14.9,101560.0,14.0,101580.0
2008-07-21 07:30:00,16.15,14.94, -NaN,15.95,101575.0,14.5,101595.0
2008-07-21 08:00:00,17.36,15.28, -NaN,17.0,101590.0,15.0,101610.0
2008-07-21 08:30:00,18.05,15.68, -NaN,17.5,101600.0,16.0,101625.0
2008-07-21 09:00:00,18.98,16.45, -NaN,18.0,101610.0,17.0,101640.0
2008-07-21 09:30:00,19.33,16.94, -NaN,18.75,101605.0,17.5,101650.0
2008-07-21 10:00:00,20.88,17.52, -NaN,19.5,101600.0,18.0,101660.0
2008-07-21 10:30:00,21.42,18.18, -NaN,20.05,101585.0,18.75,101655.0
2008-07-21 11:00:00,20.87,18.72, -NaN,20.6,101570.0,19.5,101650.0
2008-07-21 11:30:00,22.55,19.65, -NaN,21.35,101560.0,20.25,101635.0
2008-07-21 12:00:00,22.88,19.48, -NaN,22.1,101550.0,21.0,101620.0
2008-07-21 12:30:00,23.35,19.77, -NaN,20.85,101550.0,21.5,101610.0
2008-07-21 13:00:00,23.7,20.61, -NaN,19.6,101550.0,22.0,101600.0
2008-07-21 13:30:00,23.46,20.7, -NaN,20.0,101525.0,21.0,101600.0
2008-07-21 14:00:00,23.6,20.63, -NaN,20.4,101500.0,20.0,101600.0
2008-07-21 14:30:00,24.08,21.03, -NaN,21.2,101485.0,20.0,101575.0
2008-07-21 15:00:00,23.92,20.9, -NaN,22.0,101470.0,20.0,101550.0
2008-07-21 15:30:00,24.19,21.52, -NaN,22.35,101445.0,21.0,101535.0
2008-07-21 16:00:00,24.49,21.49, -NaN,22.7,101420.0,22.0,101520.0
2008-07-21 16:30:00,24.33,21.6, -NaN,22.65,101385.0,22.35,101495.0
2008-07-21 17:00:00,23.98,21.75, -NaN,22.6,101350.0,22.7,101470.0
2008-07-21 17:30:00,24.45,22.05, -NaN,22.15,101330.0,22.85,101435.0
2008-07-21 18:00:00,24.19,22.1, -NaN,21.7,101310.0,23.0,101400.0
2008-07-21 18:30:00,24,21.99, -NaN,21.0,101305.0,22.5,101380.0
2008-07-21 19:00:00,22.84,21.61, -NaN,20.3,101300.0,22.0,101360.0
2008-07-21 19:30:00,21.44,21.12, -NaN,19.6,101305.0,21.0,101355.0
2008-07-21 20:00:00,20.48,20.49, -NaN,18.9,101310.0,20.0,101350.0
2008-07-21 20:30:00,19.73,19.8, -NaN,18.35,101325.0,19.5,101355.0
2008-07-21 21:00:00,18.77,18.52, -NaN,17.8,101340.0,19.0,101360.0
2008-07-21 21:30:00,17.88,17.8, -NaN,17.15,101335.0,18.5,101375.0
2008-07-21 22:00:00,17.4,17.49, -NaN,16.5,101330.0,18.0,101390.0
2008-07-21 22:30:00,17.08,17.14, -NaN,16.35,101340.0,17.25,101385.0
2008-07-21 23:00:00,16.5,16.43, -NaN,16.2,101350.0,16.5,101380.0
2008-07-21 23:30:00,15.94,15.87, -NaN,15.95,101340.0,16.25,101390.0
2008-07-22 00:00:00,15.5,15.45, -NaN,15.7,101330.0,16.0,101400.0
2008-07-22 00:30:00,15.11,14.96, -NaN,14.85,101340.0,16.0,101390.0
2008-07-22 01:00:00,14.82,14.59, -NaN,14.0,101350.0,16.0,101380.0
2008-07-22 01:30:00,14.44,14.3, -NaN,14.1,101365.0,15.0,101390.0
2008-07-22 02:00:00,14.37,14.36, -NaN,14.2,101380.0,14.0,101400.0
2008-07-22 02:30:00,14.44,14.64, -NaN,14.55,101395.0,14.0,101415.0
2008-07-22 03:00:00,14.5,14.91, -NaN,14.9,101410.0,14.0,101430.0
2008-07-22 03:30:00,14.32,14.99, -NaN,15.0,101425.0,14.5,101445.0
2008-07-22 04:00:00,14.78,14.75, -NaN,15.1,101440.0,15.0,101460.0
2008-07-22 04:30:00,14.46,14.09, -NaN,14.899999999999999,101460.0,15.05,101475.0
2008-07-22 05:00:00,14.3,13.84, -NaN,14.7,101480.0,15.1,101490.0
2008-07-22 05:30:00,14.32,13.78, -NaN,14.8,101515.0,15.05,101510.0
2008-07-22 06:00:00,14.29,13.59, -NaN,14.9,101550.0,15.0,101530.0
2008-07-22 06:30:00,14.37,13.43, -NaN,14.95,101575.0,15.0,101565.0
2008-07-22 07:00:00,14.58,13.74, -NaN,15.0,101600.0,15.0,101600.0
2008-07-22 07:30:00,14.99,14.26, -NaN,15.15,101625.0,15.0,101625.0
2008-07-22 08:00:00,15.94,14.6, -NaN,15.3,101650.0,15.0,101650.0
2008-07-22 08:30:00,16.21,14.74, -NaN,15.950000000000001,101660.0,15.0,101675.0
2008-07-22 09:00:00,16.23,14.67, -NaN,16.6,101670.0,15.0,101700.0
2008-07-22 09:30:00,16.1,14.47, -NaN,17.5,101680.0,16.0,101710.0
2008-07-22 10:00:00,16.36,14.48, -NaN,18.4,101690.0,17.0,101720.0
2008-07-22 10:30:00,16.49,14.43, -NaN,18.85,101685.0,17.7,101730.0
2008-07-22 11:00:00,16.67,14.49, -NaN,19.3,101680.0,18.4,101740.0
2008-07-22 11:30:00,17.49,15.15, -NaN,19.1,101680.0,18.7,101735.0
2008-07-22 12:00:00,19.34,16.06, -NaN,18.9,101680.0,19.0,101730.0
2008-07-22 12:30:00,21.27,17.05, -NaN,19.45,101690.0,19.0,101730.0
2008-07-22 13:00:00,20.03,17.04, -NaN,20.0,101700.0,19.0,101730.0
2008-07-22 13:30:00,20.18,17.07, -NaN,20.35,101705.0,19.5,101740.0
2008-07-22 14:00:00,20.49,17.27, -NaN,20.7,101710.0,20.0,101750.0
2008-07-22 14:30:00,20.72,17.06, -NaN,20.15,101715.0,20.5,101755.0
2008-07-22 15:00:00,21.34,17.11, -NaN,19.6,101720.0,21.0,101760.0
2008-07-22 15:30:00,20.82,16.92, -NaN,19.75,101720.0,20.5,101765.0
2008-07-22 16:00:00,20.72,17.17, -NaN,19.9,101720.0,20.0,101770.0
2008-07-22 16:30:00,20.08,17.02, -NaN,19.7,101715.0,19.95,101770.0
2008-07-22 17:00:00,19.86,17.28, -NaN,19.5,101710.0,19.9,101770.0
2008-07-22 17:30:00,20.09,17.32, -NaN,19.2,101710.0,19.95,101765.0
2008-07-22 18:00:00,19.83,17.36, -NaN,18.9,101710.0,20.0,101760.0
2008-07-22 18:30:00,19.09,16.96, -NaN,18.549999999999997,101720.0,19.5,101760.0
2008-07-22 19:00:00,18.57,16.83, -NaN,18.2,101730.0,19.0,101760.0
2008-07-22 19:30:00,17.38,16.59, -NaN,17.549999999999997,101745.0,18.5,101770.0
2008-07-22 20:00:00,16.71,16.13, -NaN,16.9,101760.0,18.0,101780.0
2008-07-22 20:30:00,16.1,15.67, -NaN,16.049999999999997,101800.0,17.5,101795.0
2008-07-22 21:00:00,15.85,15.47, -NaN,15.2,101840.0,17.0,101810.0
2008-07-22 21:30:00,15.74,15.36, -NaN,15.7,101845.0,16.0,101850.0
2008-07-22 22:00:00,15.67,15.29, -NaN,16.2,101850.0,15.0,101890.0
2008-07-22 22:30:00,15.67,15.2, -NaN,15.85,101860.0,15.6,101895.0
2008-07-22 23:00:00,15.59,15.19, -NaN,15.5,101870.0,16.2,101900.0
2008-07-22 23:30:00,15.63,15.29, -NaN,15.6,101870.0,16.1,101910.0
2008-07-23 00:00:00,15.69,15.4, -NaN,15.7,101870.0,16.0,101920.0
2008-07-23 00:30:00,15.55,15.11, -NaN,15.6,101870.0,16.0,101920.0
2008-07-23 01:00:00,15.37,15.14, -NaN,15.5,101870.0,16.0,101920.0
2008-07-23 01:30:00,15.23,15.02, -NaN,15.45,101880.0,16.0,101920.0
2008-07-23 02:00:00,15.15,14.91, -NaN,15.4,101890.0,16.0,101920.0
2008-07-23 02:30:00,15.12,14.73, -NaN,15.350000000000001,101895.0,15.5,101930.0
2008-07-23 03:00:00,15.02,14.71, -NaN,15.3,101900.0,15.0,101940.0
2008-07-23 03:30:00,14.91,14.51, -NaN,14.95,101920.0,15.0,101945.0
2008-07-23 04:00:00,14.73,14.45, -NaN,14.6,101940.0,15.0,101950.0
2008-07-23 04:30:00,14.65,14.32, -NaN,14.5,101955.0,14.8,101970.0
2008-07-23 05:00:00,14.33,13.87, -NaN,14.4,101970.0,14.6,101990.0
2008-07-23 05:30:00,14.07,13.6, -NaN,14.25,101995.0,14.3,102005.0
2008-07-23 06:00:00,13.88,13.44, -NaN,14.1,102020.0,14.0,102020.0
2008-07-23 06:30:00,13.92,13.36, -NaN,14.2,102035.0,14.0,102045.0
2008-07-23 07:00:00,14.1,13.31, -NaN,14.3,102050.0,14.0,102070.0
2008-07-23 07:30:00,14.38,13.36, -NaN,14.45,102070.0,14.0,102085.0
2008-07-23 08:00:00,14.69,13.37, -NaN,14.6,102090.0,14.0,102100.0
2008-07-23 08:30:00,14.88,13.48, -NaN,14.899999999999999,102105.0,14.5,102120.0
2008-07-23 09:00:00,15.21,13.66, -NaN,15.2,102120.0,15.0,102140.0
2008-07-23 09:30:00,15.51,13.8, -NaN,15.45,102135.0,15.0,102155.0
2008-07-23 10:00:00,16.21,14.09, -NaN,15.7,102150.0,15.0,102170.0
2008-07-23 10:30:00,16.5,14.38, -NaN,16.15,102165.0,15.35,102185.0
2008-07-23 11:00:00,16.35,14.53, -NaN,16.6,102180.0,15.7,102200.0
2008-07-23 11:30:00,16.38,14.31, -NaN,16.9,102170.0,16.35,102215.0
2008-07-23 12:00:00,16.65,14.58, -NaN,17.2,102160.0,17.0,102230.0
2008-07-23 12:30:00,17.26,14.78, -NaN,17.299999999999997,102155.0,17.0,102220.0
2008-07-23 13:00:00,17.5,15.21, -NaN,17.4,102150.0,17.0,102210.0
2008-07-23 13:30:00,18.45,15.53, -NaN,17.95,102135.0,17.0,102205.0
2008-07-23 14:00:00,19.68,15.88, -NaN,18.5,102120.0,17.0,102200.0
2008-07-23 14:30:00,19.97,16.29, -NaN,18.25,102120.0,18.0,102185.0
2008-07-23 15:00:00,20.22,16.68, -NaN,18.0,102120.0,19.0,102170.0
2008-07-23 15:30:00,20.05,16.72, -NaN,18.55,102120.0,18.5,102170.0
2008-07-23 16:00:00,20.02,16.98, -NaN,19.1,102120.0,18.0,102170.0
2008-07-23 16:30:00,20.17,16.95, -NaN,18.85,102115.0,18.55,102170.0
2008-07-23 17:00:00,19.62,17.09, -NaN,18.6,102110.0,19.1,102170.0
2008-07-23 17:30:00,19.36,16.9, -NaN,18.35,102110.0,19.05,102165.0
2008-07-23 18:00:00,19.2,16.42, -NaN,18.1,102110.0,19.0,102160.0
2008-07-23 18:30:00,18.3,16.18, -NaN,17.6,102115.0,18.5,102160.0
2008-07-23 19:00:00,17.48,16.18, -NaN,17.1,102120.0,18.0,102160.0
2008-07-23 19:30:00,16.49,15.87, -NaN,16.75,102125.0,17.5,102165.0
2008-07-23 20:00:00,16,15.63, -NaN,16.4,102130.0,17.0,102170.0
2008-07-23 20:30:00,15.39,15.22, -NaN,15.399999999999999,102145.0,16.5,102175.0
2008-07-23 21:00:00,15.11,14.94, -NaN,14.4,102160.0,16.0,102180.0
2008-07-23 21:30:00,15.07,14.88, -NaN,13.9,102160.0,15.0,102195.0
2008-07-23 22:00:00,14.7,14.84, -NaN,13.4,102160.0,14.0,102210.0
2008-07-23 22:30:00,14.08,14.72, -NaN,13.5,102165.0,13.7,102210.0
2008-07-23 23:00:00,14.01,14.86, -NaN,13.6,102170.0,13.4,102210.0
2008-07-23 23:30:00,13.82,14.71, -NaN,13.35,102165.0,13.7,102215.0
2008-07-24 00:00:00,13.53,14.21, -NaN,13.1,102160.0,14.0,102220.0
2008-07-24 00:30:00,13.64,13.87, -NaN,13.0,102155.0,13.5,102215.0
2008-07-24 01:00:00,13.91,13.88, -NaN,12.9,102150.0,13.0,102210.0
2008-07-24 01:30:00,14.08,14.01, -NaN,13.850000000000001,102145.0,13.0,102205.0
2008-07-24 02:00:00,14.19,14.12, -NaN,14.8,102140.0,13.0,102200.0
2008-07-24 02:30:00,14.27,14.19, -NaN,14.600000000000001,102140.0,14.0,102195.0
2008-07-24 03:00:00,14.29,14.13, -NaN,14.4,102140.0,15.0,102190.0
2008-07-24 03:30:00,14.2,14.03, -NaN,14.4,102130.0,14.5,102190.0
2008-07-24 04:00:00,14.24,14.16, -NaN,14.4,102120.0,14.0,102190.0
2008-07-24 04:30:00,14.26,14.21, -NaN,14.7,102120.0,14.2,102180.0
2008-07-24 05:00:00,14.29,14.17, -NaN,15.0,102120.0,14.4,102170.0
2008-07-24 05:30:00,14.4,14.2, -NaN,15.0,102135.0,14.7,102170.0
2008-07-24 06:00:00,14.57,14.33, -NaN,15.0,102150.0,15.0,102170.0
2008-07-24 06:30:00,14.81,14.46, -NaN,15.3,102155.0,15.0,102185.0
2008-07-24 07:00:00,14.99,14.59, -NaN,15.6,102160.0,15.0,102200.0
2008-07-24 07:30:00,15.73,14.86, -NaN,15.8,102160.0,15.5,102205.0
2008-07-24 08:00:00,16.12,15.19, -NaN,16.0,102160.0,16.0,102210.0
2008-07-24 08:30:00,16.6,15.61, -NaN,16.3,102150.0,16.0,102210.0
2008-07-24 09:00:00,17.43,16.04, -NaN,16.6,102140.0,16.0,102210.0
2008-07-24 09:30:00,18.11,16.4, -NaN,17.25,102125.0,16.5,102200.0
2008-07-24 10:00:00,19.49,17.26, -NaN,17.9,102110.0,17.0,102190.0
2008-07-24 10:30:00,20.8,17.9, -NaN,18.299999999999997,102085.0,17.45,102175.0
2008-07-24 11:00:00,21.07,18.33, -NaN,18.7,102060.0,17.9,102160.0
2008-07-24 11:30:00,20.13,18.29, -NaN,18.9,102040.0,18.45,102135.0
2008-07-24 12:00:00,21.51,18.66, -NaN,19.1,102020.0,19.0,102110.0
2008-07-24 12:30:00,22.05,18.83, -NaN,19.35,101990.0,19.0,102090.0
2008-07-24 13:00:00,22.08,19.25, -NaN,19.6,101960.0,19.0,102070.0
2008-07-24 13:30:00,22.56,19.16, -NaN,20.35,101915.0,19.5,102040.0
2008-07-24 14:00:00,23.37,19.91, -NaN,21.1,101870.0,20.0,102010.0
2008-07-24 14:30:00,23.47,20.59, -NaN,20.9,101835.0,20.5,101965.0
2008-07-24 15:00:00,23.74,20.67, -NaN,20.7,101800.0,21.0,101920.0
2008-07-24 15:30:00,23.59,20.87, -NaN,21.049999999999997,101755.0,21.0,101885.0
2008-07-24 16:00:00,24.12,21.14, -NaN,21.4,101710.0,21.0,101850.0
2008-07-24 16:30:00,24.68,21.72, -NaN,21.0,101680.0,21.2,101805.0
2008-07-24 17:00:00,23.14,21.37, -NaN,20.6,101650.0,21.4,101760.0
2008-07-24 17:30:00,23.86,21.95, -NaN,20.450000000000003,101620.0,21.2,101730.0
2008-07-24 18:00:00,24.4,22.16, -NaN,20.3,101590.0,21.0,101700.0
2008-07-24 18:30:00,24.38,21.89, -NaN,20.05,101575.0,20.5,101670.0
2008-07-24 19:00:00,21.6,20.62, -NaN,19.8,101560.0,20.0,101640.0
2008-07-24 19:30:00,20.11,19.84, -NaN,19.700000000000003,101555.0,20.0,101625.0
2008-07-24 20:00:00,19.34,19.21, -NaN,19.6,101550.0,20.0,101610.0
2008-07-24 20:30:00,18.65,18.9, -NaN,19.05,101555.0,20.0,101605.0
2008-07-24 21:00:00,17.96,18.79, -NaN,18.5,101560.0,20.0,101600.0
2008-07-24 21:30:00,17.45,18.67, -NaN,18.3,101560.0,19.5,101605.0
2008-07-24 22:00:00,16.95,18.53, -NaN,18.1,101560.0,19.0,101610.0
2008-07-24 22:30:00,16.49,18.08, -NaN,16.8,101565.0,18.55,101610.0
2008-07-24 23:00:00,16.12,17.55, -NaN,15.5,101570.0,18.1,101610.0
2008-07-24 23:30:00,15.95,16.92, -NaN,15.05,101575.0,17.05,101615.0
2008-07-25 00:00:00,15.74,15.99, -NaN,14.6,101580.0,16.0,101620.0
2008-07-25 00:30:00,15.26,15.91, -NaN,14.45,101575.0,15.5,101625.0
2008-07-25 01:00:00,14.75,15.9, -NaN,14.3,101570.0,15.0,101630.0
2008-07-25 01:30:00,14.49,16.14, -NaN,14.65,101570.0,14.5,101625.0
2008-07-25 02:00:00,14.24,16.26, -NaN,15.0,101570.0,14.0,101620.0
2008-07-25 02:30:00,13.8,16.59, -NaN,14.45,101565.0,14.5,101620.0
2008-07-25 03:00:00,13.6,16.43, -NaN,13.9,101560.0,15.0,101620.0
2008-07-25 03:30:00,13.6,15.96, -NaN,14.100000000000001,101565.0,14.5,101615.0
2008-07-25 04:00:00,13.84,15.45, -NaN,14.3,101570.0,14.0,101610.0
2008-07-25 04:30:00,14.04,15.38, -NaN,14.0,101580.0,14.15,101615.0
2008-07-25 05:00:00,13.9,15.41, -NaN,13.7,101590.0,14.3,101620.0
2008-07-25 05:30:00,14.12,15.28, -NaN,14.399999999999999,101605.0,14.15,101630.0
2008-07-25 06:00:00,14.72,15.17, -NaN,15.1,101620.0,14.0,101640.0
2008-07-25 06:30:00,15.25,15.27, -NaN,15.899999999999999,101635.0,14.5,101655.0
2008-07-25 07:00:00,15.68,15.28, -NaN,16.7,101650.0,15.0,101670.0
2008-07-25 07:30:00,16.93,15.79, -NaN,17.549999999999997,101650.0,16.0,101685.0
2008-07-25 08:00:00,18.48,17.16, -NaN,18.4,101650.0,17.0,101700.0
2008-07-25 08:30:00,18.99,17.46, -NaN,18.7,101655.0,17.5,101700.0
2008-07-25 09:00:00,20.45,18.05, -NaN,19.0,101660.0,18.0,101700.0
2008-07-25 09:30:00,20.66,18.43, -NaN,19.35,101655.0,18.5,101705.0
2008-07-25 10:00:00,20.49,18.31, -NaN,19.7,101650.0,19.0,101710.0
2008-07-25 10:30:00,20.34,18.18, -NaN,19.45,101650.0,19.35,101705.0
2008-07-25 11:00:00,20.75,17.72, -NaN,19.2,101650.0,19.7,101700.0
2008-07-25 11:30:00,20.1,17.96, -NaN,19.1,101630.0,19.35,101700.0
2008-07-25 12:00:00,20.26,18.13, -NaN,19.0,101610.0,19.0,101700.0
2008-07-25 12:30:00,19.98,17.34, -NaN,19.25,101600.0,19.0,101680.0
2008-07-25 13:00:00,20.58,17.84, -NaN,19.5,101590.0,19.0,101660.0
2008-07-25 13:30:00,20.52,18.26, -NaN,20.95,101580.0,19.5,101650.0
2008-07-25 14:00:00,22.21,18.71, -NaN,22.4,101570.0,20.0,101640.0
2008-07-25 14:30:00,23.41,19.74, -NaN,22.2,101545.0,21.0,101630.0
2008-07-25 15:00:00,23.4,20.2, -NaN,22.0,101520.0,22.0,101620.0
2008-07-25 15:30:00,23.69,20.65, -NaN,22.55,101505.0,22.0,101595.0
2008-07-25 16:00:00,23.66,20.31, -NaN,23.1,101490.0,22.0,101570.0
2008-07-25 16:30:00,24.66,20.92, -NaN,23.15,101475.0,22.55,101555.0
2008-07-25 17:00:00,23.82,21.1, -NaN,23.2,101460.0,23.1,101540.0
2008-07-25 17:30:00,23.72,20.93, -NaN,22.4,101455.0,23.05,101525.0
2008-07-25 18:00:00,23.17,20.8, -NaN,21.6,101450.0,23.0,101510.0
2008-07-25 18:30:00,22.62,20.65, -NaN,21.05,101455.0,22.5,101505.0
2008-07-25 19:00:00,21.61,20.65, -NaN,20.5,101460.0,22.0,101500.0
2008-07-25 19:30:00,21.15,20.66, -NaN,20.1,101455.0,21.5,101505.0
2008-07-25 20:00:00,20.74,20.74, -NaN,19.7,101450.0,21.0,101510.0
2008-07-25 20:30:00,20.48,20.87, -NaN,19.5,101465.0,20.5,101505.0
2008-07-25 21:00:00,20.16,20.44, -NaN,19.3,101480.0,20.0,101500.0
2008-07-25 21:30:00,19.5,19.51, -NaN,18.8,101490.0,19.5,101515.0
2008-07-25 22:00:00,18.98,18.97, -NaN,18.3,101500.0,19.0,101530.0
2008-07-25 22:30:00,18.57,18.64, -NaN,17.85,101500.0,18.65,101540.0
2008-07-25 23:00:00,18.15,18.38, -NaN,17.4,101500.0,18.3,101550.0
2008-07-25 23:30:00,17.66,18.08, -NaN,17.65,101495.0,17.65,101550.0
2008-07-26 00:00:00,17.64,18.11, -NaN,17.9,101490.0,17.0,101550.0
2008-07-26 00:30:00,17.79,17.92, -NaN,17.5,101485.0,17.5,101545.0
2008-07-26 01:00:00,17.52,17.66, -NaN,17.1,101480.0,18.0,101540.0
2008-07-26 01:30:00,17.33,17.27, -NaN,16.6,101495.0,17.5,101535.0
2008-07-26 02:00:00,16.5,16.8, -NaN,16.1,101510.0,17.0,101530.0
2008-07-26 02:30:00,15.78,16.55, -NaN,15.850000000000001,101505.0,16.5,101545.0
2008-07-26 03:00:00,15.49,16.47, -NaN,15.6,101500.0,16.0,101560.0
2008-07-26 03:30:00,15.22,15.97, -NaN,15.6,101505.0,16.0,101555.0
2008-07-26 04:00:00,15.57,15.82, -NaN,15.6,101510.0,16.0,101550.0
2008-07-26 04:30:00,15.65,15.59, -NaN,15.5,101530.0,15.8,101555.0
2008-07-26 05:00:00,15.46,15.35, -NaN,15.4,101550.0,15.6,101560.0
2008-07-26 05:30:00,15.4,15.22, -NaN,15.45,101565.0,15.3,101580.0
2008-07-26 06:00:00,15.62,15.48, -NaN,15.5,101580.0,15.0,101600.0
2008-07-26 06:30:00,15.66,15.66, -NaN,16.3,101585.0,15.5,101615.0
2008-07-26 07:00:00,16.35,16.26, -NaN,17.1,101590.0,16.0,101630.0
2008-07-26 07:30:00,18.09,17.07, -NaN,17.85,101605.0,16.5,101635.0
2008-07-26 08:00:00,20.24,17.84, -NaN,18.6,101620.0,17.0,101640.0
2008-07-26 08:30:00,20.14,18.01, -NaN,18.8,101620.0,18.0,101655.0
2008-07-26 09:00:00,19.68,17.96, -NaN,19.0,101620.0,19.0,101670.0
2008-07-26 09:30:00,19.56,18.18, -NaN,18.5,101635.0,19.0,101670.0
2008-07-26 10:00:00,19.43,18.09, -NaN,18.0,101650.0,19.0,101670.0
2008-07-26 10:30:00,19.32,17.82, -NaN,18.45,101655.0,18.5,101685.0
2008-07-26 11:00:00,18.91,17.56, -NaN,18.9,101660.0,18.0,101700.0
2008-07-26 11:30:00,19.43,17.43, -NaN,19.299999999999997,101640.0,18.5,101705.0
2008-07-26 12:00:00,20.47,17.89, -NaN,19.7,101620.0,19.0,101710.0
2008-07-26 12:30:00,21.47,18.36, -NaN,20.2,101605.0,19.5,101690.0
2008-07-26 13:00:00,20.95,18.61, -NaN,20.7,101590.0,20.0,101670.0
2008-07-26 13:30:00,20.43,18.7, -NaN,20.85,101585.0,20.5,101655.0
2008-07-26 14:00:00,20.46,18.94, -NaN,21.0,101580.0,21.0,101640.0
2008-07-26 14:30:00,20.33,18.97, -NaN,21.25,101560.0,21.0,101635.0
2008-07-26 15:00:00,21.01,19.09, -NaN,21.5,101540.0,21.0,101630.0
2008-07-26 15:30:00,21.79,19.76, -NaN,21.45,101535.0,21.5,101610.0
2008-07-26 16:00:00,21.65,19.78, -NaN,21.4,101530.0,22.0,101590.0
2008-07-26 16:30:00,21.72,19.97, -NaN,21.1,101515.0,21.7,101585.0
2008-07-26 17:00:00,21.66,19.98, -NaN,20.8,101500.0,21.4,101580.0
2008-07-26 17:30:00,21.22,19.91, -NaN,20.450000000000003,101475.0,21.2,101565.0
2008-07-26 18:00:00,21.17,19.85, -NaN,20.1,101450.0,21.0,101550.0
2008-07-26 18:30:00,20.39,19.73, -NaN,19.85,101450.0,20.5,101525.0
2008-07-26 19:00:00,19.89,19.48, -NaN,19.6,101450.0,20.0,101500.0
2008-07-26 19:30:00,19.58,19.16, -NaN,18.55,101450.0,20.0,101500.0
2008-07-26 20:00:00,19.08,18.86, -NaN,17.5,101450.0,20.0,101500.0
2008-07-26 20:30:00,18.68,18.58, -NaN,17.95,101425.0,19.0,101500.0
2008-07-26 21:00:00,18.65,18.72, -NaN,18.4,101400.0,18.0,101500.0
2008-07-26 21:30:00,18.42,18.62, -NaN,18.45,101390.0,18.0,101475.0
2008-07-26 22:00:00,18.16,18.26, -NaN,18.5,101380.0,18.0,101450.0
2008-07-26 22:30:00,17.56,17.6, -NaN,18.05,101365.0,18.25,101440.0
2008-07-26 23:00:00,16.87,17.07, -NaN,17.6,101350.0,18.5,101430.0
2008-07-26 23:30:00,16.44,16.93, -NaN,17.3,101350.0,18.25,101415.0
2008-07-27 00:00:00,16.46,16.71, -NaN,17.0,101350.0,18.0,101400.0
2008-07-27 00:30:00,16.33,16.29, -NaN,16.85,101340.0,17.5,101400.0
2008-07-27 01:00:00,16.23,16.01, -NaN,16.7,101330.0,17.0,101400.0
2008-07-27 01:30:00,16.01,15.75, -NaN,16.5,101325.0,17.0,101390.0
2008-07-27 02:00:00,16.13,15.79, -NaN,16.3,101320.0,17.0,101380.0
2008-07-27 02:30:00,15.96,15.62, -NaN,16.05,101320.0,16.5,101375.0
2008-07-27 03:00:00,15.67,15.43, -NaN,15.8,101320.0,16.0,101370.0
2008-07-27 03:30:00,15.56,15.21, -NaN,15.75,101335.0,16.0,101370.0
2008-07-27 04:00:00,15.53,15.03, -NaN,15.7,101350.0,16.0,101370.0
2008-07-27 04:30:00,15.15,14.73, -NaN,15.5,101345.0,15.85,101385.0
2008-07-27 05:00:00,14.78,14.54, -NaN,15.3,101340.0,15.7,101400.0
2008-07-27 05:30:00,14.91,14.57, -NaN,15.3,101350.0,15.35,101395.0
2008-07-27 06:00:00,14.88,14.46, -NaN,15.3,101360.0,15.0,101390.0
2008-07-27 06:30:00,14.97,14.3, -NaN,15.600000000000001,101390.0,15.0,101400.0
2008-07-27 07:00:00,15.14,14.31, -NaN,15.9,101420.0,15.0,101410.0
2008-07-27 07:30:00,15.11,14.24, -NaN,16.05,101435.0,15.5,101440.0
2008-07-27 08:00:00,14.84,14.12, -NaN,16.2,101450.0,16.0,101470.0
2008-07-27 08:30:00,15.01,14.11, -NaN,16.35,101460.0,16.0,101485.0
2008-07-27 09:00:00,15.13,14.22, -NaN,16.5,101470.0,16.0,101500.0
2008-07-27 09:30:00,15.49,14.35, -NaN,17.0,101480.0,16.5,101510.0
2008-07-27 10:00:00,15.81,14.48, -NaN,17.5,101490.0,17.0,101520.0
2008-07-27 10:30:00,16.44,14.94, -NaN,18.3,101505.0,17.25,101530.0
2008-07-27 11:00:00,17.17,15.55, -NaN,19.1,101520.0,17.5,101540.0
2008-07-27 11:30:00,19,16.65, -NaN,19.75,101530.0,18.25,101555.0
2008-07-27 12:00:00,20.05,17.56, -NaN,20.4,101540.0,19.0,101570.0
2008-07-27 12:30:00,19.46,18.06, -NaN,20.4,101550.0,19.5,101580.0
2008-07-27 13:00:00,19.22,18.07, -NaN,20.4,101560.0,20.0,101590.0
2008-07-27 13:30:00,20,18.44, -NaN,20.2,101565.0,20.0,101600.0
2008-07-27 14:00:00,20.7,18.64, -NaN,20.0,101570.0,20.0,101610.0
2008-07-27 14:30:00,21.01,18.94, -NaN,20.7,101565.0,20.0,101615.0
2008-07-27 15:00:00,21.73,19.83, -NaN,21.4,101560.0,20.0,101620.0
2008-07-27 15:30:00,21.59,19.47, -NaN,21.2,101540.0,20.5,101615.0
2008-07-27 16:00:00,22.28,19.57, -NaN,21.0,101520.0,21.0,101610.0
2008-07-27 16:30:00,22.25,19.45, -NaN,21.0,101515.0,21.0,101590.0
2008-07-27 17:00:00,21.52,19.02, -NaN,21.0,101510.0,21.0,101570.0
2008-07-27 17:30:00,21.51,18.78, -NaN,20.1,101510.0,21.0,101565.0
2008-07-27 18:00:00,19.71,17.71, -NaN,19.2,101510.0,21.0,101560.0
2008-07-27 18:30:00,18.88,17.32, -NaN,18.4,101510.0,20.0,101560.0
2008-07-27 19:00:00,18.05,16.82, -NaN,17.6,101510.0,19.0,101560.0
2008-07-27 19:30:00,17.06,16.56, -NaN,17.0,101530.0,18.5,101560.0
2008-07-27 20:00:00,16.67,16.33, -NaN,16.4,101550.0,18.0,101560.0
2008-07-27 20:30:00,16.16,16.04, -NaN,15.75,101560.0,17.0,101580.0
2008-07-27 21:00:00,15.9,15.85, -NaN,15.1,101570.0,16.0,101600.0
2008-07-27 21:30:00,15.67,15.76, -NaN,15.149999999999999,101585.0,15.5,101610.0
2008-07-27 22:00:00,15.48,15.58, -NaN,15.2,101600.0,15.0,101620.0
2008-07-27 22:30:00,14.96,15.09, -NaN,14.95,101605.0,15.1,101635.0
2008-07-27 23:00:00,14.5,14.66, -NaN,14.7,101610.0,15.2,101650.0
2008-07-27 23:30:00,14.25,14.43, -NaN,14.2,101620.0,15.1,101655.0
2008-07-28 00:00:00,14.01,14.16, -NaN,13.7,101630.0,15.0,101660.0
2008-07-28 00:30:00,13.74,13.91, -NaN,13.35,101635.0,14.5,101670.0
2008-07-28 01:00:00,13.44,13.58, -NaN,13.0,101640.0,14.0,101680.0
2008-07-28 01:30:00,13.03,13.19, -NaN,12.85,101640.0,13.5,101685.0
2008-07-28 02:00:00,12.56,12.95, -NaN,12.7,101640.0,13.0,101690.0
2008-07-28 02:30:00,12.19,12.58, -NaN,11.899999999999999,101650.0,13.0,101690.0
2008-07-28 03:00:00,11.91,12.25, -NaN,11.1,101660.0,13.0,101690.0
2008-07-28 03:30:00,11.47,11.85, -NaN,11.0,101660.0,12.0,101700.0
2008-07-28 04:00:00,11.3,11.78, -NaN,10.9,101660.0,11.0,101710.0
2008-07-28 04:30:00,11.14,11.56, -NaN,10.8,101675.0,10.95,101710.0
2008-07-28 05:00:00,11.01,11.34, -NaN,10.7,101690.0,10.9,101710.0
2008-07-28 05:30:00,11.11,11.38, -NaN,11.55,101685.0,10.95,101725.0
2008-07-28 06:00:00,11.54,11.76, -NaN,12.4,101680.0,11.0,101740.0
2008-07-28 06:30:00,12.3,12.24, -NaN,13.100000000000001,101675.0,11.5,101735.0
2008-07-28 07:00:00,12.94,12.7, -NaN,13.8,101670.0,12.0,101730.0
2008-07-28 07:30:00,14.24,13.29, -NaN,14.45,101665.0,13.0,101725.0
2008-07-28 08:00:00,15.64,13.98, -NaN,15.1,101660.0,14.0,101720.0
2008-07-28 08:30:00,16.12,14.35, -NaN,15.75,101665.0,14.5,101715.0
2008-07-28 09:00:00,17.34,15.03, -NaN,16.4,101670.0,15.0,101710.0
2008-07-28 09:30:00,18.13,15.36, -NaN,17.1,101665.0,15.5,101715.0
2008-07-28 10:00:00,18.5,16.02, -NaN,17.8,101660.0,16.0,101720.0
2008-07-28 10:30:00,19.5,16.49, -NaN,18.6,101645.0,16.9,101715.0
2008-07-28 11:00:00,19.9,17.13, -NaN,19.4,101630.0,17.8,101710.0
2008-07-28 11:30:00,20.85,17.56, -NaN,19.799999999999997,101600.0,18.4,101695.0
2008-07-28 12:00:00,21.36,17.86, -NaN,20.2,101570.0,19.0,101680.0
2008-07-28 12:30:00,21.59,18.48, -NaN,20.75,101540.0,19.5,101650.0
2008-07-28 13:00:00,22.24,19.04, -NaN,21.3,101510.0,20.0,101620.0
2008-07-28 13:30:00,23,19.58, -NaN,21.05,101500.0,20.5,101590.0
2008-07-28 14:00:00,23.22,20.14, -NaN,20.8,101490.0,21.0,101560.0
2008-07-28 14:30:00,22.73,20.01, -NaN,21.05,101455.0,21.0,101550.0
2008-07-28 15:00:00,23.32,20.37, -NaN,21.3,101420.0,21.0,101540.0
2008-07-28 15:30:00,23.07,20.24, -NaN,21.15,101400.0,21.0,101505.0
2008-07-28 16:00:00,22.25,20.32, -NaN,21.0,101380.0,21.0,101470.0
2008-07-28 16:30:00,22.09,20.37, -NaN,20.85,101365.0,21.0,101450.0
2008-07-28 17:00:00,21.67,20.4, -NaN,20.7,101350.0,21.0,101430.0
2008-07-28 17:30:00,21.08,20.22, -NaN,20.299999999999997,101325.0,21.0,101415.0
2008-07-28 18:00:00,20.71,20.11, -NaN,19.9,101300.0,21.0,101400.0
2008-07-28 18:30:00,20.44,19.72, -NaN,19.45,101300.0,20.5,101375.0
2008-07-28 19:00:00,19.82,19.4, -NaN,19.0,101300.0,20.0,101350.0
2008-07-28 19:30:00,19.27,18.96, -NaN,18.75,101310.0,19.5,101350.0
2008-07-28 20:00:00,18.73,18.67, -NaN,18.5,101320.0,19.0,101350.0
2008-07-28 20:30:00,18.45,18.4, -NaN,18.25,101325.0,19.0,101360.0
2008-07-28 21:00:00,18.27,18.3, -NaN,18.0,101330.0,19.0,101370.0
2008-07-28 21:30:00,18.04,18.37, -NaN,17.9,101335.0,18.5,101375.0
2008-07-28 22:00:00,17.75,17.79, -NaN,17.8,101340.0,18.0,101380.0
2008-07-28 22:30:00,17.3,17.6, -NaN,17.450000000000003,101330.0,17.9,101385.0
2008-07-28 23:00:00,16.93,17.61, -NaN,17.1,101320.0,17.8,101390.0
2008-07-28 23:30:00,16.66,16.77, -NaN,16.5,101310.0,17.4,101380.0
2008-07-29 00:00:00,16.17,16.63, -NaN,15.9,101300.0,17.0,101370.0
2008-07-29 00:30:00,16.25,16.2, -NaN,15.600000000000001,101290.0,16.5,101360.0
2008-07-29 01:00:00,15.83,15.5, -NaN,15.3,101280.0,16.0,101350.0
2008-07-29 01:30:00,15.44,15.22, -NaN,15.4,101280.0,15.5,101340.0
2008-07-29 02:00:00,15.17,14.9, -NaN,15.5,101280.0,15.0,101330.0
2008-07-29 02:30:00,14.79,14.54, -NaN,14.95,101285.0,15.5,101330.0
2008-07-29 03:00:00,14.34,14.25, -NaN,14.4,101290.0,16.0,101330.0
2008-07-29 03:30:00,14.28,14.19, -NaN,14.2,101290.0,15.0,101335.0
2008-07-29 04:00:00,14.11,14.01, -NaN,14.0,101290.0,14.0,101340.0
2008-07-29 04:30:00,13.95,13.89, -NaN,13.8,101290.0,14.0,101340.0
2008-07-29 05:00:00,13.8,13.66, -NaN,13.6,101290.0,14.0,101340.0
2008-07-29 05:30:00,13.51,13.38, -NaN,13.399999999999999,101290.0,14.0,101340.0
2008-07-29 06:00:00,13.58,13.39, -NaN,13.2,101290.0,14.0,101340.0
2008-07-29 06:30:00,13.74,13.64, -NaN,13.5,101285.0,13.5,101340.0
2008-07-29 07:00:00,13.84,13.69, -NaN,13.8,101280.0,13.0,101340.0
2008-07-29 07:30:00,13.76,13.58, -NaN,13.600000000000001,101300.0,13.5,101335.0
2008-07-29 08:00:00,13.53,13.22, -NaN,13.4,101320.0,14.0,101330.0
2008-07-29 08:30:00,13.39,12.98, -NaN,13.3,101325.0,13.5,101350.0
2008-07-29 09:00:00,13.66,13.05, -NaN,13.2,101330.0,13.0,101370.0
2008-07-29 09:30:00,13.87,13.26, -NaN,13.399999999999999,101330.0,13.0,101375.0
2008-07-29 10:00:00,14.34,13.44, -NaN,13.6,101330.0,13.0,101380.0
2008-07-29 10:30:00,14.53,13.67, -NaN,13.85,101325.0,13.3,101380.0
2008-07-29 11:00:00,14.4,13.66, -NaN,14.1,101320.0,13.6,101380.0
2008-07-29 11:30:00,14.43,13.45, -NaN,14.2,101310.0,13.8,101375.0
2008-07-29 12:00:00,14.7,13.44, -NaN,14.3,101300.0,14.0,101370.0
2008-07-29 12:30:00,14.77,13.45, -NaN,14.45,101285.0,14.0,101360.0
2008-07-29 13:00:00,14.78,13.45, -NaN,14.6,101270.0,14.0,101350.0
2008-07-29 13:30:00,14.92,13.56, -NaN,14.399999999999999,101275.0,14.5,101335.0
2008-07-29 14:00:00,14.34,13.53, -NaN,14.2,101280.0,15.0,101320.0
2008-07-29 14:30:00,13.95,13.56, -NaN,14.2,101270.0,14.5,101325.0
2008-07-29 15:00:00,13.95,13.61, -NaN,14.2,101260.0,14.0,101330.0
2008-07-29 15:30:00,14.09,13.76, -NaN,14.2,101250.0,14.0,101320.0
2008-07-29 16:00:00,14.21,13.83, -NaN,14.2,101240.0,14.0,101310.0
2008-07-29 16:30:00,14.31,13.99, -NaN,14.45,101235.0,14.1,101300.0
2008-07-29 17:00:00,14.57,14.52, -NaN,14.7,101230.0,14.2,101290.0
2008-07-29 17:30:00,14.48,14.1, -NaN,14.75,101225.0,14.6,101285.0
2008-07-29 18:00:00,14.71,14.14, -NaN,14.8,101220.0,15.0,101280.0
2008-07-29 18:30:00,14.76,14.47, -NaN,14.850000000000001,101215.0,15.0,101275.0
2008-07-29 19:00:00,14.78,14.73, -NaN,14.9,101210.0,15.0,101270.0
2008-07-29 19:30:00,14.8,14.89, -NaN,15.0,101230.0,15.0,101265.0
2008-07-29 20:00:00,14.62,14.75, -NaN,15.1,101250.0,15.0,101260.0
2008-07-29 20:30:00,14.06,14.43, -NaN,15.399999999999999,101245.0,15.0,101280.0
2008-07-29 21:00:00,13.77,14.41, -NaN,15.7,101240.0,15.0,101300.0
2008-07-29 21:30:00,13.65,14.15, -NaN,15.25,101275.0,15.5,101295.0
2008-07-29 22:00:00,13.24,14.09, -NaN,14.8,101310.0,16.0,101290.0
2008-07-29 22:30:00,13.25,13.99, -NaN,14.7,101335.0,15.4,101325.0
2008-07-29 23:00:00,12.93,13.63, -NaN,14.6,101360.0,14.8,101360.0
2008-07-29 23:30:00,12.82,13.5, -NaN,14.5,101395.0,14.9,101385.0
2008-07-30 00:00:00,13.08,13.53, -NaN,14.4,101430.0,15.0,101410.0
2008-07-30 00:30:00,12.98,13.35, -NaN,14.350000000000001,101465.0,14.5,101445.0
2008-07-30 01:00:00,12.84,13.14, -NaN,14.3,101500.0,14.0,101480.0
2008-07-30 01:30:00,12.74,12.97, -NaN,14.2,101535.0,14.0,101515.0
2008-07-30 02:00:00,12.44,12.68, -NaN,14.1,101570.0,14.0,101550.0
2008-07-30 02:30:00,12.33,12.73, -NaN,14.1,101610.0,14.0,101585.0
2008-07-30 03:00:00,12.06,12.45, -NaN,14.1,101650.0,14.0,101620.0
2008-07-30 03:30:00,11.97,12.02, -NaN,13.8,101675.0,14.0,101660.0
2008-07-30 04:00:00,11.86,11.94, -NaN,13.5,101700.0,14.0,101700.0
2008-07-30 04:30:00,11.81,11.94, -NaN,13.5,101710.0,13.75,101725.0
2008-07-30 05:00:00,11.89,11.96, -NaN,13.5,101720.0,13.5,101750.0
2008-07-30 05:30:00,11.83,11.88, -NaN,13.15,101755.0,13.75,101760.0
2008-07-30 06:00:00,11.93,11.75, -NaN,12.8,101790.0,14.0,101770.0
2008-07-30 06:30:00,11.75,11.33, -NaN,12.9,101825.0,13.5,101805.0
2008-07-30 07:00:00,12.08,11.43, -NaN,13.0,101860.0,13.0,101840.0
2008-07-30 07:30:00,12.65,11.8, -NaN,13.4,101890.0,13.0,101875.0
2008-07-30 08:00:00,12.75,11.9, -NaN,13.8,101920.0,13.0,101910.0
2008-07-30 08:30:00,13.09,12.19, -NaN,14.25,101950.0,13.5,101940.0
2008-07-30 09:00:00,13.67,12.45, -NaN,14.7,101980.0,14.0,101970.0
2008-07-30 09:30:00,14.24,12.87, -NaN,15.149999999999999,102000.0,14.5,102000.0
2008-07-30 10:00:00,15.02,13.31, -NaN,15.6,102020.0,15.0,102030.0
2008-07-30 10:30:00,16.06,13.93, -NaN,16.4,102020.0,15.3,102050.0
2008-07-30 11:00:00,17.42,14.42, -NaN,17.2,102020.0,15.6,102070.0
2008-07-30 11:30:00,17.92,14.94, -NaN,17.5,102000.0,16.3,102070.0
2008-07-30 12:00:00,18.76,15.82, -NaN,17.8,101980.0,17.0,102070.0
2008-07-30 12:30:00,19.58,16.3, -NaN,17.950000000000003,101985.0,17.5,102050.0
2008-07-30 13:00:00,18.98,16.36, -NaN,18.1,101990.0,18.0,102030.0
2008-07-30 13:30:00,19.07,16.98, -NaN,19.3,101990.0,18.0,102035.0
2008-07-30 14:00:00,19.04,16.99, -NaN,20.5,101990.0,18.0,102040.0
2008-07-30 14:30:00,19.7,17.08, -NaN,20.05,101990.0,19.5,102040.0
2008-07-30 15:00:00,19.18,17.02, -NaN,19.6,101990.0,21.0,102040.0
2008-07-30 15:30:00,19.77,17.26, -NaN,19.200000000000003,101975.0,20.5,102040.0
2008-07-30 16:00:00,19.3,17.39, -NaN,18.8,101960.0,20.0,102040.0
2008-07-30 16:30:00,19.76,17.51, -NaN,17.9,101960.0,19.4,102025.0
2008-07-30 17:00:00,19.7,17.42, -NaN,17.0,101960.0,18.8,102010.0
2008-07-30 17:30:00,17.88,16.67, -NaN,16.8,101930.0,17.9,102010.0
2008-07-30 18:00:00,17.15,16.04, -NaN,16.6,101900.0,17.0,102010.0
2008-07-30 18:30:00,16.53,15.78, -NaN,16.700000000000003,101870.0,17.0,101980.0
2008-07-30 19:00:00,16.36,15.71, -NaN,16.8,101840.0,17.0,101950.0
2008-07-30 19:30:00,16.22,15.69, -NaN,16.25,101825.0,17.0,101920.0
2008-07-30 20:00:00,15.28,15.38, -NaN,15.7,101810.0,17.0,101890.0
2008-07-30 20:30:00,14.42,15.09, -NaN,15.35,101795.0,16.5,101875.0
2008-07-30 21:00:00,13.71,14.93, -NaN,15.0,101780.0,16.0,101860.0
2008-07-30 21:30:00,13.45,14.76, -NaN,14.45,101755.0,15.5,101845.0
2008-07-30 22:00:00,13.45,14.16, -NaN,13.9,101730.0,15.0,101830.0
2008-07-30 22:30:00,13.57,13.71, -NaN,13.850000000000001,101710.0,14.45,101805.0
2008-07-30 23:00:00,13.44,13.6, -NaN,13.8,101690.0,13.9,101780.0
2008-07-30 23:30:00,13.08,13.2, -NaN,13.7,101655.0,13.95,101760.0
2008-07-31 00:00:00,12.88,12.9, -NaN,13.6,101620.0,14.0,101740.0
2008-07-31 00:30:00,12.64,12.6, -NaN,13.05,101595.0,14.0,101705.0
2008-07-31 01:00:00,12.27,12.48, -NaN,12.5,101570.0,14.0,101670.0
2008-07-31 01:30:00,12.01,12.18, -NaN,12.1,101540.0,13.5,101645.0
2008-07-31 02:00:00,11.76,12.06, -NaN,11.7,101510.0,13.0,101620.0
2008-07-31 02:30:00,11.68,11.8, -NaN,11.95,101495.0,12.5,101590.0
2008-07-31 03:00:00,11.44,11.86, -NaN,12.2,101480.0,12.0,101560.0
2008-07-31 03:30:00,11.61,11.76, -NaN,11.85,101450.0,12.0,101545.0
2008-07-31 04:00:00,11.54,11.95, -NaN,11.5,101420.0,12.0,101530.0
2008-07-31 04:30:00,11.38,11.77, -NaN,11.9,101425.0,11.75,101500.0
2008-07-31 05:00:00,11.56,12.02, -NaN,12.3,101430.0,11.5,101470.0
2008-07-31 05:30:00,12.03,12.17, -NaN,12.65,101420.0,11.75,101475.0
2008-07-31 06:00:00,12.25,12.16, -NaN,13.0,101410.0,12.0,101480.0
2008-07-31 06:30:00,12.79,12.45, -NaN,13.35,101385.0,12.5,101470.0
2008-07-31 07:00:00,13.28,12.7, -NaN,13.7,101360.0,13.0,101460.0
2008-07-31 07:30:00,13.45,12.77, -NaN,13.95,101360.0,13.5,101435.0
2008-07-31 08:00:00,14.1,13.4, -NaN,14.2,101360.0,14.0,101410.0
2008-07-31 08:30:00,14.27,13.64, -NaN,14.55,101350.0,14.0,101410.0
2008-07-31 09:00:00,14.78,13.71, -NaN,14.9,101340.0,14.0,101410.0
2008-07-31 09:30:00,15.06,14.2, -NaN,15.05,101320.0,14.5,101400.0
2008-07-31 10:00:00,15.26,14.53, -NaN,15.2,101300.0,15.0,101390.0
2008-07-31 10:30:00,16.06,14.72, -NaN,15.6,101290.0,15.1,101370.0
2008-07-31 11:00:00,16.62,14.98, -NaN,16.0,101280.0,15.2,101350.0
2008-07-31 11:30:00,16.12,15.19, -NaN,15.85,101265.0,15.6,101340.0
2008-07-31 12:00:00,16.04,15.18, -NaN,15.7,101250.0,16.0,101330.0
2008-07-31 12:30:00,16.08,15.1, -NaN,15.7,101230.0,16.0,101315.0
2008-07-31 13:00:00,15.6,14.7, -NaN,15.7,101210.0,16.0,101300.0
2008-07-31 13:30:00,15.39,14.55, -NaN,15.7,101205.0,16.0,101280.0
2008-07-31 14:00:00,15.72,15.18, -NaN,15.7,101200.0,16.0,101260.0
2008-07-31 14:30:00,15.86,14.89, -NaN,15.399999999999999,101180.0,16.0,101255.0
2008-07-31 15:00:00,15.33,14.34, -NaN,15.1,101160.0,16.0,101250.0
2008-07-31 15:30:00,15.3,14.38, -NaN,15.1,101150.0,15.5,101230.0
2008-07-31 16:00:00,14.91,13.9, -NaN,15.1,101140.0,15.0,101210.0
2008-07-31 16:30:00,14.7,13.63, -NaN,15.25,101110.0,15.05,101200.0
2008-07-31 17:00:00,15.6,13.75, -NaN,15.4,101080.0,15.1,101190.0
2008-07-31 17:30:00,15.22,13.72, -NaN,15.05,101060.0,15.05,101160.0
2008-07-31 18:00:00,14.51,13.72, -NaN,14.7,101040.0,15.0,101130.0
2008-07-31 18:30:00,14.26,13.65, -NaN,14.35,101000.0,15.0,101110.0
2008-07-31 19:00:00,13.68,13.14, -NaN,14.0,100960.0,15.0,101090.0
2008-07-31 19:30:00,13.2,12.88, -NaN,13.55,100945.0,14.5,101050.0
2008-07-31 20:00:00,12.93,12.61, -NaN,13.1,100930.0,14.0,101010.0
2008-07-31 20:30:00,12.72,12.38, -NaN,13.0,100925.0,13.5,100995.0
2008-07-31 21:00:00,12.59,12.37, -NaN,12.9,100920.0,13.0,100980.0
2008-07-31 21:30:00,12.59,12.33, -NaN,12.850000000000001,100890.0,13.0,100975.0
2008-07-31 22:00:00,12.57,12.38, -NaN,12.8,100860.0,13.0,100970.0
2008-07-31 22:30:00,12.28,12.09, -NaN,12.75,100875.0,12.9,100940.0
2008-07-31 23:00:00,12.25,12.05, -NaN,12.7,100890.0,12.8,100910.0
