#### 	 Vertical City Weather Generator (VCWG)  	 #### 
# thprofile in the urban area 
#0:z [m] 1:th2:th3:th4:th5:th6:th7:th8:th9:th10:th11:th12:th13:th14:th15:th16:th17:th18:th19:th20:th21:th22:th23:th24:th25:th26:th27:th28:th29:th30:th31:th32:th33:th34:th35:th36:th37:th38:th39:th40:th41:th42:th43:th44:th45:th46:th47:th48:th49:th50:th51:th52:th53:th54:th55:th56:th57:th58:th59:th60:th61:th62:th63:th64:th65:th66:th67:th68:th69:th70:th71:th72:th
0.500000  295.106423  294.436025  293.813714  293.416304  290.887219  291.561925  293.173424  294.544211  295.773806  295.806302  299.435647  299.900147  299.222385  299.149415  297.869144  298.532545  297.942744  296.715288  295.908382  297.263743  297.032283  296.757305  296.456460  296.123847  294.919893  294.587098  292.901513  293.762870  292.093278  317.550283  306.990117  313.336480  318.166856  320.017337  322.588405  339.411540  342.917665  339.728531  342.015616  334.936412  333.087861  307.486593  301.815986  301.063949  299.139583  301.463708  300.833836  299.936653  299.260900  298.801104  297.819692  297.098886  293.075182  319.765929  304.923250  304.545925  311.977132  331.304604  324.185724  335.006109  323.988295  316.595541  326.116882  335.112929  318.542608  314.059942  296.141376  298.120510  294.361369  294.074640  293.699414  293.472485 
1.500000  295.092116  294.412149  293.783150  293.382291  290.860233  291.538856  293.153461  294.525640  295.756536  295.779818  299.320193  299.817600  299.213263  299.139650  297.852686  298.520735  297.927630  296.700026  295.892098  297.247403  297.011071  296.733367  296.430375  296.095441  294.873500  294.542977  292.870057  293.734951  292.071730  317.763327  306.926886  313.346077  318.179167  320.025634  322.597553  339.526020  343.044316  339.820953  342.131355  334.977904  333.156092  307.474352  301.786646  301.036635  299.119114  301.427114  300.791161  299.885534  299.219977  298.771316  297.771954  297.038139  293.035143  319.938109  304.920218  304.541412  311.974213  331.330119  324.198458  335.270692  323.966504  316.579434  326.013903  335.181010  318.378006  314.071346  296.102934  298.080531  294.285831  293.999645  293.625368  293.402060 
2.500000  295.066080  294.377614  293.742268  293.338440  290.830783  291.512592  293.129257  294.501897  295.733576  295.746339  299.202521  299.729562  299.195353  299.121493  297.827889  298.502902  297.907659  296.681694  295.873216  297.224378  296.984312  296.704434  296.399626  296.062500  294.820583  294.493653  292.833714  293.701000  292.047757  318.179989  306.794304  313.362422  318.201322  320.039661  322.613925  339.749497  343.299021  340.002339  342.360037  335.057887  333.289164  307.460841  301.753846  301.005173  299.096090  301.382017  300.737565  299.823586  299.168037  298.730128  297.712580  296.966638  292.991277  320.272691  304.914003  304.532059  311.967710  331.378781  324.222224  335.784518  323.906914  316.545662  325.785183  335.311361  318.043295  314.091634  296.052457  298.036644  294.206285  293.921522  293.548711  293.329290 
3.500000  295.028769  294.332919  293.691564  293.285225  290.799137  291.483467  293.101223  294.473455  295.705431  295.706612  299.083292  299.636722  299.169292  299.095603  297.795614  298.479590  297.883305  296.660611  295.851997  297.195087  296.952389  296.670852  296.364536  296.025332  294.761492  294.439381  292.792938  293.661256  292.021641  318.816185  306.591775  313.385380  318.233028  320.059328  322.637016  340.075097  343.682271  340.269902  342.699102  335.174541  333.485373  307.446174  301.717932  300.969916  299.070772  301.328655  300.673635  299.751364  299.105661  298.678220  297.642216  296.884899  292.944064  320.782539  304.905213  304.518311  311.958318  331.450076  324.256498  336.567939  323.807312  316.496782  325.424116  335.499985  317.538427  314.120607  295.991624  297.989367  294.123192  293.840677  293.469818  293.254528 
4.500000  294.980992  294.278804  293.631727  293.223278  290.765575  291.451838  293.069821  294.440863  295.672688  295.661509  298.963205  299.539828  299.135921  299.062804  297.756893  298.451426  297.855094  296.637117  295.828719  297.160031  296.915717  296.632987  296.325451  295.984263  294.696604  294.380433  292.748246  293.616023  291.993683  319.692389  306.316142  313.414624  318.273712  320.084255  322.666032  340.492970  344.192689  340.620306  343.144968  335.326497  333.741942  307.430477  301.679280  300.931251  299.043442  301.267344  300.600033  299.669501  299.033513  298.616346  297.561591  296.793521  292.894015  321.481844  304.894575  304.500692  311.946707  331.543090  324.300421  337.647960  323.662228  316.435513  324.913823  335.741204  316.857050  314.157820  295.922289  297.939261  294.037033  293.757526  293.389078  293.178134 
5.500000  294.923753  294.216138  293.563551  293.153330  290.730403  291.418090  293.035543  294.404705  295.635979  295.611988  298.843028  299.439721  299.096180  299.023987  297.712810  298.419054  297.823552  296.611547  295.803667  297.119700  296.874672  296.591167  296.282673  295.939582  294.626298  294.317073  292.700189  293.565634  291.964185  320.830924  305.960860  313.449475  318.322319  320.113561  322.699805  340.991134  344.827332  341.049734  343.693113  335.513272  334.054922  307.413903  301.638313  300.889608  299.014407  301.198477  300.517454  299.578687  298.952310  298.545270  297.471482  296.693173  292.841660  322.381691  304.882833  304.479732  311.933324  331.656388  324.352659  339.054287  323.461273  316.364264  324.220976  336.028016  316.414863  314.202512  295.846222  297.886988  293.948357  293.672544  293.306923  293.100510 
6.500000  294.858112  294.145819  293.487855  293.076139  290.693945  291.382615  292.998881  294.365567  295.595935  295.559017  298.723552  299.337299  299.051022  298.980034  297.664411  298.383090  297.789174  296.584215  295.777115  297.074528  296.829563  296.545650  296.236442  295.891522  294.550925  294.249533  292.649309  293.510422  291.933434  322.255700  305.515889  313.488950  318.377395  320.145982  322.736928  341.556822  345.582245  341.554064  344.338425  335.735745  334.419481  307.396626  301.595473  300.845433  298.983987  301.122502  300.426592  299.479629  298.862778  298.465719  297.372674  296.584566  292.787517  323.488602  304.870672  304.455910  311.918371  331.788092  324.411511  340.818480  323.188634  316.284984  323.292526  336.352829  316.143431  314.253687  295.764918  297.833270  293.857760  293.586233  293.223809  293.022078 
7.500000  294.785084  294.068707  293.405418  292.992428  290.656505  291.345773  292.960291  294.323988  295.553141  295.503481  298.605489  299.233437  299.001342  298.931763  297.612638  298.344090  297.752407  296.555405  295.749317  297.024886  296.780638  296.496642  296.186950  295.840267  294.470799  294.178012  292.596092  293.450700  291.901680  323.995391  304.968520  313.532004  318.437423  320.180231  322.776046  342.177946  346.453216  342.129283  345.075816  335.997060  334.830540  307.378812  301.551177  300.799150  298.952481  301.039851  300.328087  299.372994  298.765597  298.378347  297.265898  296.468384  292.732053  324.807640  304.858378  304.429651  311.901944  331.936181  324.475266  342.977412  322.824120  316.199306  322.057527  336.708411  315.919810  314.310303  295.679511  297.778765  293.765803  293.499063  293.140153  292.943220 
8.500000  294.705582  293.985584  293.316953  292.902857  290.618354  291.307884  292.920173  294.280445  295.508114  295.446147  298.489429  299.128943  298.947947  298.879902  297.558299  298.302544  297.713640  296.525363  295.720492  296.971089  296.728097  296.444309  296.134352  295.785972  294.386196  294.102673  292.540950  293.386745  291.869131  326.085461  304.303772  313.577642  318.500972  320.215154  322.815973  342.843795  347.436028  342.771557  345.900403  336.302006  335.283131  307.360615  301.505793  300.751142  298.920154  300.950929  300.222516  299.259394  298.661389  298.283728  297.151820  296.345265  292.675660  326.343019  304.845851  304.401313  311.884081  332.098625  324.542351  345.575313  322.343752  316.108595  320.426070  337.088304  315.702853  314.371372  295.590836  297.724033  293.672979  293.411435  293.056309  292.864260 
9.500000  294.620399  293.897154  293.223098  292.808019  290.579724  291.269217  292.878872  294.235347  295.461301  295.387667  298.375826  299.024535  298.891540  298.825082  297.502077  298.258866  297.673207  296.494298  295.690830  296.913389  296.672101  296.388780  296.078775  295.728765  294.297354  294.023645  292.484210  293.318792  291.835949  328.570296  303.504797  313.624963  318.566766  320.249778  322.855731  343.545272  348.526437  343.477180  346.807495  336.654282  335.772603  307.342167  301.459633  300.701740  298.887234  300.856106  300.110392  299.139386  298.550718  298.182367  297.031039  296.215792  292.618658  328.097999  304.833059  304.371188  311.864797  332.273454  324.611402  347.148867  322.144053  316.013969  318.286916  337.486956  315.484790  314.435998  295.499508  297.669526  293.579706  293.323685  292.972568  292.785458 
10.500000  294.530237  293.804041  293.124405  292.708408  290.540758  291.229963  292.836646  294.189016  295.413053  295.328485  298.264903  298.920732  298.832739  298.767853  297.444517  298.213426  297.631401  296.462390  295.660481  296.852056  296.612849  296.330241  296.020407  295.668831  294.204506  293.941055  292.426147  293.247079  291.802258  331.513270  302.555077  313.673528  318.634137  320.283754  322.894831  344.275328  349.720548  344.243122  347.793058  337.055787  336.295290  307.323540  301.412891  300.651176  298.853869  300.755635  299.992127  299.013415  298.434042  298.074682  296.904032  296.080423  292.561270  330.078615  304.820046  304.339569  311.844342  332.459222  324.681644  347.857484  322.040173  315.916644  315.517300  337.900384  315.268357  314.503636  295.405888  297.615432  293.486206  293.235978  292.889064  292.706936 
11.500000  294.435767  293.706848  293.021412  292.604510  290.501578  291.190282  292.793722  294.141733  295.363684  295.268983  298.156833  298.817994  298.772083  298.708697  297.386083  298.166547  297.588484  296.429798  295.629577  296.787349  296.550542  296.268878  295.959438  295.606362  294.107899  293.855036  292.367019  293.171855  291.768165  332.108001  301.436650  313.722953  318.702490  320.316806  322.932885  345.027773  351.013012  345.065794  348.852195  337.506946  336.847677  307.304798  301.365735  300.599653  298.820188  300.649779  299.868140  298.881943  298.311833  297.961093  296.771292  295.939636  292.503685  332.350975  304.806872  304.306701  311.822930  332.654474  324.752392  348.331224  321.961286  315.817596  314.809333  338.325120  315.054819  314.573788  295.310285  297.561885  293.392665  293.148454  292.805911  292.628794 
12.500000  294.337640  293.606168  292.914659  292.496812  290.462287  291.150316  292.750300  294.093749  295.313471  295.209489  298.051750  298.716721  298.710046  298.648041  297.327171  298.118516  297.544681  296.396659  295.598230  296.719530  296.485387  296.204888  295.896076  295.541568  294.007803  293.765733  292.307072  293.093396  291.733761  332.527463  301.168163  313.772900  318.771302  320.348721  322.969593  345.797176  352.396508  345.940858  349.978823  338.006958  337.426391  307.285992  301.318305  300.547350  298.786300  300.538825  299.738876  298.745463  298.184588  297.842034  296.633340  295.793947  292.446065  333.123072  304.793605  304.272796  311.800748  332.857733  324.823046  348.737694  321.892094  315.717607  314.315058  338.758159  314.844605  314.645996  295.212966  297.508978  293.299244  293.061232  292.723203  292.551115 
13.500000  294.236500  293.502597  292.804695  292.385820  290.422972  291.110181  292.706550  294.045283  295.262662  295.150284  297.949746  298.617253  298.647041  298.586262  297.268111  298.069583  297.500194  296.363092  295.566540  296.648875  296.417603  296.138484  295.830545  295.474678  293.904520  293.673314  292.246538  293.011999  291.699125  332.922437  300.969156  313.823076  318.840111  320.379337  323.004730  346.578770  353.861696  346.863047  351.165337  338.553811  338.028199  307.267167  301.270720  300.494423  298.752296  300.423094  299.604811  298.604509  298.052841  297.717968  296.490736  295.643917  292.388548  333.565085  304.780334  304.238034  311.777958  333.067555  324.893086  349.120937  321.823936  315.617309  313.872787  339.196903  314.638037  314.719846  295.114164  297.456774  293.206078  292.974410  292.641019  292.473967 
14.500000  294.132982  293.396732  292.692084  292.272055  290.383706  291.069979  292.662621  293.996529  295.211474  295.091602  297.850879  298.519875  298.583429  298.523691  297.209185  298.019967  297.455196  296.329200  295.534592  296.575677  296.347431  296.069900  295.763090  295.405945  293.798386  293.577974  292.185637  292.927988  291.664325  333.314787  300.781931  313.873229  318.908519  320.408539  323.038133  347.368372  355.397908  347.825955  352.402505  339.144317  338.650006  307.248360  301.223083  300.441009  298.718255  300.302948  299.466465  298.459657  297.917161  297.589392  296.344082  295.490154  292.331248  333.912306  304.767143  304.202570  311.754703  333.282629  324.962070  349.481165  321.751996  315.517216  313.450678  339.639112  314.435463  314.794960  295.014081  297.405308  293.113279  292.888072  292.559422  292.397407 
15.500000  294.027715  293.289172  292.577403  292.156062  290.344551  291.029795  292.618642  293.947656  295.160101  295.033642  297.755175  298.424814  298.519520  298.460619  297.150626  297.969862  297.409840  296.295074  295.502460  296.500249  296.275130  295.999392  295.693980  295.335639  293.689778  293.479940  292.124577  292.841714  291.629417  333.704793  300.607542  313.923141  318.976179  320.436251  323.069696  348.162319  356.994053  348.822047  353.680157  339.774337  339.288850  307.229602  301.175479  300.387226  298.684243  300.178790  299.324403  298.311529  297.778163  297.456846  296.194025  295.333313  292.274262  334.223860  304.754104  304.166536  311.731105  333.501827  325.029628  349.817037  321.677139  315.417754  313.038812  340.082865  314.237265  314.870998  294.912894  297.354599  293.020942  292.802285  292.478463  292.321476 
16.500000  293.921309  293.180510  292.461242  292.038405  290.305559  290.989701  292.574722  293.898810  295.108709  294.976567  297.662632  298.332244  298.455583  298.397298  297.092627  297.919435  297.364259  296.260788  295.470208  296.422927  296.200986  295.927240  295.623500  295.264056  293.579106  293.379476  292.063549  292.753553  291.594451  334.089925  300.444170  313.972624  319.042798  320.462431  323.099358  348.957404  358.639271  349.843305  354.988286  340.439208  339.941911  307.210918  301.127980  300.333179  298.650316  300.051069  299.179230  298.160787  297.636494  297.320909  296.041249  295.174091  292.217669  334.516659  304.741270  304.130045  311.707274  333.724219  325.095458  350.128919  321.600505  315.319273  312.633525  340.526520  314.043832  314.947654  294.810753  297.304649  292.929145  292.717103  292.398181  292.246209 
17.500000  293.814348  293.071323  292.344188  291.919654  290.266771  290.949756  292.530956  293.850117  295.057445  294.920509  297.573221  298.242295  298.391847  298.333950  297.035349  297.868831  297.318567  296.226409  295.437888  296.344060  296.125306  295.853743  295.551956  295.191504  293.466815  293.276884  292.002732  292.663892  291.559466  334.467873  300.289353  314.021520  319.108128  320.487062  323.127099  349.750834  360.323339  350.882161  356.317766  341.134170  340.606515  307.192331  301.080645  300.278956  298.616520  299.920273  299.031593  298.008123  297.492829  297.182199  295.886469  295.013213  292.161532  334.797550  304.728682  304.093196  311.683306  333.949061  325.159320  350.418290  321.523145  315.222065  312.233593  340.968683  313.855536  315.024655  294.707786  297.255452  292.837948  292.632568  292.318606  292.171631 
18.500000  293.707376  292.962164  292.226817  291.800382  290.228221  290.910008  292.487421  293.801684  295.006434  294.865574  297.486895  298.155050  298.328504  298.270762  296.978919  297.818176  297.272862  296.191992  295.405548  296.264012  296.048413  295.779216  295.479661  295.118301  293.353373  293.172504  291.942285  292.573125  291.524497  334.836967  300.141501  314.069697  319.171966  320.510155  323.152929  350.540183  362.036958  351.932017  357.660653  341.854641  341.280134  307.173857  301.033523  300.224633  298.582895  299.786924  298.882164  297.854244  297.347855  297.041360  295.730412  294.851417  292.105900  335.069704  304.716369  304.056075  311.659285  334.175778  325.221029  350.687062  321.445934  315.126369  311.838887  341.408178  313.672719  315.101757  294.604099  297.206991  292.747401  292.548712  292.239757  292.097755 
19.500000  293.600891  292.853543  292.109681  291.681143  290.189935  290.870496  292.444182  293.753602  294.955778  294.811840  297.403584  298.070553  298.265717  298.207895  296.923441  297.767576  297.227229  296.157583  295.373223  296.183148  295.970644  295.703984  295.406934  295.044765  293.239261  293.066707  291.882349  292.481643  291.489569  335.196119  299.999679  314.117045  319.234148  320.531736  323.176885  351.323365  363.771909  352.987382  359.010290  342.596384  341.960402  307.155509  300.986654  300.170276  298.549472  299.651567  298.731627  297.699859  297.202258  296.899054  295.573803  294.689437  292.050810  335.334664  304.704349  304.018752  311.635287  334.403937  325.280454  350.937199  321.369566  315.032383  311.449789  341.844023  313.495676  315.178746  294.499780  297.159242  292.657536  292.465554  292.161643  292.024588 
20.500000  293.495330  292.745925  291.993292  291.562463  290.151931  290.831249  292.401290  293.705941  294.905565  294.759368  297.323206  297.988815  298.203615  298.145482  296.868992  297.717119  297.181734  296.123219  295.340944  296.101823  295.892338  295.628372  295.334087  294.971209  293.124959  292.959891  291.823048  292.389815  291.454702  335.544670  299.863365  314.163473  319.294544  320.551849  323.199028  352.098594  365.521125  354.043873  360.361291  343.355569  342.645110  307.137299  300.940066  300.115935  298.516277  299.514759  298.580659  297.545651  297.056699  296.755939  295.417342  294.527976  291.996283  335.593171  304.692631  303.981292  311.611377  334.633226  325.337506  351.170545  321.294580  314.940269  311.066917  342.275411  313.324648  315.255434  294.394898  297.112178  292.568375  292.383103  292.084266  291.952128 
21.500000  293.391064  292.639711  291.878109  291.444822  290.114220  290.792285  292.358784  293.658759  294.855861  294.708195  297.245662  297.909815  298.142300  298.083630  296.815631  297.666877  297.136434  296.088929  295.308735  296.020376  295.813827  295.552696  295.261416  294.897926  293.010930  292.852469  291.764479  292.297983  291.419910  335.882259  299.732276  314.208909  319.353060  320.570553  323.219433  352.864371  367.278693  355.098109  361.709438  344.128791  343.332222  307.119233  300.893782  300.061654  298.483330  299.377055  298.429911  297.392262  296.911797  296.612651  295.261685  294.367688  291.942330  335.845559  304.681217  303.943745  311.587615  334.863429  325.392141  351.388771  321.221386  314.850156  310.690978  342.701689  313.159819  315.331656  294.289502  297.065766  292.479927  292.301358  292.007615  291.880363 
22.500000  293.288392  292.535240  291.764527  291.328642  290.076807  290.753616  292.316690  293.612095  294.806715  294.658342  297.170840  297.833505  298.081847  298.022419  296.763396  297.616904  297.091371  296.054735  295.276611  295.939114  295.735426  295.477251  295.189192  294.825183  292.897608  292.744853  291.706716  292.206448  291.385200  336.208721  299.606272  314.253298  319.409629  320.587915  323.238192  353.619450  369.039826  356.147585  363.051558  344.913052  344.019873  307.101317  300.847815  300.007462  298.450646  299.238995  298.279987  297.240271  296.768110  296.469787  295.107422  294.209155  291.888948  336.091961  304.670102  303.906158  311.564053  335.094401  325.444346  351.593374  321.150291  314.762146  310.322688  343.122347  313.001316  315.407272  294.183627  297.019968  292.392186  292.220304  291.931670  291.809272 
23.500000  293.187535  292.432772  291.652869  291.214273  290.039687  290.715242  292.275020  293.565973  294.758157  294.609812  297.098614  297.759813  298.022305  297.961908  296.712311  297.567237  297.046572  296.020648  295.244580  295.858300  295.657420  295.402305  295.117655  294.753212  292.785374  292.637437  291.649804  292.115459  291.350572  336.524021  299.485290  314.296599  319.464213  320.604012  323.255410  354.362831  370.800824  357.190524  364.385401  345.705753  344.706376  307.083553  300.802172  299.953378  298.418236  299.101086  298.131419  297.090173  296.626113  296.327878  294.955059  294.052870  291.836119  336.332425  304.659276  303.868567  311.540738  335.326056  325.494141  351.785699  321.081523  314.676319  309.962722  343.537007  312.849207  315.482162  294.077289  296.974746  292.305130  292.139913  291.856398  291.738822 
24.500000  293.088634  292.332493  291.543373  291.101984  290.002850  290.677154  292.233774  293.520397  294.710197  294.562593  297.028846  297.688641  297.963695  297.902126  296.662381  297.517899  297.002050  295.986674  295.212643  295.778148  295.580055  295.328082  295.046999  294.682199  292.674548  292.530582  291.593752  292.025202  291.316018  336.828209  299.369302  314.338784  319.516797  320.618927  323.271197  355.093737  372.559048  358.225764  365.709561  346.504684  345.390224  307.065941  300.756851  299.899409  298.386106  298.963785  297.984650  296.942364  296.486188  296.187370  294.804997  293.899217  291.783809  336.566980  304.648725  303.831004  311.517711  335.558349  325.541573  351.966963  321.015246  314.592733  309.611694  343.945424  312.703505  315.556228  293.970487  296.930054  292.218724  292.060144  291.781754  291.668966 
25.500000  292.991739  292.234497  291.436183  290.991948  289.966274  290.639330  292.192933  293.475351  294.662821  294.516657  296.961376  297.619867  297.906009  297.843075  296.613598  297.468888  296.957803  295.952805  295.180790  295.698803  295.503519  295.254752  294.977364  294.612277  292.565370  292.424587  291.538530  291.935791  291.281522  337.121397  299.258289  314.379835  319.567387  320.632750  323.285674  355.811613  374.312935  359.252685  367.023441  347.308043  346.070094  307.048480  300.711842  299.845548  298.354259  298.827480  297.840008  296.797114  296.348596  296.048603  294.657514  293.748449  291.731966  336.795685  304.638428  303.793494  311.495010  335.791269  325.586713  352.138285  320.951576  314.511426  309.270128  344.347479  312.564168  315.629393  293.863201  296.885846  292.132908  291.980935  291.707672  291.599642 
26.500000  292.896798  292.138780  291.331335  290.884223  289.929923  290.601731  292.152460  293.430796  294.615988  294.471956  296.896023  297.553338  297.849204  297.784721  296.565936  297.420182  296.913807  295.919024  295.149002  295.620326  295.427930  295.182420  294.908826  294.543513  292.457974  292.319669  291.484048  291.847247  291.247057  337.403736  299.152227  314.419747  319.616006  320.645574  323.298967  356.516114  376.062059  360.271178  368.327289  348.114489  346.744850  307.031164  300.667127  299.791769  298.322693  298.692454  297.697674  296.654544  296.213455  295.911774  294.512736  293.600665  291.680513  337.018657  304.628362  303.756057  311.472668  336.024829  325.629651  352.300713  320.890586  314.432420  308.938442  344.743198  312.431101  315.701602  293.755393  296.842071  292.047600  291.902199  291.634064  291.530765 
27.500000  292.800650  292.042226  291.225448  290.775358  289.892562  290.563076  292.110986  293.385227  294.568122  294.427037  296.830521  297.486783  297.791383  297.725122  296.517864  297.370153  296.868588  295.884193  295.116201  295.540187  295.350925  295.108814  294.839215  294.473722  292.348986  292.212600  291.428384  291.756658  291.211451  337.683990  299.047861  314.459771  319.664197  320.657880  323.311600  357.229114  377.863218  361.314042  369.663798  348.949267  347.434922  307.013429  300.621226  299.736267  298.290380  298.554580  297.553170  296.510116  296.076461  295.772588  294.366055  293.451137  291.627664  337.242980  304.618176  303.717490  311.450006  336.266648  325.671807  352.460128  320.830465  314.353245  308.606532  345.145224  312.300100  315.775107  293.643453  296.797249  291.959901  291.821249  291.558413  291.459973 
28.500000  292.699601  291.941250  291.114622  290.661362  289.852739  290.521851  292.066905  293.336884  294.517377  294.380334  296.762382  297.417725  297.730363  297.662018  296.467715  297.316888  296.820408  295.846963  295.081107  295.455356  295.269706  295.031262  294.765989  294.400351  292.234469  292.099549  291.369220  291.660526  291.173302  337.970998  298.942032  314.501224  319.713515  320.670122  323.324063  357.974518  379.783595  362.419096  371.082878  349.842883  348.163401  306.994626  300.572428  299.676895  298.256149  298.408974  297.401240  296.358536  295.932581  295.625976  294.212100  293.294375  291.571309  337.476271  304.607474  303.676388  311.426280  336.525751  325.714591  352.622344  320.769409  314.271301  308.263834  345.567723  312.166995  315.852450  293.523032  296.749686  291.866404  291.734925  291.477754  291.384488 
29.500000  292.592193  291.834585  290.997518  290.540882  289.809992  290.477554  292.019688  293.285181  294.463137  294.331589  296.690871  297.345496  297.665468  297.594709  296.415239  297.259797  296.768726  295.806916  295.043307  295.364684  295.183349  294.948876  294.688288  294.322532  292.113172  291.979360  291.305457  291.557480  291.132157  338.264808  298.834882  314.544201  319.764033  320.682380  323.336469  358.754847  381.841631  363.594917  372.598510  350.803224  348.932741  306.974623  300.520320  299.613003  298.219765  298.254151  297.240137  296.198000  295.780075  295.470236  294.049049  293.128505  291.510691  337.719568  304.596145  303.632452  311.401435  336.804246  325.758123  352.787610  320.707446  314.186316  307.909879  346.013281  312.031599  315.934028  293.392841  296.699006  291.766061  291.642224  291.391137  291.303407 
30.500000  292.371278  291.617201  290.759191  290.295927  289.726085  290.390375  291.927090  293.183784  294.356797  294.241296  296.553225  297.207296  297.539226  297.463547  296.317756  297.148289  296.667563  295.728321  294.968862  295.178361  295.007472  294.781135  294.529897  294.163892  291.867553  291.736184  291.175591  291.345880  291.051010  338.802541  298.645300  314.623141  319.855430  320.704268  323.358577  360.235334  385.913688  365.894343  375.594836  352.714139  350.404992  306.936405  300.419877  299.487708  298.150235  297.940592  296.912530  295.871301  295.469210  295.153068  293.717441  292.791164  291.390708  338.177803  304.574591  303.548089  311.355169  337.354112  325.836703  353.088860  320.596862  314.028833  307.250879  346.873311  311.787104  316.091758  293.138376  296.601454  291.569516  291.460279  291.221000  291.144005 
31.500000  292.307302  291.558128  290.689305  290.221660  289.694850  290.345128  291.851718  293.074648  294.222127  294.140656  296.370494  297.021964  297.366208  297.305700  296.229215  297.045126  296.594260  295.687762  294.945400  295.115913  294.948422  294.725216  294.478673  294.113011  291.786572  291.651015  291.128932  291.271373  291.023814  334.463888  298.159168  312.965103  317.815540  318.762308  321.299429  354.602165  377.368482  359.768500  368.424054  347.952209  345.785068  306.477852  300.386612  299.446560  298.127361  297.838611  296.809297  295.769832  295.374057  295.051221  293.615668  292.686182  291.352403  333.955460  303.626558  302.674158  309.779175  333.707409  323.057677  347.719133  318.370798  312.474730  306.308733  342.199223  310.289177  314.100685  293.038846  296.201986  291.504534  291.400388  291.165214  291.092102 
32.500000  292.250627  291.505962  290.627603  290.156332  289.669089  290.307859  291.789867  292.985029  294.111560  294.060494  296.220546  296.869961  297.224306  297.176224  296.158363  296.960467  296.533973  295.654304  294.926002  295.061095  294.896681  294.676157  294.433648  294.068222  291.714911  291.576949  291.089845  291.206441  291.001322  330.874115  297.772268  311.641581  316.197782  317.218311  319.663455  349.895506  370.221528  354.623191  362.404939  343.920929  341.918311  306.105552  300.359315  299.412631  298.108710  297.749809  296.718571  295.680606  295.290505  294.961976  293.526089  292.593925  291.320691  330.443288  302.854667  301.961718  308.514437  330.591377  320.854943  343.285495  316.614904  311.228210  305.498628  338.258451  309.102031  312.408390  292.956931  295.876129  291.451041  291.351068  291.119247  291.049329 
33.500000  292.200961  291.460348  290.573653  290.099422  289.646941  290.275865  291.736968  292.908337  294.016957  293.993974  296.092353  296.740043  297.103011  297.065523  296.099257  296.888040  296.482284  295.625533  294.909288  295.013490  294.851792  294.633543  294.394464  294.029185  291.652152  291.513157  291.056077  291.150464  290.981947  327.897906  297.449446  310.534803  314.853080  315.931702  318.301108  345.967240  364.269627  350.313504  357.372925  340.526736  338.688860  305.789749  300.335939  299.383468  298.092843  297.673225  296.639611  295.602901  295.217845  294.884527  293.448024  292.513629  291.293350  327.520860  302.198116  301.354893  307.451864  327.937327  319.024951  339.613340  315.161817  310.181023  304.803871  334.943896  308.115790  310.975760  292.886631  295.598765  291.405138  291.308736  291.079770  291.012592 
34.500000  292.158260  291.421196  290.527340  290.050746  289.627332  290.247583  291.690379  292.840756  293.933603  293.937074  295.979504  296.625684  296.996230  296.968038  296.048425  296.824218  296.436643  295.600054  294.894458  294.972919  294.813553  294.597200  294.360985  293.995779  291.598199  291.459187  291.026207  291.103088  290.964766  325.452954  297.170444  309.578163  313.697086  314.823004  317.127834  342.729863  359.383321  346.753091  353.225945  337.712973  336.027323  305.513434  300.315307  299.357654  298.078932  297.608354  296.572133  295.536454  295.155797  294.818525  293.381236  292.445008  291.269090  325.114018  301.622142  300.821756  306.529611  325.709743  317.452524  336.597225  313.915594  309.271952  304.215742  332.193942  307.267122  309.780726  292.824482  295.355433  291.364574  291.271318  291.044859  290.980102 
35.500000  292.120808  291.386906  290.486763  290.008253  289.609584  290.222027  291.648430  292.779871  293.858515  293.887246  295.877939  296.522757  296.900108  296.880256  296.003674  296.766710  296.395437  295.576987  294.881010  294.937629  294.780298  294.565561  294.331789  293.966603  291.550856  291.412554  290.999267  291.062147  290.949195  323.388372  296.922707  308.730453  312.677705  313.843130  316.091420  339.995475  355.275662  343.740821  349.726804  335.327068  333.780177  305.265972  300.296680  299.334292  298.066455  297.552234  296.513266  295.478455  295.101713  294.761102  293.322916  292.385146  291.247092  323.077933  301.105028  300.342368  305.709320  323.796970  316.066539  334.049323  312.817010  308.463091  303.705557  329.857529  306.516774  308.760689  292.768304  295.137049  291.327926  291.237506  291.013297  290.950727 
36.500000  292.087448  291.356403  290.450650  289.970570  289.593240  290.198529  291.609995  292.724052  293.789678  293.842780  295.784910  296.428472  296.812045  296.799805  295.963536  296.713973  296.357578  295.555736  294.868601  294.906444  294.750914  294.537576  294.305924  293.940715  291.508648  291.371596  290.974571  291.026187  290.934839  321.608147  296.698054  307.964423  311.760578  312.959691  315.157426  337.641666  351.758087  341.144906  346.719598  333.268083  331.847061  305.040250  300.279560  299.312778  298.055063  297.502886  296.461089  295.427022  295.053820  294.710341  293.271183  292.332094  291.226801  321.319910  300.632265  299.903414  304.965556  322.125556  314.820099  331.850675  311.827602  307.729339  303.254754  327.835716  305.839179  307.874413  292.716627  294.937522  291.294233  291.206417  290.984262  290.923705 
37.500000  292.057369  291.328935  290.418109  289.936733  289.578138  290.176853  291.574658  292.672697  293.726346  293.802904  295.699393  296.341787  296.731068  296.725803  295.927366  296.665435  296.322672  295.536094  294.857114  294.878535  294.724618  294.512508  294.282720  293.917455  291.470541  291.335150  290.951862  290.994190  290.921561  320.047676  296.493076  307.268576  310.930764  312.158783  314.311024  335.584393  348.700436  338.874479  344.096629  331.465874  330.158899  304.833498  300.263766  299.292899  298.044621  297.458920  296.414252  295.380836  295.010873  294.664894  293.224714  292.284482  291.208025  319.777302  300.198333  299.499885  304.287850  320.644619  313.692759  329.921532  310.930682  307.060378  302.850645  326.060255  305.223410  307.093321  292.668928  294.754531  291.263152  291.177734  290.957463  290.898762 
38.500000  292.029973  291.303952  290.388490  289.906040  289.564317  290.157046  291.542474  292.625892  293.668623  293.767426  295.621509  296.262827  296.657297  296.658363  295.895037  296.621178  296.290792  295.518110  294.846582  294.853299  294.700839  294.489819  294.261689  293.896342  291.435781  291.302371  290.931178  290.965415  290.909399  318.661563  296.307441  306.641443  310.185523  311.438188  313.549757  333.763234  346.008892  336.864050  341.780194  329.869571  328.665958  304.645791  300.249329  299.274704  298.035138  297.419328  296.371774  295.338934  294.971965  294.623781  293.182546  292.241313  291.190821  318.405939  299.803652  299.132282  303.675353  319.317341  312.680674  328.206027  310.123394  306.455401  302.484186  324.481895  304.667912  306.396717  292.625318  294.588246  291.234752  291.151523  290.932962  290.875958 
39.500000  292.004815  291.281040  290.361302  289.877963  289.551683  290.138971  291.513194  292.583275  293.616063  293.735838  295.550639  296.190962  296.590146  296.596954  295.866129  296.580862  296.261706  295.501665  294.836938  294.830280  294.679151  294.469107  294.242465  293.877013  291.403800  291.272627  290.912357  290.939305  290.898274  317.416783  296.139248  306.075994  309.515662  310.789390  312.864540  332.133431  343.613864  335.064998  339.712583  328.441196  327.331354  304.475461  300.236144  299.258069  298.026530  297.383355  296.332917  295.300594  294.936416  294.586268  293.143955  292.201837  291.175078  317.173601  299.444933  298.797648  303.121695  318.116244  311.771254  326.663606  309.396227  305.908163  302.148706  323.064017  304.166482  305.769163  292.585492  294.437262  291.208831  291.127598  290.910589  290.855136 
40.500000  291.981548  291.259881  290.336169  289.852095  289.540052  290.122356  291.486358  292.544184  293.567844  293.707459  295.485662  296.125058  296.528558  296.540613  295.840055  296.543859  296.234970  295.486516  294.828044  294.809131  294.659223  294.450062  294.224765  293.859190  291.374162  291.245431  290.895100  290.915435  290.888026  316.288617  295.985543  305.561712  308.908081  310.199997  312.242216  330.661299  341.462896  333.440604  337.850229  327.151917  326.127288  304.319675  300.224011  299.242748  298.018657  297.350420  296.297113  295.265259  294.903702  294.551787  293.108384  292.165480  291.160568  316.056116  299.116386  298.490681  302.616974  317.020430  310.946625  325.263969  308.735386  305.408929  301.839148  321.778943  303.709880  305.198941  292.548851  294.299124  291.184999  291.105600  290.890010  290.835984 
41.500000  291.959900  291.240223  290.312794  289.828117  289.529278  290.106987  291.461607  292.508096  293.523325  293.681767  295.425702  296.064226  296.471705  296.488587  295.816360  296.509679  296.210240  295.472476  294.819789  294.789575  294.640798  294.432438  294.208369  293.842655  291.346524  291.220405  290.879175  290.893470  290.878526  315.258119  295.844047  305.090493  308.352721  309.660487  311.672682  329.321035  339.515756  331.962643  336.159665  325.979466  325.032433  304.176231  300.212774  299.228549  298.011407  297.320068  296.263916  295.232493  294.873411  294.519895  293.075394  292.131787  291.147113  315.034926  298.813498  298.207245  302.153540  316.013700  310.193071  323.983920  308.130256  304.950182  301.551588  320.605378  303.290986  304.677004  292.514929  294.171911  291.162950  291.085247  290.870963  290.818258 
42.500000  291.939653  291.221867  290.290941  289.805772  289.519243  290.092697  291.438654  292.474599  293.481994  293.658351  295.370061  296.007761  296.418927  296.440276  295.794688  296.477930  296.187239  295.459391  294.812089  294.771395  294.623670  294.416043  294.193097  293.827232  291.320612  291.197245  290.864395  290.873145  290.869674  314.310475  295.712968  304.655966  307.841703  309.163393  311.148017  328.092476  337.740986  330.608985  334.614677  324.906318  324.030102  304.043383  300.202308  299.215319  298.004693  297.291937  296.232970  295.201945  294.845213  294.490236  293.044634  292.100396  291.134572  314.095496  298.532678  297.944056  301.725364  315.083257  309.499855  322.805333  307.572506  304.526006  301.282923  319.526616  302.904205  304.196228  292.483353  294.054097  291.142440  291.066316  290.853239  290.801765 
43.500000  291.920631  291.204647  290.270416  289.784854  289.509855  290.079346  291.417267  292.443357  293.443438  293.636886  295.318175  295.955093  296.369694  296.395194  295.774754  296.448298  296.165745  295.447141  294.804871  294.754412  294.607670  294.400716  294.178807  293.812779  291.296203  291.175707  290.850609  290.854243  290.861388  313.433895  295.590872  304.253041  307.368754  308.702759  310.661907  326.959594  336.113573  329.361990  333.194391  323.918463  323.107021  303.919721  300.192512  299.202932  297.998444  297.265735  296.203984  295.173333  294.818841  294.462524  293.015820  292.071014  291.122827  313.226245  298.271032  297.698463  301.327620  314.218824  308.858425  321.713795  307.055487  304.131666  301.030658  318.529329  302.545065  303.750914  292.453821  293.944447  291.123272  291.048623  290.836670  290.786347 
44.500000  291.902687  291.188431  290.251061  289.765191  289.501034  290.066822  291.397256  292.414094  293.407318  293.617107  295.269583  295.905753  296.323570  296.352945  295.756327  296.420523  296.145574  295.435625  294.798079  294.738480  294.592662  294.386330  294.165380  293.799178  291.273115  291.155589  290.837692  290.836588  290.853601  312.618857  295.476596  303.877587  306.928800  308.273766  310.209247  325.909454  334.613339  328.207389  331.881940  323.004537  322.252470  303.804099  300.183306  299.191287  297.992601  297.241220  296.176722  295.146422  294.794075  294.436521  292.988718  292.043397  291.111784  312.417808  298.026188  297.468297  300.956386  313.412030  308.261870  320.697670  306.573814  303.763313  300.792755  317.602725  302.209941  303.336433  292.426084  293.841950  291.105284  291.032020  290.821115  290.771875 
45.500000  291.885412  291.172846  290.232434  289.746328  289.492578  290.054833  291.378146  292.386120  293.372781  293.598494  295.223133  295.858574  296.279462  296.312532  295.738933  296.393950  296.126255  295.424577  294.791556  294.723224  294.578293  294.372546  294.152504  293.786117  291.250826  291.136408  290.825338  290.819754  290.846132  311.844815  295.367385  303.520322  306.510798  307.865739  309.778756  324.915098  333.200512  327.115484  330.643099  322.140966  321.444362  303.693740  300.174474  299.180114  297.987027  297.217807  296.150552  295.120590  294.770338  294.411618  292.962701  292.016906  291.101189  311.649859  297.792316  297.248122  300.602598  312.643273  307.695196  319.731520  306.115513  303.411989  300.563756  316.723455  301.890590  302.942481  292.399498  293.744152  291.088055  291.016118  290.806212  290.758011 
46.500000  291.868482  291.157598  290.214184  289.727904  289.484323  290.043146  291.359566  292.358890  293.339153  293.580651  295.177918  295.812636  296.236511  296.273167  295.722208  296.368064  296.107414  295.413785  294.785177  294.708350  294.564284  294.359100  294.139931  293.773345  291.228920  291.117785  290.813305  290.803410  290.838839  311.095871  295.261080  303.174022  306.106195  307.470389  309.361681  323.955773  331.844726  326.063420  329.451625  321.309629  320.665718  303.586467  300.165847  299.169199  297.981609  297.195035  296.124972  295.095343  294.747175  294.387334  292.937273  291.991033  291.090839  310.906658  297.564826  297.033650  300.259178  311.897221  307.146798  318.795634  305.671284  303.070691  300.339325  315.873457  301.580593  302.561055  292.373550  293.649125  291.071253  291.000611  290.791675  290.744488 
47.500000  291.851879  291.142673  290.196293  289.709899  289.476261  290.031749  291.341487  292.332366  293.306391  293.563532  295.133873  295.767874  296.194659  296.234796  295.706115  296.342829  296.089029  295.403236  294.778937  294.693837  294.550618  294.345974  294.127648  293.760848  291.207380  291.099691  290.801577  290.787528  290.831714  310.370438  295.157524  302.838032  305.714156  307.086945  308.957202  323.029181  330.542040  325.048608  328.304349  320.508434  319.914580  303.482114  300.157416  299.158530  297.976342  297.172873  296.099955  295.070653  294.724556  294.363638  292.912409  291.965748  291.080722  310.186653  297.343386  296.824593  299.925534  311.172607  306.615535  317.888135  305.240268  302.738849  300.119267  315.050904  301.279397  302.191398  292.348210  293.556723  291.054857  290.985481  290.777486  290.731290 
48.500000  291.835589  291.128058  290.178745  289.692295  289.468383  290.020627  291.323888  292.306516  293.274450  293.547093  295.090941  295.724230  296.153849  296.197371  295.690617  296.318214  296.071076  295.392920  294.772828  294.679669  294.537279  294.333155  294.115640  293.748614  291.186189  291.082098  290.790137  290.772086  290.824749  309.667079  295.056570  302.511756  305.333919  306.714702  308.564572  322.133240  329.288878  324.068690  327.198394  319.735475  319.189170  303.380526  300.149170  299.148095  297.971217  297.151289  296.075474  295.046495  294.702458  294.340503  292.888083  291.941027  291.070828  309.488437  297.127688  296.620682  299.601124  310.468262  306.100371  317.007327  304.821685  302.415946  299.903407  314.254134  300.986500  301.832823  292.323449  293.466810  291.038850  290.970708  290.763628  290.718402 
49.500000  291.819600  291.113739  290.161525  289.675073  289.460679  290.009768  291.306746  292.281307  293.243292  293.531296  295.049068  295.681650  296.114032  296.160846  295.675682  296.294190  296.053537  295.382827  294.766845  294.665829  294.524250  294.320627  294.103895  293.736631  291.165334  291.064984  290.778973  290.757062  290.817937  308.984492  294.958089  302.194644  304.964792  306.353019  308.183113  321.266055  328.081988  323.121512  326.131136  318.989004  318.487869  303.281563  300.141102  299.137883  297.966228  297.130256  296.051504  295.022843  294.680856  294.317902  292.864274  291.916842  291.061148  308.810734  296.917445  296.421672  299.285447  309.783109  305.600361  316.151674  304.414828  302.101504  299.691582  313.481628  300.701445  301.484695  292.299240  293.379261  291.023212  290.956277  290.750086  290.705809 
50.500000  291.803897  291.099706  290.144619  289.658217  289.453143  289.999161  291.290040  292.256710  293.212880  293.516103  295.008203  295.640084  296.075162  296.125178  295.661278  296.270728  296.036393  295.372946  294.760983  294.652302  294.511519  294.308378  294.092402  293.724888  291.144801  291.048324  290.768069  290.742435  290.811273  308.321491  294.861959  301.886193  304.606141  306.001310  307.812200  320.425898  326.918403  322.205104  325.100175  318.267417  317.809198  303.185092  300.133203  299.127885  297.961368  297.109747  296.028023  294.999678  294.659728  294.295812  292.840960  291.893172  291.051673  308.152377  296.712392  296.227330  298.978043  309.116150  305.114642  315.319774  304.019048  301.795085  299.483642  312.731994  300.423814  301.146434  292.275560  293.293957  291.007927  290.942173  290.736847  290.693498 
51.500000  291.788469  291.085947  290.128015  289.641713  289.445768  289.988794  291.273751  292.232697  293.183181  293.501481  294.968300  295.599484  296.037193  296.090328  295.647376  296.247804  296.019625  295.363268  294.755236  294.639074  294.499071  294.296396  294.081149  293.713374  291.124577  291.032098  290.757415  290.728186  290.804749  307.676987  294.768070  301.585939  304.257385  305.659032  307.451262  319.611186  325.795406  321.317654  324.103315  317.569241  317.151804  303.090990  300.125466  299.118091  297.956631  297.089737  296.005010  294.976976  294.639054  294.274210  292.818121  291.869994  291.042393  307.512300  296.512281  296.037443  298.678488  308.466463  304.642420  314.510346  303.633753  301.496286  299.279450  312.003952  300.153223  300.817505  292.252384  293.210790  290.992980  290.928380  290.723895  290.681457 
52.500000  291.773305  291.072452  290.111700  289.625546  289.438547  289.978657  291.257861  292.209242  293.154162  293.487398  294.929313  295.559808  296.000085  296.056259  295.633952  296.225394  296.003218  295.353784  294.749600  294.626131  294.486895  294.284669  294.070127  293.702079  291.104651  291.016287  290.746999  290.714298  290.798361  307.049984  294.676320  301.293455  303.917989  305.325690  307.099772  318.820466  324.710506  320.457497  323.138533  316.893114  316.514445  302.999144  300.117883  299.108492  297.952013  297.070205  295.982444  294.954719  294.618814  294.253076  292.795738  291.847288  291.033301  306.889522  296.316881  295.851808  298.386387  307.833187  304.182969  313.722214  303.258396  301.204731  299.078874  311.296322  299.889317  300.497411  292.229691  293.129657  290.978356  290.914886  290.711220  290.669674 
53.500000  291.758394  291.059212  290.095662  289.609702  289.431473  289.968741  291.242352  292.186321  293.125794  293.473825  294.891204  295.521012  295.963801  296.022936  295.620979  296.203474  295.987156  295.344488  294.744070  294.613462  294.474979  294.273187  294.059325  293.690995  291.085011  291.000871  290.736810  290.700754  290.792103  306.439564  294.586615  301.008345  303.587461  305.000824  306.757244  318.052400  323.661414  319.623095  322.203971  316.237780  315.895976  302.909447  300.110450  299.099081  297.947507  297.051128  295.960306  294.932888  294.598991  294.232389  292.773795  291.825035  291.024389  306.283139  296.125976  295.670239  298.101376  307.215524  303.735614  312.954296  302.892473  300.920074  298.881795  310.608015  299.631770  300.185695  292.207461  293.050462  290.964042  290.901678  290.698810  290.658138 
54.500000  291.743726  291.046217  290.079892  289.594168  289.424540  289.959036  291.227209  292.163912  293.098048  293.460735  294.853932  295.483061  295.928303  295.990327  295.608435  296.182024  295.971424  295.335371  294.738641  294.601055  294.463311  294.261939  294.048736  293.680113  291.065646  290.985835  290.726838  290.687539  290.785969  305.844879  294.498866  300.730240  303.265344  304.684008  306.423228  317.305755  322.646019  318.813028  321.297909  315.602076  315.295342  302.821801  300.103159  299.089848  297.943109  297.032487  295.938581  294.911467  294.579567  294.212131  292.752275  291.803217  291.015650  305.692316  295.939364  295.492560  297.823114  306.612730  303.299734  312.205591  302.535519  300.641993  298.688100  309.938022  299.380279  299.881931  292.185674  292.973115  290.950025  290.888743  290.686653  290.646839 
55.500000  291.729292  291.033458  290.064378  289.578934  289.417743  289.949535  291.212418  292.141994  293.070899  293.448102  294.817463  295.445916  295.893559  295.958401  295.596298  296.161024  295.956010  295.326425  294.733310  294.588898  294.451882  294.250917  294.038349  293.669425  291.046547  290.971161  290.717074  290.674639  290.779956  305.265143  294.412992  300.458799  302.951215  304.374847  306.097305  316.579388  321.662372  318.025979  320.418758  314.984926  314.711568  302.736111  300.096005  299.080788  297.938814  297.014264  295.917249  294.890438  294.560526  294.192285  292.731162  291.781818  291.007077  305.116280  295.756854  295.318605  297.551286  306.024111  302.874754  311.475174  302.187100  300.370188  298.497680  309.285408  299.134563  299.585724  292.164312  292.897532  290.936292  290.876070  290.674738  290.635766 
56.500000  291.715083  291.020929  290.049110  289.563987  289.411077  289.940229  291.197963  292.120545  293.044321  293.435903  294.781761  295.409545  295.859538  295.927130  295.584548  296.140455  295.940900  295.317645  294.728074  294.576982  294.440682  294.240110  294.028158  293.658922  291.027704  290.956836  290.707509  290.662039  290.774058  304.699629  294.328918  300.193705  302.644683  304.072975  305.779089  315.872243  320.708671  317.260725  319.565047  314.385326  314.143749  302.652291  300.088982  299.071893  297.934618  296.996439  295.896297  294.869786  294.541853  294.172834  292.710442  291.760821  290.998665  304.554311  295.578270  295.148221  297.285596  305.449016  302.460138  310.762184  301.846814  300.104378  298.310437  308.649303  298.894360  299.296707  292.143359  292.823635  290.922832  290.863650  290.663057  290.624912 
57.500000  291.701090  291.008620  290.034081  289.549317  289.404537  289.931110  291.183831  292.099548  293.018292  293.424117  294.746797  295.373916  295.826208  295.896487  295.573167  296.120301  295.926082  295.309023  294.722927  294.565298  294.429702  294.229512  294.018155  293.648598  291.009109  290.942845  290.698135  290.649729  290.768272  304.147659  294.246572  299.934661  302.345382  303.778049  305.468217  315.183336  319.783243  316.516132  318.735408  313.802346  313.591047  302.570260  300.082085  299.063157  297.930517  296.978998  295.875710  294.849498  294.523534  294.153764  292.690101  291.740211  290.990406  304.005741  295.403444  294.981260  297.025769  304.886837  302.055388  310.065821  301.514288  299.844303  298.126273  308.028898  298.659424  299.014534  292.122797  292.751348  290.909634  290.851472  290.651600  290.614267 
58.500000  291.687305  290.996525  290.019281  289.534914  289.398117  289.922172  291.170011  292.078985  292.992790  293.412722  294.712539  295.338998  295.793544  295.866447  295.562138  296.100544  295.911544  295.300555  294.717868  294.553834  294.418933  294.219113  294.008333  293.638446  290.990753  290.929174  290.688944  290.637694  290.762593  303.608601  294.165887  299.681390  302.052970  303.489750  305.164352  314.511752  318.884537  315.791139  317.928569  313.235119  313.052682  302.489940  300.075311  299.054573  297.926506  296.961923  295.855473  294.829559  294.505556  294.135060  292.670126  291.719974  290.982296  303.469947  295.232219  294.817586  296.771546  304.337004  301.660040  309.385338  301.189170  299.589717  297.945100  307.423436  298.429527  298.738886  292.102613  292.680602  290.896690  290.839526  290.640359  290.603823 
59.500000  291.673722  290.984637  290.004702  289.520768  289.391814  289.913408  291.156490  292.058839  292.967794  293.401699  294.678959  295.304764  295.761517  295.836985  295.551443  296.081169  295.897277  295.292233  294.712893  294.542585  294.408368  294.208908  293.998684  293.628460  290.972629  290.915812  290.679929  290.625924  290.757018  303.081864  294.086802  299.433633  301.767131  303.207779  304.867177  313.856640  318.011110  315.084761  317.143345  312.682833  312.527928  302.411261  300.068653  299.046137  297.922583  296.945202  295.835573  294.809956  294.487905  294.116708  292.650505  291.700097  290.974329  302.946345  295.064447  294.657070  296.522684  303.798981  301.273659  308.720039  300.871134  299.340390  297.766830  306.832212  298.204456  298.469462  292.082791  292.611332  290.883987  290.827804  290.629324  290.593573 
60.500000  291.660332  290.972948  289.990336  289.506871  289.385623  289.904811  291.143256  292.039094  292.943284  293.391031  294.646032  295.271186  295.730103  295.808080  295.541067  296.062161  295.883270  295.284054  294.707998  294.531540  294.397999  294.198887  293.989203  293.618633  290.954728  290.902746  290.671083  290.614409  290.751543  302.566898  294.009257  299.191147  301.487567  302.931857  304.576397  313.217203  317.161617  314.396073  316.378630  312.144734  312.016106  302.334153  300.062109  299.037842  297.918744  296.928819  295.815998  294.790677  294.470570  294.098695  292.631225  291.680567  290.966499  302.434390  294.899987  294.499590  296.278958  303.272265  300.895841  308.069268  300.559874  299.096105  297.591383  306.254564  297.984008  298.205981  292.063319  292.543475  290.871519  290.816298  290.618489  290.583510 
61.500000  291.647130  290.961454  289.976176  289.493214  289.379541  289.896376  291.130301  292.019736  292.919242  293.380700  294.613730  295.238240  295.699279  295.779710  295.530996  296.043507  295.869512  295.276011  294.703181  294.520693  294.387818  294.189046  293.979883  293.608960  290.937043  290.889966  290.662400  290.603139  290.746165  302.063184  293.933197  298.953703  301.213998  302.661720  304.291734  312.592697  316.334804  313.724214  315.633390  311.620112  311.516582  302.258554  300.055673  299.029683  297.914986  296.912762  295.796737  294.771710  294.453538  294.081009  292.612276  291.661372  290.958803  301.933569  294.738709  294.345029  296.040152  302.756381  300.526205  307.432414  300.255100  298.856661  297.418679  305.689874  297.767995  297.948177  292.044183  292.476972  290.859276  290.804998  290.607846  290.573626 
62.500000  291.634108  290.950148  289.962215  289.479789  289.373562  289.888096  291.117613  292.000749  292.895651  293.370692  294.582032  295.205902  295.669023  295.751855  295.521216  296.025193  295.855997  295.268101  294.698440  294.510036  294.377818  294.179377  293.970719  293.599434  290.919568  290.877461  290.653873  290.592103  290.740880  301.570237  293.858570  298.721087  300.946162  302.397123  304.012929  311.982424  315.529498  313.068372  314.906659  311.108305  311.028765  302.184402  300.049343  299.021655  297.911305  296.897019  295.777777  294.753045  294.436800  294.063638  292.593648  291.642501  290.951235  301.443404  294.580486  294.193279  295.806066  302.250883  300.164393  306.808901  299.956542  298.621865  297.248646  305.137560  297.556238  297.695803  292.025371  292.411768  290.847250  290.793899  290.597388  290.563914 
63.500000  291.621260  290.939025  289.948447  289.466588  289.367685  289.879967  291.105183  291.982121  292.872494  293.360990  294.550913  295.174149  295.639313  295.724495  295.511714  296.007207  295.842713  295.260317  294.693771  294.499563  294.367994  294.169874  293.961705  293.590052  290.902296  290.865221  290.645497  290.581294  290.735685  301.087599  293.785326  298.493097  300.683813  302.137833  303.739734  311.385729  314.744602  312.427791  314.197530  310.608690  310.552098  302.111641  300.043114  299.013754  297.907699  296.881577  295.759108  294.734670  294.420345  294.046572  292.575329  291.623942  290.943792  300.963440  294.425203  294.044237  295.576509  301.755350  299.810070  306.198186  299.663946  298.391536  297.081210  304.597074  297.348570  297.448623  292.006873  292.347811  290.835434  290.782992  290.587109  290.554370 
64.500000  291.608581  290.928078  289.934864  289.453603  289.361905  289.871982  291.093002  291.963838  292.849755  293.351581  294.520353  295.142959  295.610129  295.697613  295.502479  295.989536  295.829654  295.252657  294.689173  294.489266  294.358339  294.160532  293.952836  293.580807  290.885221  290.853237  290.637266  290.570701  290.730578  300.614840  293.713419  298.269544  300.426720  301.883632  303.471920  310.801998  313.979090  311.801755  313.505153  310.120683  310.086059  302.040217  300.036984  299.005976  297.904165  296.866425  295.740721  294.716576  294.404163  294.029800  292.557311  291.605686  290.936468  300.493253  294.272745  293.897805  295.351303  301.269383  299.462919  305.599758  299.377070  298.165505  296.916305  304.067904  297.144831  297.206419  291.988676  292.285052  290.823819  290.772272  290.577001  290.544986 
65.500000  291.596065  290.917303  289.921461  289.440829  289.356220  289.864138  291.081061  291.945890  292.827419  293.342453  294.490331  295.112312  295.581452  295.671191  295.493499  295.972171  295.816812  295.245115  294.684642  294.479139  294.348846  294.151345  293.944106  293.571695  290.868337  290.841499  290.629174  290.560318  290.725556  300.151554  293.642804  298.050247  300.174663  301.634312  303.209268  310.230651  313.231996  311.189594  312.828727  309.643734  309.630159  301.970078  300.030948  298.998315  297.900700  296.851554  295.722605  294.698753  294.388244  294.013312  292.539585  291.587723  290.929260  300.032440  294.123009  293.753889  295.130278  300.792606  299.122644  305.013134  299.095688  297.943609  296.753864  303.549563  296.944872  296.968982  291.970771  292.223442  290.812400  290.761730  290.567060  290.535758 
66.500000  291.583706  290.906695  289.908233  289.428257  289.350625  289.856430  291.069353  291.928263  292.805473  293.333592  294.460828  295.082189  295.553264  295.645214  295.484763  295.955099  295.804178  295.237689  294.680177  294.469177  294.339511  294.142309  293.935512  293.562711  290.851639  290.830000  290.621218  290.550137  290.720616  299.697358  293.573440  297.835037  299.927437  301.389679  302.951571  309.671145  312.502415  310.590676  312.167502  309.177327  309.183937  301.901177  300.025005  298.990769  297.897302  296.836953  295.704751  294.681192  294.372581  293.997099  292.522141  291.570042  290.922165  299.580622  293.975892  293.612402  294.913273  300.324663  298.788963  304.437858  298.819585  297.725695  296.593825  303.041594  296.748551  296.736114  291.953147  292.162939  290.801169  290.751363  290.557280  290.526680 
67.500000  291.571500  290.896250  289.895173  289.415882  289.345119  289.848852  291.057870  291.910948  292.783902  293.324988  294.431826  295.052572  295.525548  295.619665  295.476261  295.938312  295.791747  295.230373  294.675776  294.459375  294.330328  294.133417  293.927049  293.553851  290.835120  290.818732  290.613391  290.540150  290.715756  299.251890  293.505286  297.623753  299.684847  301.149549  302.698636  309.122965  311.789496  310.004404  311.520769  308.720973  308.746957  301.833468  300.019151  298.983332  297.893969  296.822612  295.687150  294.663885  294.357163  293.981151  292.504972  291.552637  290.915178  299.137439  293.831301  293.473259  294.700139  299.865217  298.461609  303.873498  298.548556  297.511620  296.436126  302.543566  296.555732  296.507631  291.935796  292.103499  290.790121  290.741162  290.547654  290.517747 
68.500000  291.559441  290.885962  289.882276  289.403698  289.339698  289.841401  291.046603  291.893933  292.762695  293.316629  294.403306  295.023442  295.498288  295.594529  295.467983  295.921799  295.779511  295.223166  294.671436  294.449725  294.321292  294.124665  293.918711  293.545112  290.818775  290.807686  290.605690  290.530351  290.710973  298.814805  293.438305  297.416243  299.446707  300.913746  302.450276  308.585625  311.092436  309.430216  310.887859  308.274212  308.318810  301.766907  300.013382  298.976003  297.890698  296.808523  295.669795  294.646822  294.341983  293.965460  292.488069  291.535497  290.908297  298.702551  293.689143  293.336381  294.490729  299.413946  298.140332  303.319644  298.282410  297.301244  296.280711  302.055069  296.366288  296.283357  291.918709  292.045082  290.779249  290.731124  290.538178  290.508954 
69.500000  291.547525  290.875828  289.869538  289.391699  289.334360  289.834073  291.035547  291.877209  292.741838  293.308504  294.375253  294.994783  295.471468  295.569793  295.459922  295.905550  295.767464  295.216062  294.667156  294.440224  294.312399  294.116050  293.910496  293.536488  290.802601  290.796856  290.598111  290.520732  290.706264  298.385779  293.372461  297.212364  299.212843  300.682105  302.206318  308.058666  310.410480  308.867581  310.268143  307.836611  307.899108  301.701453  300.007698  298.968777  297.887487  296.794677  295.652676  294.629997  294.327033  293.950018  292.471424  291.518615  290.901518  298.275635  293.549333  293.201692  294.284909  298.970548  297.824893  302.775909  298.020963  297.094438  296.127522  301.575716  296.180097  296.063124  291.901876  291.987651  290.768547  290.721242  290.528848  290.500297 
70.500000  291.535748  290.865844  289.856953  289.379879  289.329102  289.826864  291.024695  291.860767  292.721319  293.300605  294.347650  294.966579  295.445073  295.545443  295.452067  295.889559  295.755600  295.209060  294.662933  294.430866  294.303642  294.107566  293.902399  293.527976  290.786591  290.786234  290.590648  290.511288  290.701629  297.964504  293.307718  297.011978  298.983089  300.454469  301.966594  307.541655  309.742914  308.315994  309.661025  307.407758  307.487487  301.637066  300.002095  298.961650  297.884334  296.781066  295.635786  294.613401  294.312306  293.934817  292.455032  291.501982  290.894837  297.856386  293.411789  293.069119  294.082548  298.534734  297.515067  302.241923  297.764041  296.891078  295.976506  301.105141  295.997043  295.846774  291.885290  291.931168  290.758011  290.711512  290.519658  290.491771 
71.500000  291.524105  290.856004  289.844517  289.368234  289.323921  289.819770  291.014039  291.844597  292.701129  293.292921  294.320483  294.938815  295.419088  295.521466  295.444411  295.873815  295.743912  295.202155  294.658767  294.421648  294.295019  294.099209  293.894417  293.519572  290.770741  290.775814  290.583299  290.502013  290.697064  297.550684  293.244045  296.814956  298.757288  300.230688  301.730947  307.034178  309.089064  307.774980  309.065941  306.987264  307.083598  301.573709  299.996570  298.954621  297.881238  296.767681  295.619119  294.597027  294.297795  293.919850  292.438883  291.485593  290.888253  297.444512  293.276432  292.938593  293.883523  298.106229  297.210638  301.717334  297.511479  296.691044  295.827611  300.642995  295.817016  295.634157  291.868943  291.875600  290.747634  290.701928  290.510603  290.483372 
72.500000  291.512592  290.846307  289.832226  289.356757  289.318816  289.812788  291.003575  291.828691  292.681256  293.285445  294.293735  294.911476  295.393501  295.497850  295.436946  295.858311  295.732396  295.195345  294.654654  294.412563  294.286524  294.090976  293.886545  293.511274  290.755048  290.765590  290.576059  290.492901  290.692567  297.144042  293.181410  296.621174  298.535289  300.010621  301.499226  306.535846  308.448293  307.244086  308.482356  306.574762  306.687114  301.511347  299.991122  298.947685  297.878196  296.754517  295.602666  294.580868  294.283492  293.905109  292.422973  291.469438  290.881762  297.039735  293.143188  292.810049  293.687717  297.684772  296.911403  301.201808  297.263119  296.494224  295.680786  300.188948  295.639911  295.425130  291.852828  291.820914  290.737413  290.692487  290.501681  290.475096 
73.500000  291.501205  290.836748  289.820074  289.345444  289.313785  289.805914  290.993296  291.813040  292.661689  293.278168  294.267395  294.884548  295.368298  295.474583  295.429665  295.843039  295.721047  295.188627  294.650594  294.403608  294.278154  294.082862  293.878780  293.503077  290.739506  290.755556  290.568925  290.483946  290.688138  296.744312  293.119782  296.430515  298.316952  299.794131  301.271289  306.046288  307.819997  306.722885  307.909766  306.169901  306.297723  301.449946  299.985748  298.940840  297.875207  296.741564  295.586421  294.564918  294.269392  293.890588  292.407294  291.453513  290.875361  296.641793  293.011986  292.683423  293.495017  297.270115  296.617169  300.695027  297.018811  296.300511  295.535982  299.742686  295.465626  295.219558  291.836937  291.767078  290.727341  290.683183  290.492885  290.466940 
74.500000  291.489941  290.827324  289.808059  289.334291  289.308824  289.799145  290.983196  291.797636  292.642420  293.271082  294.241448  294.858018  295.343468  295.451654  295.422561  295.827992  295.709858  295.181999  294.646586  294.394779  294.269905  294.074865  293.871119  293.494978  290.724112  290.745705  290.561893  290.475143  290.683773  296.351240  293.059134  296.242867  298.102139  299.581090  301.046999  305.565151  307.203604  306.210969  307.347689  305.772352  305.915131  301.389472  299.980446  298.934083  297.872269  296.728818  295.570378  294.549170  294.255487  293.876279  292.391841  291.437809  290.869048  296.250434  292.882757  292.558656  293.305318  296.862020  296.327750  300.196686  296.778411  296.109802  295.393152  299.303910  295.294067  295.017310  291.821265  291.714063  290.717415  290.674013  290.484214  290.458899 
75.500000  291.478795  290.818030  289.796176  289.323293  289.303932  289.792478  290.973271  291.782473  292.623439  293.264179  294.215882  294.831874  295.318997  295.429052  295.415628  295.813163  295.698825  295.175457  294.642627  294.386072  294.261772  294.066980  293.863559  293.486974  290.708861  290.736033  290.554960  290.466487  290.679472  295.964585  292.999438  296.058122  297.890722  299.371375  300.826225  305.092099  306.598572  305.707951  306.795670  305.381798  305.539055  301.329896  299.975215  298.927411  297.869380  296.716271  295.554530  294.533618  294.241772  293.862178  292.376607  291.422322  290.862820  295.865418  292.755437  292.435689  293.118518  296.460262  296.042970  299.706495  296.541783  295.921999  295.252252  298.872334  295.125142  294.818263  291.805803  291.661839  290.707631  290.664973  290.475662  290.450969 
76.500000  291.467764  290.808865  289.784421  289.312445  289.299107  289.785911  290.963515  291.767542  292.604736  293.257453  294.190684  294.806102  295.294874  295.406767  295.408859  295.798546  295.687944  295.168999  294.638716  294.377483  294.253753  294.059204  293.856097  293.479063  290.693750  290.726534  290.548124  290.457974  290.675232  295.584116  292.940667  295.876179  297.682577  299.164868  300.608844  304.626813  306.004385  305.213463  306.253275  304.997941  305.169228  301.271188  299.970051  298.920823  297.866539  296.703917  295.538871  294.518256  294.228242  293.848277  292.361586  291.407044  290.856675  295.486514  292.629964  292.314469  292.934519  296.064624  295.762661  299.224176  296.308796  295.737008  295.113236  298.447689  294.958761  294.622300  291.790547  291.610379  290.697984  290.656058  290.467226  290.443149 
77.500000  291.456845  290.799825  289.772791  289.301744  289.294347  289.779439  290.953923  291.752837  292.586304  293.250897  294.165843  294.780692  295.271089  295.384789  295.402247  295.784133  295.677209  295.162623  294.634852  294.369009  294.245844  294.051534  293.848729  293.471241  290.678776  290.717203  290.541380  290.449599  290.671051  295.209612  292.882796  295.696940  297.477586  298.961456  300.394737  304.168987  305.420553  304.727154  305.720090  304.620495  304.805396  301.213319  299.964954  298.914315  297.863744  296.691750  295.523396  294.503078  294.214889  293.834571  292.346774  291.391970  290.850611  295.113506  292.506278  292.194941  292.753228  295.674900  295.486664  298.749462  296.079324  295.554740  294.976062  298.029713  294.794842  294.429308  291.775490  291.559659  290.688470  290.647264  290.458903  290.435434 
78.500000  291.446034  290.790908  289.761282  289.291186  289.289650  289.773062  290.944491  291.738352  292.568134  293.244504  294.141348  294.755631  295.247632  295.363108  295.395789  295.769919  295.666617  295.156326  294.631034  294.360646  294.238042  294.043967  293.841453  293.463505  290.663934  290.708036  290.534726  290.441357  290.666929  294.840862  292.825802  295.520313  297.275636  298.761033  300.183790  303.718332  304.846612  304.248690  305.195724  304.249190  304.447317  301.156262  299.959922  298.907885  297.860994  296.679765  295.508099  294.488079  294.201710  293.821054  292.332165  291.377095  290.844625  294.746181  292.384322  292.077056  292.574558  295.290893  295.214823  298.282101  295.853247  295.375108  294.840689  297.618161  294.633304  294.239180  291.760627  291.509651  290.679085  290.638590  290.450690  290.427822 
79.500000  291.435329  290.782109  289.749891  289.280766  289.285015  289.766775  290.935213  291.724079  292.550218  293.238269  294.117187  294.730910  295.224491  295.341716  295.389478  295.755898  295.656164  295.150107  294.627259  294.352390  294.230343  294.036500  293.834266  293.455853  290.649222  290.699027  290.528159  290.433245  290.662864  294.477664  292.769661  295.346209  297.076619  298.563496  299.975894  303.274569  304.282116  303.777751  304.679801  303.883765  304.094757  301.099992  299.954952  298.901531  297.858288  296.667956  295.492974  294.473254  294.188699  293.807722  292.317754  291.362413  290.838715  294.384339  292.264042  291.960766  292.398422  294.912414  294.946993  297.821846  295.630450  295.198030  294.707075  297.212796  294.474068  294.051813  291.745952  291.460334  290.669826  290.630030  290.442583  290.420309 
80.500000  291.424726  290.773427  289.738615  289.270481  289.280440  289.760576  290.926087  291.710012  292.532549  293.232186  294.093351  294.706517  295.201658  295.320603  295.383308  295.742064  295.645845  295.143963  294.623528  294.344238  294.222744  294.029131  293.827165  293.448283  290.634636  290.690172  290.521677  290.425258  290.658854  294.119825  292.714350  295.174541  296.880433  298.368745  299.770945  302.837432  303.726642  303.314034  304.171964  303.523975  303.747497  301.044484  299.950044  298.895251  297.855625  296.656317  295.478017  294.458596  294.175850  293.794569  292.303536  291.347919  290.832879  294.027788  292.145385  291.846023  292.224740  294.539284  294.683033  297.368463  295.410823  295.023427  294.575183  296.813392  294.317061  293.867108  291.731459  291.411683  290.660689  290.621581  290.434580  290.412893 
81.500000  291.414223  290.764858  289.727450  289.260328  289.275923  289.754463  290.917107  291.696147  292.515120  293.226249  294.069830  294.682444  295.179123  295.299761  295.377276  295.728412  295.635657  295.137892  294.619839  294.336188  294.215243  294.021855  293.820148  293.440791  290.620172  290.681467  290.515277  290.417393  290.654898  293.767157  292.659849  295.005229  296.686977  298.176687  299.568842  302.406668  303.179788  302.857248  303.671870  303.169584  303.405325  300.989714  299.945195  298.889043  297.853002  296.644845  295.463223  294.444103  294.163160  293.781590  292.289506  291.333608  290.827116  293.676341  292.028302  291.732783  292.053433  294.171328  294.422808  296.921729  295.194259  294.851223  294.444973  296.419731  294.162209  293.684972  291.717145  291.363677  290.651670  290.613241  290.426677  290.405570 
82.500000  291.403816  290.756401  289.716393  289.250303  289.271463  289.748434  290.908270  291.682477  292.497922  293.220453  294.046613  294.658679  295.156876  295.279183  295.371377  295.714936  295.625595  295.131892  294.616191  294.328236  294.207836  294.014672  293.813212  293.433376  290.605829  290.672908  290.508956  290.409646  290.650994  293.419483  292.606136  294.838194  296.496157  297.987230  299.369490  301.982031  302.641166  302.407113  303.179194  302.820365  303.068039  300.935660  299.940405  298.882904  297.850419  296.633535  295.448586  294.429768  294.150622  293.768780  292.275660  291.319476  290.821423  293.329822  291.912744  291.621004  291.884426  293.808382  294.166189  296.481425  294.980656  294.681346  294.316410  296.031607  294.009446  293.505313  291.703003  291.316296  290.642768  290.605007  290.418871  290.398339 
83.500000  291.393503  290.748053  289.705442  289.240403  289.267058  289.742487  290.899572  291.668996  292.480950  293.214793  294.023693  294.635214  295.134911  295.258860  295.365605  295.701631  295.615657  295.125961  294.612582  294.320380  294.200521  294.007577  293.806355  293.426034  290.591603  290.664491  290.502711  290.402013  290.647142  293.076630  292.553192  294.673360  296.307881  297.800286  299.172796  301.563290  302.110409  301.963363  302.693622  302.476104  302.735444  300.882299  299.935671  298.876834  297.847876  296.622380  295.434102  294.415587  294.138234  293.756135  292.261994  291.305517  290.815799  292.988058  291.798665  291.510644  291.717648  293.450286  293.913051  296.047345  294.769917  294.513724  294.189457  295.648820  293.858703  293.328046  291.689030  291.269518  290.633977  290.596875  290.411160  290.391197 
84.500000  291.383281  290.739810  289.694594  289.230625  289.262707  289.736619  290.891009  291.655700  292.464198  293.209264  294.001059  294.612040  295.113217  295.238784  295.359957  295.688493  295.605840  295.120098  294.609012  294.312616  294.193295  294.000570  293.799574  293.418764  290.577491  290.656212  290.496542  290.394490  290.643340  292.738433  292.500997  294.510655  296.122061  297.615773  298.978672  301.150218  301.587163  301.525743  302.214856  302.136593  302.407356  300.829611  299.930993  298.870829  297.845370  296.611379  295.419767  294.401555  294.125991  293.743650  292.248503  291.291728  290.810241  292.650886  291.686020  291.401663  291.553030  293.096888  293.663275  295.619286  294.561947  294.348292  294.064079  295.271180  293.709916  293.153086  291.675220  291.223325  290.625296  290.588843  290.403542  290.384141 
85.500000  291.373148  290.731672  289.683846  289.220966  289.258409  289.730828  290.882577  291.642583  292.447658  293.203863  293.978703  294.589148  295.091788  295.218949  295.354429  295.675516  295.596138  295.114300  294.605479  294.304942  294.186156  293.993647  293.792868  293.411564  290.563490  290.648068  290.490445  290.387076  290.639587  292.404734  292.449533  294.350010  295.938613  297.433610  298.787031  300.742602  301.071091  301.094008  301.742608  301.801634  302.083596  300.777575  299.926369  298.864889  297.842900  296.600525  295.405576  294.387670  294.113888  293.731322  292.235183  291.278104  290.804748  292.318146  291.574768  291.294024  291.390505  292.748041  293.416747  295.197057  294.356653  294.184983  293.940241  294.898503  293.563024  292.980355  291.661570  291.177697  290.616722  290.580908  290.396013  290.377169 
86.500000  291.363101  290.723636  289.673194  289.211422  289.254161  289.725112  290.874274  291.629641  292.431325  293.198583  293.956617  294.566530  295.070614  295.199348  295.349016  295.662697  295.586551  295.108566  294.601983  294.297356  294.179101  293.986805  293.786234  293.404431  290.549599  290.640055  290.484417  290.379766  290.635882  292.075378  292.398783  294.191358  295.757455  297.253717  298.597791  300.340233  300.561867  300.667923  301.276604  301.471038  301.763992  300.726172  299.921797  298.859011  297.840467  296.589815  295.391526  294.373925  294.101921  293.719145  292.222031  291.264642  290.799319  291.989685  291.464867  291.187690  291.230008  292.403605  293.173355  294.780469  294.153949  294.023735  293.817912  294.530612  293.417967  292.809774  291.648075  291.132618  290.608251  290.573067  290.388572  290.370278 
87.500000  291.353137  290.715700  289.662638  289.201991  289.249964  289.719470  290.866096  291.616869  292.415193  293.193423  293.934793  294.544178  295.049690  295.179974  295.343716  295.650031  295.577074  295.102894  294.598523  294.289854  294.172127  293.980044  293.779670  293.397363  290.535813  290.632169  290.478458  290.372558  290.632223  291.750217  292.348729  294.034635  295.578509  297.076021  298.410874  299.942912  300.059182  300.247262  300.816578  301.144622  301.448381  300.675383  299.917277  298.853194  297.838068  296.579246  295.377611  294.360318  294.090086  293.707117  292.209042  291.251336  290.793951  291.665355  291.356277  291.082625  291.071480  292.063444  292.932993  294.369343  293.953749  293.864488  293.697057  294.167338  293.274686  292.641270  291.634731  291.088070  290.599880  290.565319  290.381216  290.363467 
88.500000  291.343255  290.707861  289.652174  289.192670  289.245815  289.713899  290.858039  291.604262  292.399257  293.188377  293.913224  294.522084  295.029008  295.160820  295.338524  295.637514  295.567705  295.097283  294.595098  294.282435  294.165233  293.973361  293.773174  293.390359  290.522131  290.624408  290.472565  290.365448  290.628609  291.429108  292.299355  293.879777  295.401698  296.900449  298.226201  299.550447  299.562735  299.831808  300.362277  300.822211  301.136604  300.625191  299.912808  298.847436  297.835703  296.568813  295.363828  294.346844  294.078381  293.695233  292.196213  291.238184  290.788644  291.345014  291.248961  290.978796  290.914859  291.727428  292.695559  293.963505  293.755971  293.707183  293.577647  293.808518  293.133125  292.474772  291.621535  291.044036  290.591609  290.557660  290.373942  290.356734 
89.500000  291.333333  290.700000  289.641667  289.183333  289.241667  289.708333  290.850000  291.591667  292.383333  293.183333  293.891667  294.500000  295.008333  295.141667  295.333333  295.625000  295.558333  295.091667  294.591667  294.275000  294.158333  293.966667  293.766667  293.383333  290.508333  290.616667  290.466667  290.358333  290.625000  291.108333  292.250000  293.725000  295.225000  296.725000  298.041667  299.158333  299.066667  299.416667  299.908333  300.500000  300.825000  300.575000  299.908333  298.841667  297.833333  296.558333  295.350000  294.333333  294.066667  293.683333  292.183333  291.225000  290.783333  291.025000  291.141667  290.875000  290.758333  291.391667  292.458333  293.558333  293.558333  293.550000  293.458333  293.450000  292.991667  292.308333  291.608333  291.000000  290.583333  290.550000  290.366667  290.350000 
