Date/Time,Temp (°C),Dew Point Temp (°C),Rel Hum (%)
2018-07-01 00:00:00,24.5,21.2,82
2018-07-01 01:00:00,24.2,21.1,83
2018-07-01 02:00:00,23.6,21.0,86
2018-07-01 03:00:00,21.0,20.0,94
2018-07-01 04:00:00,20.6,19.9,96
2018-07-01 05:00:00,19.8,19.1,96
2018-07-01 06:00:00,22.1,21.1,94
2018-07-01 07:00:00,24.3,21.6,85
2018-07-01 08:00:00,26.1,22.3,80
2018-07-01 09:00:00,27.8,22.9,75
2018-07-01 10:00:00,29.1,22.5,68
2018-07-01 11:00:00,29.8,21.9,63
2018-07-01 12:00:00,30.5,21.7,59
2018-07-01 13:00:00,31.7,21.2,54
2018-07-01 14:00:00,31.7,20.0,50
2018-07-01 15:00:00,31.7,19.2,47
2018-07-01 16:00:00,31.4,17.8,45
2018-07-01 17:00:00,31.0,15.5,39
2018-07-01 18:00:00,30.6,16.3,42
2018-07-01 19:00:00,29.6,18.3,51
2018-07-01 20:00:00,27.3,19.2,62
2018-07-01 21:00:00,25.4,19.8,71
2018-07-01 22:00:00,24.5,20.0,76
2018-07-01 23:00:00,24.7,19.9,75
2018-07-02 00:00:00,23.9,19.7,77
2018-07-02 01:00:00,23.4,19.7,80
2018-07-02 02:00:00,23.3,20.0,82
2018-07-02 03:00:00,23.1,20.2,84
2018-07-02 04:00:00,23.0,20.4,85
2018-07-02 05:00:00,23.5,21.0,86
2018-07-02 06:00:00,24.3,21.1,82
2018-07-02 07:00:00,24.7,21.4,82
2018-07-02 08:00:00,26.3,21.9,77
2018-07-02 09:00:00,27.2,22.3,74
2018-07-02 10:00:00,28.3,22.9,73
2018-07-02 11:00:00,29.3,22.3,66
2018-07-02 12:00:00,29.4,21.8,64
2018-07-02 13:00:00,30.5,21.3,58
2018-07-02 14:00:00,30.0,21.3,60
2018-07-02 15:00:00,29.7,20.5,58
2018-07-02 16:00:00,29.3,20.9,60
2018-07-02 17:00:00,28.8,20.9,62
2018-07-02 18:00:00,27.3,20.4,66
2018-07-02 19:00:00,26.0,18.6,64
2018-07-02 20:00:00,24.0,16.8,64
2018-07-02 21:00:00,21.6,16.9,75
2018-07-02 22:00:00,17.7,16.3,92
2018-07-02 23:00:00,15.9,15.2,95
2018-07-03 00:00:00,15.4,14.9,97
2018-07-03 01:00:00,14.4,14.0,98
2018-07-03 02:00:00,14.0,13.7,98
2018-07-03 03:00:00,13.5,13.2,98
2018-07-03 04:00:00,12.4,12.2,99
2018-07-03 05:00:00,12.8,12.6,99
2018-07-03 06:00:00,15.7,15.5,98
2018-07-03 07:00:00,20.4,15.2,72
2018-07-03 08:00:00,23.8,15.5,60
2018-07-03 09:00:00,26.4,16.4,55
2018-07-03 10:00:00,27.1,15.7,50
2018-07-03 11:00:00,28.0,16.7,50
2018-07-03 12:00:00,28.4,14.3,42
2018-07-03 13:00:00,28.8,12.8,37
2018-07-03 14:00:00,28.7,12.3,36
2018-07-03 15:00:00,29.1,12.2,35
2018-07-03 16:00:00,29.1,10.9,32
2018-07-03 17:00:00,29.0,10.3,31
2018-07-03 18:00:00,28.5,9.8,31
2018-07-03 19:00:00,27.1,10.8,36
2018-07-03 20:00:00,21.8,14.4,63
2018-07-03 21:00:00,18.4,13.8,74
2018-07-03 22:00:00,17.4,13.5,78
2018-07-03 23:00:00,17.1,13.6,80
2018-07-04 00:00:00,15.8,13.3,85
2018-07-04 01:00:00,14.6,12.8,89
2018-07-04 02:00:00,14.3,12.6,90
2018-07-04 03:00:00,15.3,13.1,87
2018-07-04 04:00:00,14.7,13.3,92
2018-07-04 05:00:00,16.8,14.2,85
2018-07-04 06:00:00,18.8,14.6,77
2018-07-04 07:00:00,21.9,15.6,68
2018-07-04 08:00:00,24.5,15.2,56
2018-07-04 09:00:00,26.1,15.1,51
2018-07-04 10:00:00,27.6,16.7,51
2018-07-04 11:00:00,28.4,17.1,50
2018-07-04 12:00:00,28.9,17.7,51
2018-07-04 13:00:00,29.7,18.9,52
2018-07-04 14:00:00,30.5,18.7,49
2018-07-04 15:00:00,31.1,18.2,46
2018-07-04 16:00:00,30.9,19.4,50
2018-07-04 17:00:00,31.0,20.3,53
2018-07-04 18:00:00,28.7,20.0,60
2018-07-04 19:00:00,28.8,20.0,59
2018-07-04 20:00:00,26.0,19.3,67
2018-07-04 21:00:00,24.1,18.4,71
2018-07-04 22:00:00,21.8,17.5,77
2018-07-04 23:00:00,20.4,17.0,81
2018-07-05 00:00:00,19.5,17.2,87
2018-07-05 01:00:00,19.3,17.2,88
2018-07-05 02:00:00,18.8,16.9,89
2018-07-05 03:00:00,18.7,17.3,91
2018-07-05 04:00:00,18.4,17.1,92
2018-07-05 05:00:00,18.2,17.1,94
2018-07-05 06:00:00,19.6,17.9,90
2018-07-05 07:00:00,23.8,19.8,78
2018-07-05 08:00:00,27.1,21.4,71
2018-07-05 09:00:00,28.9,21.4,64
2018-07-05 10:00:00,30.3,21.6,60
2018-07-05 11:00:00,30.6,20.9,56
2018-07-05 12:00:00,30.8,20.6,55
2018-07-05 13:00:00,32.3,21.6,53
2018-07-05 14:00:00,30.4,23.2,65
2018-07-05 15:00:00,25.3,22.6,85
2018-07-05 16:00:00,25.0,23.5,92
2018-07-05 17:00:00,27.6,23.8,80
2018-07-05 18:00:00,26.9,21.7,73
2018-07-05 19:00:00,26.6,22.2,77
2018-07-05 20:00:00,23.5,22.3,93
2018-07-05 21:00:00,23.8,22.9,95
2018-07-05 22:00:00,23.1,21.5,91
2018-07-05 23:00:00,21.0,17.0,78
2018-07-06 00:00:00,19.1,12.7,67
2018-07-06 01:00:00,18.0,11.4,65
2018-07-06 02:00:00,16.5,11.5,72
2018-07-06 03:00:00,15.2,11.3,78
2018-07-06 04:00:00,14.4,11.4,82
2018-07-06 05:00:00,14.2,11.5,84
2018-07-06 06:00:00,15.1,11.9,81
2018-07-06 07:00:00,16.5,12.2,75
2018-07-06 08:00:00,17.8,10.9,64
2018-07-06 09:00:00,19.3,11.4,60
2018-07-06 10:00:00,19.4,10.5,57
2018-07-06 11:00:00,19.8,10.4,55
2018-07-06 12:00:00,20.1,10.3,53
2018-07-06 13:00:00,20.6,10.9,54
2018-07-06 14:00:00,21.0,9.1,47
2018-07-06 15:00:00,21.9,10.1,47
2018-07-06 16:00:00,21.8,8.6,43
2018-07-06 17:00:00,21.3,8.0,43
2018-07-06 18:00:00,20.4,7.5,43
2018-07-06 19:00:00,19.5,6.5,43
2018-07-06 20:00:00,18.0,7.1,49
2018-07-06 21:00:00,16.4,7.6,56
2018-07-06 22:00:00,12.5,8.9,79
2018-07-06 23:00:00,13.9,8.4,70
2018-07-07 00:00:00,13.0,8.3,73
2018-07-07 01:00:00,9.9,8.4,91
2018-07-07 02:00:00,9.1,7.9,92
2018-07-07 03:00:00,9.1,7.9,93
2018-07-07 04:00:00,8.8,7.4,91
2018-07-07 05:00:00,8.7,7.5,92
2018-07-07 06:00:00,11.4,9.3,87
2018-07-07 07:00:00,16.3,10.3,68
2018-07-07 08:00:00,19.4,10.4,56
2018-07-07 09:00:00,21.5,6.5,38
2018-07-07 10:00:00,22.1,7.3,38
2018-07-07 11:00:00,22.9,9.6,43
2018-07-07 12:00:00,23.4,7.8,37
2018-07-07 13:00:00,24.1,8.6,37
2018-07-07 14:00:00,24.3,6.3,31
2018-07-07 15:00:00,25.2,9.2,36
2018-07-07 16:00:00,24.7,7.7,34
2018-07-07 17:00:00,24.9,8.0,34
2018-07-07 18:00:00,24.5,8.0,35
2018-07-07 19:00:00,23.5,7.7,36
2018-07-07 20:00:00,21.2,9.5,47
2018-07-07 21:00:00,19.1,10.9,59
2018-07-07 22:00:00,16.1,10.8,71
2018-07-07 23:00:00,13.7,10.8,83
2018-07-08 00:00:00,13.1,10.7,86
2018-07-08 01:00:00,12.0,10.7,91
2018-07-08 02:00:00,10.9,10.0,94
2018-07-08 03:00:00,10.7,9.9,95
2018-07-08 04:00:00,9.9,9.4,97
2018-07-08 05:00:00,9.7,9.2,97
2018-07-08 06:00:00,12.4,11.1,92
2018-07-08 07:00:00,17.0,12.5,75
2018-07-08 08:00:00,21.1,12.6,58
2018-07-08 09:00:00,23.0,12.8,53
2018-07-08 10:00:00,24.1,11.3,45
2018-07-08 11:00:00,25.3,11.4,42
2018-07-08 12:00:00,25.8,11.1,40
2018-07-08 13:00:00,26.7,12.6,42
2018-07-08 14:00:00,27.1,9.9,34
2018-07-08 15:00:00,27.6,10.9,35
2018-07-08 16:00:00,28.0,12.2,38
2018-07-08 17:00:00,27.5,12.0,38
2018-07-08 18:00:00,27.0,9.7,34
2018-07-08 19:00:00,26.2,9.4,35
2018-07-08 20:00:00,23.9,9.2,39
2018-07-08 21:00:00,20.1,9.3,50
2018-07-08 22:00:00,16.4,8.9,61
2018-07-08 23:00:00,14.4,8.0,65
2018-07-09 00:00:00,12.2,8.2,76
2018-07-09 01:00:00,11.2,8.7,85
2018-07-09 02:00:00,10.3,8.7,90
2018-07-09 03:00:00,9.3,7.9,90
2018-07-09 04:00:00,9.7,8.9,95
2018-07-09 05:00:00,9.8,9.2,96
2018-07-09 06:00:00,12.7,11.3,91
2018-07-09 07:00:00,18.3,12.9,71
2018-07-09 08:00:00,22.0,14.5,63
2018-07-09 09:00:00,25.0,14.8,53
2018-07-09 10:00:00,26.7,13.6,44
2018-07-09 11:00:00,27.9,13.4,41
2018-07-09 12:00:00,28.6,13.4,39
2018-07-09 13:00:00,29.5,13.9,39
2018-07-09 14:00:00,30.0,12.0,33
2018-07-09 15:00:00,30.2,12.3,33
2018-07-09 16:00:00,30.3,12.3,33
2018-07-09 17:00:00,28.9,13.3,38
2018-07-09 18:00:00,28.3,13.2,40
2018-07-09 19:00:00,27.4,16.4,51
2018-07-09 20:00:00,25.3,16.7,59
2018-07-09 21:00:00,23.7,16.8,65
2018-07-09 22:00:00,22.5,16.9,71
2018-07-09 23:00:00,21.8,17.1,75
2018-07-10 00:00:00,20.9,17.2,80
2018-07-10 01:00:00,20.4,17.3,82
2018-07-10 02:00:00,20.6,16.3,77
2018-07-10 03:00:00,20.3,15.4,73
2018-07-10 04:00:00,19.4,15.5,78
2018-07-10 05:00:00,19.1,15.7,81
2018-07-10 06:00:00,19.6,13.5,68
2018-07-10 07:00:00,21.0,12.9,60
2018-07-10 08:00:00,23.2,10.8,46
2018-07-10 09:00:00,24.8,10.9,42
2018-07-10 10:00:00,25.7,7.1,30
2018-07-10 11:00:00,26.1,6.6,29
2018-07-10 12:00:00,26.8,9.2,33
2018-07-10 13:00:00,26.9,9.1,33
2018-07-10 14:00:00,27.1,10.3,35
2018-07-10 15:00:00,26.8,11.2,38
2018-07-10 16:00:00,26.2,10.5,37
2018-07-10 17:00:00,25.5,8.7,34
2018-07-10 18:00:00,24.4,8.7,37
2018-07-10 19:00:00,22.8,9.6,43
2018-07-10 20:00:00,20.9,10.3,51
2018-07-10 21:00:00,19.5,10.7,57
2018-07-10 22:00:00,18.5,11.0,62
2018-07-10 23:00:00,17.5,11.4,67
2018-07-11 00:00:00,17.0,11.2,68
2018-07-11 01:00:00,16.4,10.9,70
2018-07-11 02:00:00,14.5,10.4,76
2018-07-11 03:00:00,12.1,10.1,88
2018-07-11 04:00:00,11.9,10.6,92
2018-07-11 05:00:00,10.9,9.7,92
2018-07-11 06:00:00,14.0,11.6,85
2018-07-11 07:00:00,17.7,12.4,71
2018-07-11 08:00:00,20.5,13.4,64
2018-07-11 09:00:00,22.5,9.1,42
2018-07-11 10:00:00,23.6,9.1,40
2018-07-11 11:00:00,24.9,9.3,37
2018-07-11 12:00:00,25.3,10.0,38
2018-07-11 13:00:00,25.2,9.9,38
2018-07-11 14:00:00,25.9,9.1,34
2018-07-11 15:00:00,25.5,8.5,34
2018-07-11 16:00:00,25.3,10.5,39
2018-07-11 17:00:00,25.4,7.9,33
2018-07-11 18:00:00,24.9,9.5,38
2018-07-11 19:00:00,23.8,9.3,40
2018-07-11 20:00:00,20.7,9.5,49
2018-07-11 21:00:00,15.5,11.2,75
2018-07-11 22:00:00,14.2,10.4,78
2018-07-11 23:00:00,13.0,10.8,87
2018-07-12 00:00:00,11.9,10.5,91
2018-07-12 01:00:00,11.3,10.2,93
2018-07-12 02:00:00,11.0,10.1,94
2018-07-12 03:00:00,10.4,9.7,96
2018-07-12 04:00:00,10.0,9.5,97
2018-07-12 05:00:00,9.6,9.2,97
2018-07-12 06:00:00,12.4,11.9,97
2018-07-12 07:00:00,17.2,11.9,71
2018-07-12 08:00:00,20.7,11.5,56
2018-07-12 09:00:00,24.0,10.7,43
2018-07-12 10:00:00,25.3,10.7,40
2018-07-12 11:00:00,25.9,8.4,33
2018-07-12 12:00:00,26.9,10.7,36
2018-07-12 13:00:00,27.0,9.4,33
2018-07-12 14:00:00,27.6,10.0,33
2018-07-12 15:00:00,28.3,9.6,31
2018-07-12 16:00:00,28.0,10.4,33
2018-07-12 17:00:00,27.6,10.2,34
2018-07-12 18:00:00,26.4,11.0,38
2018-07-12 19:00:00,25.2,10.7,40
2018-07-12 20:00:00,24.1,11.8,46
2018-07-12 21:00:00,23.1,12.1,50
2018-07-12 22:00:00,22.4,11.8,51
2018-07-12 23:00:00,20.3,13.1,63
2018-07-13 00:00:00,19.7,14.0,70
2018-07-13 01:00:00,19.2,14.6,75
2018-07-13 02:00:00,18.7,14.8,78
2018-07-13 03:00:00,18.1,14.1,78
2018-07-13 04:00:00,17.2,14.0,82
2018-07-13 05:00:00,15.8,13.8,88
2018-07-13 06:00:00,16.1,14.2,88
2018-07-13 07:00:00,18.6,16.0,85
2018-07-13 08:00:00,24.2,12.3,47
2018-07-13 09:00:00,26.1,12.8,44
2018-07-13 10:00:00,24.8,13.3,49
2018-07-13 11:00:00,27.3,13.3,42
2018-07-13 12:00:00,28.3,11.0,34
2018-07-13 13:00:00,28.5,11.9,36
2018-07-13 14:00:00,28.0,11.3,35
2018-07-13 15:00:00,29.3,13.1,37
2018-07-13 16:00:00,28.9,13.6,39
2018-07-13 17:00:00,28.5,13.8,41
2018-07-13 18:00:00,28.1,9.2,31
2018-07-13 19:00:00,27.1,8.4,31
2018-07-13 20:00:00,24.8,8.0,34
2018-07-13 21:00:00,21.2,10.6,51
2018-07-13 22:00:00,22.8,11.5,49
2018-07-13 23:00:00,21.4,13.0,59
2018-07-14 00:00:00,22.1,13.1,57
2018-07-14 01:00:00,19.1,13.4,69
2018-07-14 02:00:00,17.6,13.2,76
2018-07-14 03:00:00,17.8,13.5,76
2018-07-14 04:00:00,17.3,13.4,78
2018-07-14 05:00:00,17.1,14.1,82
2018-07-14 06:00:00,18.0,15.0,83
2018-07-14 07:00:00,21.1,15.5,70
2018-07-14 08:00:00,23.3,16.2,64
2018-07-14 09:00:00,25.1,17.2,62
2018-07-14 10:00:00,25.9,17.9,61
2018-07-14 11:00:00,26.0,18.3,63
2018-07-14 12:00:00,26.8,18.1,59
2018-07-14 13:00:00,27.0,18.9,61
2018-07-14 14:00:00,26.8,18.6,61
2018-07-14 15:00:00,26.4,19.7,67
2018-07-14 16:00:00,25.7,18.2,63
2018-07-14 17:00:00,25.3,18.8,67
2018-07-14 18:00:00,25.2,18.9,68
2018-07-14 19:00:00,24.5,18.4,69
2018-07-14 20:00:00,23.6,18.5,73
2018-07-14 21:00:00,22.6,18.7,79
2018-07-14 22:00:00,20.9,18.2,84
2018-07-14 23:00:00,19.5,18.4,93
2018-07-15 00:00:00,19.0,18.2,95
2018-07-15 01:00:00,18.5,17.9,96
2018-07-15 02:00:00,18.0,17.3,96
2018-07-15 03:00:00,17.4,17.0,97
2018-07-15 04:00:00,18.0,17.6,98
2018-07-15 05:00:00,17.2,16.8,98
2018-07-15 06:00:00,17.8,17.4,98
2018-07-15 07:00:00,20.8,19.8,94
2018-07-15 08:00:00,23.8,20.0,79
2018-07-15 09:00:00,26.2,19.4,66
2018-07-15 10:00:00,26.2,18.7,64
2018-07-15 11:00:00,27.9,18.9,58
2018-07-15 12:00:00,29.5,18.3,51
2018-07-15 13:00:00,29.8,17.9,49
2018-07-15 14:00:00,30.5,18.4,48
2018-07-15 15:00:00,29.9,19.5,54
2018-07-15 16:00:00,28.5,20.2,61
2018-07-15 17:00:00,28.9,19.7,58
2018-07-15 18:00:00,28.7,19.7,58
2018-07-15 19:00:00,28.0,20.5,64
2018-07-15 20:00:00,26.4,20.4,70
2018-07-15 21:00:00,24.8,19.9,74
2018-07-15 22:00:00,21.4,18.8,85
2018-07-15 23:00:00,20.2,18.3,89
2018-07-16 00:00:00,19.7,18.2,91
2018-07-16 01:00:00,19.3,18.3,94
2018-07-16 02:00:00,18.6,17.9,95
2018-07-16 03:00:00,17.8,17.2,96
2018-07-16 04:00:00,18.1,17.7,97
2018-07-16 05:00:00,17.7,17.3,98
2018-07-16 06:00:00,19.4,19.1,98
2018-07-16 07:00:00,23.8,20.6,82
2018-07-16 08:00:00,25.5,20.0,72
2018-07-16 09:00:00,27.1,19.4,63
2018-07-16 10:00:00,28.8,20.0,59
2018-07-16 11:00:00,29.4,19.6,56
2018-07-16 12:00:00,31.2,20.0,51
2018-07-16 13:00:00,31.1,19.9,51
2018-07-16 14:00:00,24.7,20.0,75
2018-07-16 15:00:00,25.0,22.3,85
2018-07-16 16:00:00,26.0,21.7,77
2018-07-16 17:00:00,21.6,18.3,82
2018-07-16 18:00:00,20.7,19.6,94
2018-07-16 19:00:00,20.3,19.6,96
2018-07-16 20:00:00,21.0,20.2,95
2018-07-16 21:00:00,20.6,20.0,96
2018-07-16 22:00:00,20.1,19.5,97
2018-07-16 23:00:00,19.2,18.8,97
2018-07-17 00:00:00,20.6,20.2,97
2018-07-17 01:00:00,20.3,19.8,97
2018-07-17 02:00:00,19.9,19.0,95
2018-07-17 03:00:00,18.7,17.0,90
2018-07-17 04:00:00,18.4,16.1,86
2018-07-17 05:00:00,17.8,15.8,88
2018-07-17 06:00:00,17.9,15.1,84
2018-07-17 07:00:00,18.5,14.4,77
2018-07-17 08:00:00,20.1,13.1,64
2018-07-17 09:00:00,21.4,10.6,50
2018-07-17 10:00:00,22.2,11.5,51
2018-07-17 11:00:00,23.0,10.7,46
2018-07-17 12:00:00,23.5,11.1,46
2018-07-17 13:00:00,23.4,10.9,45
2018-07-17 14:00:00,23.9,10.3,42
2018-07-17 15:00:00,24.4,10.9,43
2018-07-17 16:00:00,23.9,11.7,46
2018-07-17 17:00:00,23.0,11.1,47
2018-07-17 18:00:00,22.3,11.3,50
2018-07-17 19:00:00,21.0,12.4,58
2018-07-17 20:00:00,19.4,12.5,64
2018-07-17 21:00:00,18.1,12.6,70
2018-07-17 22:00:00,16.9,12.9,77
2018-07-17 23:00:00,15.9,12.8,82
2018-07-18 00:00:00,14.7,12.6,87
2018-07-18 01:00:00,13.7,11.9,89
2018-07-18 02:00:00,12.7,11.6,93
2018-07-18 03:00:00,14.2,12.8,92
2018-07-18 04:00:00,12.9,11.8,93
2018-07-18 05:00:00,13.3,12.1,92
2018-07-18 06:00:00,14.0,12.1,88
2018-07-18 07:00:00,16.1,12.8,81
2018-07-18 08:00:00,17.8,12.8,72
2018-07-18 09:00:00,19.0,11.8,63
2018-07-18 10:00:00,19.3,11.6,61
2018-07-18 11:00:00,21.1,11.4,54
2018-07-18 12:00:00,22.4,10.3,46
2018-07-18 13:00:00,21.7,9.5,46
2018-07-18 14:00:00,23.1,9.1,41
2018-07-18 15:00:00,24.2,9.3,39
2018-07-18 16:00:00,23.4,8.8,39
2018-07-18 17:00:00,24.2,8.7,37
2018-07-18 18:00:00,24.0,8.7,38
2018-07-18 19:00:00,22.9,8.9,41
2018-07-18 20:00:00,20.9,9.4,48
2018-07-18 21:00:00,18.9,10.8,59
2018-07-18 22:00:00,16.6,9.9,64
2018-07-18 23:00:00,12.4,10.3,87
2018-07-19 00:00:00,11.4,10.2,92
2018-07-19 01:00:00,10.1,9.2,94
2018-07-19 02:00:00,9.2,8.5,96
2018-07-19 03:00:00,8.8,8.3,97
2018-07-19 04:00:00,8.2,7.8,97
2018-07-19 05:00:00,8.6,8.1,97
2018-07-19 06:00:00,10.7,9.1,90
2018-07-19 07:00:00,14.4,9.7,73
2018-07-19 08:00:00,17.9,9.2,57
2018-07-19 09:00:00,20.3,9.1,48
2018-07-19 10:00:00,22.0,10.3,47
2018-07-19 11:00:00,22.8,10.6,46
2018-07-19 12:00:00,23.8,10.3,43
2018-07-19 13:00:00,24.9,11.5,43
2018-07-19 14:00:00,26.0,11.0,39
2018-07-19 15:00:00,26.4,9.8,35
2018-07-19 16:00:00,27.1,9.8,34
2018-07-19 17:00:00,26.8,11.0,37
2018-07-19 18:00:00,26.0,11.0,39
2018-07-19 19:00:00,24.6,11.7,44
2018-07-19 20:00:00,21.9,12.5,55
2018-07-19 21:00:00,19.0,13.0,68
2018-07-19 22:00:00,16.5,13.6,83
2018-07-19 23:00:00,14.5,12.7,89
2018-07-20 00:00:00,14.1,12.6,91
2018-07-20 01:00:00,13.5,12.8,96
2018-07-20 02:00:00,13.1,12.5,97
2018-07-20 03:00:00,12.8,12.3,97
2018-07-20 04:00:00,13.1,12.5,96
2018-07-20 05:00:00,12.7,12.1,96
2018-07-20 06:00:00,15.6,14.5,93
2018-07-20 07:00:00,19.4,16.5,83
2018-07-20 08:00:00,22.0,17.0,73
2018-07-20 09:00:00,23.8,17.0,66
2018-07-20 10:00:00,25.4,17.6,62
2018-07-20 11:00:00,27.0,17.7,57
2018-07-20 12:00:00,27.6,17.7,55
2018-07-20 13:00:00,27.9,18.0,55
2018-07-20 14:00:00,28.2,16.5,49
2018-07-20 15:00:00,27.0,16.8,54
2018-07-20 16:00:00,27.4,16.3,51
2018-07-20 17:00:00,26.7,15.1,49
2018-07-20 18:00:00,26.7,15.8,51
2018-07-20 19:00:00,25.4,15.7,55
2018-07-20 20:00:00,23.8,16.5,64
2018-07-20 21:00:00,23.0,17.1,69
2018-07-20 22:00:00,21.2,19.1,88
2018-07-20 23:00:00,20.5,19.5,94
2018-07-21 00:00:00,20.7,18.5,87
2018-07-21 01:00:00,20.9,17.8,82
2018-07-21 02:00:00,20.8,17.5,81
2018-07-21 03:00:00,21.2,17.0,77
2018-07-21 04:00:00,20.0,16.7,82
2018-07-21 05:00:00,19.1,16.5,85
2018-07-21 06:00:00,20.0,16.9,82
2018-07-21 07:00:00,21.7,17.0,75
2018-07-21 08:00:00,21.6,16.4,72
2018-07-21 09:00:00,21.8,16.4,72
2018-07-21 10:00:00,22.2,16.7,71
2018-07-21 11:00:00,22.7,17.0,71
2018-07-21 12:00:00,22.9,17.3,71
2018-07-21 13:00:00,22.6,17.5,73
2018-07-21 14:00:00,24.3,17.4,66
2018-07-21 15:00:00,23.3,17.4,70
2018-07-21 16:00:00,22.8,17.3,71
2018-07-21 17:00:00,23.0,17.4,71
2018-07-21 18:00:00,23.3,17.4,70
2018-07-21 19:00:00,22.5,17.0,71
2018-07-21 20:00:00,21.9,16.4,71
2018-07-21 21:00:00,21.6,16.9,74
2018-07-21 22:00:00,21.3,16.5,74
2018-07-21 23:00:00,20.5,15.3,72
2018-07-22 00:00:00,19.7,14.3,71
2018-07-22 01:00:00,18.1,13.8,76
2018-07-22 02:00:00,15.2,13.9,92
2018-07-22 03:00:00,15.3,14.0,92
2018-07-22 04:00:00,15.3,14.5,95
2018-07-22 05:00:00,15.6,14.8,95
2018-07-22 06:00:00,15.6,14.7,95
2018-07-22 07:00:00,16.1,15.3,95
2018-07-22 08:00:00,16.4,15.7,95
2018-07-22 09:00:00,16.4,15.6,95
2018-07-22 10:00:00,16.9,16.3,96
2018-07-22 11:00:00,17.0,16.4,96
2018-07-22 12:00:00,17.2,16.6,97
2018-07-22 13:00:00,18.1,17.5,96
2018-07-22 14:00:00,18.7,17.9,95
2018-07-22 15:00:00,20.1,18.3,90
2018-07-22 16:00:00,20.0,17.9,88
2018-07-22 17:00:00,20.5,17.2,81
2018-07-22 18:00:00,20.1,17.6,85
2018-07-22 19:00:00,20.1,17.6,86
2018-07-22 20:00:00,19.3,17.3,88
2018-07-22 21:00:00,18.6,17.5,94
2018-07-22 22:00:00,18.6,17.5,93
2018-07-22 23:00:00,18.6,17.6,94
2018-07-23 00:00:00,18.0,17.2,95
2018-07-23 01:00:00,18.5,17.4,94
2018-07-23 02:00:00,18.5,17.4,93
2018-07-23 03:00:00,18.5,17.6,94
2018-07-23 04:00:00,18.7,17.7,94
2018-07-23 05:00:00,18.5,17.8,96
2018-07-23 06:00:00,19.0,18.4,97
2018-07-23 07:00:00,20.1,19.2,95
2018-07-23 08:00:00,22.2,19.6,85
2018-07-23 09:00:00,22.5,19.4,82
2018-07-23 10:00:00,24.6,19.6,74
2018-07-23 11:00:00,25.3,19.3,69
2018-07-23 12:00:00,24.9,20.2,75
2018-07-23 13:00:00,25.3,20.4,75
2018-07-23 14:00:00,25.3,20.0,72
2018-07-23 15:00:00,25.7,20.6,73
2018-07-23 16:00:00,25.2,20.8,77
2018-07-23 17:00:00,24.8,20.7,78
2018-07-23 18:00:00,24.1,20.7,81
2018-07-23 19:00:00,23.5,20.6,84
2018-07-23 20:00:00,22.6,20.5,88
2018-07-23 21:00:00,21.4,19.8,91
2018-07-23 22:00:00,20.6,19.6,94
2018-07-23 23:00:00,20.6,19.9,96
2018-07-24 00:00:00,20.6,20.1,97
2018-07-24 01:00:00,20.9,20.4,97
2018-07-24 02:00:00,19.9,19.0,95
2018-07-24 03:00:00,18.7,18.2,97
2018-07-24 04:00:00,18.8,18.4,98
2018-07-24 05:00:00,18.3,17.9,98
2018-07-24 06:00:00,19.9,19.5,98
2018-07-24 07:00:00,21.7,20.6,94
2018-07-24 08:00:00,22.0,20.8,93
2018-07-24 09:00:00,22.8,20.9,89
2018-07-24 10:00:00,23.5,21.2,87
2018-07-24 11:00:00,25.1,21.3,79
2018-07-24 12:00:00,26.0,21.3,75
2018-07-24 13:00:00,26.3,21.0,73
2018-07-24 14:00:00,27.4,20.9,68
2018-07-24 15:00:00,27.1,21.0,69
2018-07-24 16:00:00,27.7,19.6,61
2018-07-24 17:00:00,26.7,20.0,67
2018-07-24 18:00:00,26.1,20.0,69
2018-07-24 19:00:00,24.5,19.5,74
2018-07-24 20:00:00,23.4,20.3,83
2018-07-24 21:00:00,20.6,19.8,95
2018-07-24 22:00:00,20.5,19.9,96
2018-07-24 23:00:00,20.1,19.6,97
2018-07-25 00:00:00,19.5,19.1,97
2018-07-25 01:00:00,19.7,19.3,98
2018-07-25 02:00:00,19.3,18.9,98
2018-07-25 03:00:00,18.8,18.5,98
2018-07-25 04:00:00,19.4,19.1,98
2018-07-25 05:00:00,19.6,19.3,99
2018-07-25 06:00:00,19.5,19.2,98
2018-07-25 07:00:00,19.7,19.1,96
2018-07-25 08:00:00,20.2,19.2,94
2018-07-25 09:00:00,21.7,19.4,87
2018-07-25 10:00:00,24.1,20.5,80
2018-07-25 11:00:00,24.7,18.3,68
2018-07-25 12:00:00,24.4,18.1,68
2018-07-25 13:00:00,26.1,17.8,60
2018-07-25 14:00:00,26.6,17.2,57
2018-07-25 15:00:00,27.0,15.5,49
2018-07-25 16:00:00,27.0,16.5,53
2018-07-25 17:00:00,26.6,15.9,52
2018-07-25 18:00:00,25.7,16.1,55
2018-07-25 19:00:00,24.4,15.2,57
2018-07-25 20:00:00,22.2,15.4,66
2018-07-25 21:00:00,17.5,15.9,90
2018-07-25 22:00:00,15.5,14.7,95
2018-07-25 23:00:00,14.9,14.2,96
2018-07-26 00:00:00,14.5,14.1,97
2018-07-26 01:00:00,13.6,13.2,97
2018-07-26 02:00:00,13.4,13.1,98
2018-07-26 03:00:00,13.5,13.2,98
2018-07-26 04:00:00,12.5,12.3,98
2018-07-26 05:00:00,12.8,12.5,99
2018-07-26 06:00:00,13.7,13.5,99
2018-07-26 07:00:00,17.7,17.0,96
2018-07-26 08:00:00,21.7,18.1,80
2018-07-26 09:00:00,23.7,17.8,69
2018-07-26 10:00:00,25.0,18.8,68
2018-07-26 11:00:00,25.3,18.8,67
2018-07-26 12:00:00,26.7,18.5,61
2018-07-26 13:00:00,27.7,18.0,56
2018-07-26 14:00:00,19.2,13.1,68
2018-07-26 15:00:00,20.7,18.1,85
2018-07-26 16:00:00,22.9,19.1,79
2018-07-26 17:00:00,23.7,17.8,70
2018-07-26 18:00:00,23.6,18.1,72
2018-07-26 19:00:00,23.5,16.8,66
2018-07-26 20:00:00,21.7,16.9,74
2018-07-26 21:00:00,21.0,17.6,81
2018-07-26 22:00:00,19.7,18.3,91
2018-07-26 23:00:00,19.4,18.2,93
2018-07-27 00:00:00,18.6,17.1,91
2018-07-27 01:00:00,17.2,16.3,95
2018-07-27 02:00:00,16.8,16.3,97
2018-07-27 03:00:00,16.3,15.8,97
2018-07-27 04:00:00,16.3,15.6,96
2018-07-27 05:00:00,15.7,14.9,95
2018-07-27 06:00:00,16.0,15.0,94
2018-07-27 07:00:00,17.9,15.4,85
2018-07-27 08:00:00,19.2,15.9,81
2018-07-27 09:00:00,20.3,14.9,71
2018-07-27 10:00:00,20.5,14.3,68
2018-07-27 11:00:00,22.3,13.9,59
2018-07-27 12:00:00,23.3,12.9,52
2018-07-27 13:00:00,21.9,13.6,59
2018-07-27 14:00:00,24.0,13.2,51
2018-07-27 15:00:00,23.0,13.4,54
2018-07-27 16:00:00,20.8,14.1,65
2018-07-27 17:00:00,22.5,14.7,61
2018-07-27 18:00:00,21.7,15.0,66
2018-07-27 19:00:00,20.7,15.1,70
2018-07-27 20:00:00,20.4,14.1,67
2018-07-27 21:00:00,16.6,15.8,95
2018-07-27 22:00:00,16.1,15.4,96
2018-07-27 23:00:00,14.6,13.9,96
2018-07-28 00:00:00,15.2,14.8,98
2018-07-28 01:00:00,14.9,14.6,98
2018-07-28 02:00:00,14.7,14.4,98
2018-07-28 03:00:00,14.7,14.5,98
2018-07-28 04:00:00,15.1,14.9,99
2018-07-28 05:00:00,14.9,14.7,99
2018-07-28 06:00:00,15.2,14.9,98
2018-07-28 07:00:00,15.8,15.3,97
2018-07-28 08:00:00,16.9,15.5,92
2018-07-28 09:00:00,17.3,14.6,84
2018-07-28 10:00:00,18.2,14.1,77
2018-07-28 11:00:00,18.7,15.4,81
2018-07-28 12:00:00,18.7,13.5,72
2018-07-28 13:00:00,19.2,13.6,70
2018-07-28 14:00:00,19.5,13.9,70
2018-07-28 15:00:00,19.7,13.5,67
2018-07-28 16:00:00,18.9,13.2,70
2018-07-28 17:00:00,19.2,13.7,71
2018-07-28 18:00:00,19.4,13.4,68
2018-07-28 19:00:00,19.1,13.8,71
2018-07-28 20:00:00,17.7,13.6,77
2018-07-28 21:00:00,16.3,13.2,82
2018-07-28 22:00:00,15.3,12.7,85
2018-07-28 23:00:00,12.4,11.5,94
2018-07-29 00:00:00,11.2,10.6,97
2018-07-29 01:00:00,11.3,10.9,98
2018-07-29 02:00:00,10.3,10.0,98
2018-07-29 03:00:00,10.4,10.2,98
2018-07-29 04:00:00,10.6,10.4,99
2018-07-29 05:00:00,11.0,10.8,99
2018-07-29 06:00:00,12.2,12.0,99
2018-07-29 07:00:00,14.9,14.1,95
2018-07-29 08:00:00,18.2,13.7,75
2018-07-29 09:00:00,20.9,13.1,61
2018-07-29 10:00:00,22.0,13.9,60
2018-07-29 11:00:00,23.2,14.1,56
2018-07-29 12:00:00,23.3,13.3,53
2018-07-29 13:00:00,25.0,13.9,50
2018-07-29 14:00:00,23.9,13.1,51
2018-07-29 15:00:00,19.9,13.8,68
2018-07-29 16:00:00,22.0,15.8,68
2018-07-29 17:00:00,23.5,14.4,57
2018-07-29 18:00:00,23.1,14.0,57
2018-07-29 19:00:00,22.3,14.1,60
2018-07-29 20:00:00,20.1,15.4,75
2018-07-29 21:00:00,18.3,15.7,85
2018-07-29 22:00:00,16.4,15.2,93
2018-07-29 23:00:00,15.0,14.3,95
2018-07-30 00:00:00,15.1,14.6,97
2018-07-30 01:00:00,14.4,14.0,97
2018-07-30 02:00:00,13.7,13.3,98
2018-07-30 03:00:00,13.4,13.0,98
2018-07-30 04:00:00,12.4,12.1,98
2018-07-30 05:00:00,11.8,11.5,98
2018-07-30 06:00:00,12.6,12.4,99
2018-07-30 07:00:00,16.2,15.9,98
2018-07-30 08:00:00,19.4,16.8,85
2018-07-30 09:00:00,22.0,15.3,66
2018-07-30 10:00:00,22.7,15.3,63
2018-07-30 11:00:00,23.7,14.7,57
2018-07-30 12:00:00,24.5,14.1,52
2018-07-30 13:00:00,24.5,16.2,60
2018-07-30 14:00:00,24.5,14.5,54
2018-07-30 15:00:00,24.7,14.7,54
2018-07-30 16:00:00,23.3,15.2,60
2018-07-30 17:00:00,21.0,15.7,72
2018-07-30 18:00:00,21.5,15.7,70
2018-07-30 19:00:00,20.3,16.9,81
2018-07-30 20:00:00,19.8,17.2,85
2018-07-30 21:00:00,18.9,17.3,90
2018-07-30 22:00:00,17.5,16.7,95
2018-07-30 23:00:00,17.5,16.9,96
2018-07-31 00:00:00,17.6,16.9,96
2018-07-31 01:00:00,17.6,16.8,95
2018-07-31 02:00:00,17.3,16.5,95
2018-07-31 03:00:00,16.9,16.1,95
2018-07-31 04:00:00,15.4,14.8,96
2018-07-31 05:00:00,14.3,13.9,97
2018-07-31 06:00:00,14.9,14.6,98
2018-07-31 07:00:00,18.1,16.1,88
2018-07-31 08:00:00,20.9,16.8,77
2018-07-31 09:00:00,22.7,16.7,69
2018-07-31 10:00:00,23.5,17.3,68
2018-07-31 11:00:00,23.6,16.9,66
2018-07-31 12:00:00,24.0,17.6,67
2018-07-31 13:00:00,24.1,16.7,63
2018-07-31 14:00:00,24.0,17.2,66
2018-07-31 15:00:00,24.6,17.8,66
2018-07-31 16:00:00,24.4,16.8,63
2018-07-31 17:00:00,23.5,17.8,70
2018-07-31 18:00:00,22.1,19.0,82
2018-07-31 19:00:00,21.1,18.2,83
2018-07-31 20:00:00,20.5,18.1,86
2018-07-31 21:00:00,20.3,18.0,87
2018-07-31 22:00:00,19.7,17.8,89
2018-07-31 23:00:00,19.5,17.6,89
2018-08-01 00:00:00,19.5,18.3,93
2018-08-01 01:00:00,19.6,18.8,95
2018-08-01 02:00:00,19.9,19.2,96
2018-08-01 03:00:00,20.3,19.3,94
2018-08-01 04:00:00,20.6,19.3,93
2018-08-01 05:00:00,20.6,19.4,93
2018-08-01 06:00:00,21.0,19.6,92
2018-08-01 07:00:00,21.5,19.9,90
2018-08-01 08:00:00,22.0,20.0,89
2018-08-01 09:00:00,22.4,19.6,84
2018-08-01 10:00:00,22.9,20.1,84
2018-08-01 11:00:00,23.0,19.7,82
2018-08-01 12:00:00,24.1,18.2,70
2018-08-01 13:00:00,23.6,18.8,75
2018-08-01 14:00:00,24.6,18.7,70
2018-08-01 15:00:00,24.7,18.8,69
2018-08-01 16:00:00,22.7,19.5,82
2018-08-01 17:00:00,22.0,18.9,83
2018-08-01 18:00:00,21.7,19.0,85
2018-08-01 19:00:00,21.2,18.3,84
2018-08-01 20:00:00,20.7,17.9,84
2018-08-01 21:00:00,20.1,17.6,86
2018-08-01 22:00:00,19.4,17.5,89
2018-08-01 23:00:00,19.0,17.6,92
2018-08-02 00:00:00,18.8,17.6,93
2018-08-02 01:00:00,18.5,17.5,94
2018-08-02 02:00:00,18.3,17.4,95
2018-08-02 03:00:00,17.8,16.9,95
2018-08-02 04:00:00,17.6,16.8,96
2018-08-02 05:00:00,16.8,16.3,97
2018-08-02 06:00:00,16.0,15.6,97
2018-08-02 07:00:00,18.3,17.8,96
2018-08-02 08:00:00,19.9,16.7,82
2018-08-02 09:00:00,21.2,16.6,75
2018-08-02 10:00:00,22.4,17.1,72
2018-08-02 11:00:00,24.1,17.5,66
2018-08-02 12:00:00,25.8,15.9,54
2018-08-02 13:00:00,26.0,15.5,52
2018-08-02 14:00:00,26.2,16.7,56
2018-08-02 15:00:00,26.3,17.0,57
2018-08-02 16:00:00,25.7,17.3,60
2018-08-02 17:00:00,25.1,17.2,62
2018-08-02 18:00:00,24.1,17.3,66
2018-08-02 19:00:00,23.6,17.2,67
2018-08-02 20:00:00,22.3,16.9,72
2018-08-02 21:00:00,20.8,17.2,79
2018-08-02 22:00:00,19.7,17.1,85
2018-08-02 23:00:00,19.6,16.8,84
2018-08-03 00:00:00,17.0,16.1,95
2018-08-03 01:00:00,15.8,15.1,96
2018-08-03 02:00:00,15.7,15.3,97
2018-08-03 03:00:00,15.4,15.0,98
2018-08-03 04:00:00,14.7,14.3,98
2018-08-03 05:00:00,15.3,14.9,98
2018-08-03 06:00:00,15.4,15.1,98
2018-08-03 07:00:00,17.3,16.9,98
2018-08-03 08:00:00,20.7,17.8,83
2018-08-03 09:00:00,23.5,17.8,70
2018-08-03 10:00:00,25.2,18.3,65
2018-08-03 11:00:00,25.6,17.0,59
2018-08-03 12:00:00,26.4,17.7,59
2018-08-03 13:00:00,27.3,17.2,54
2018-08-03 14:00:00,27.3,17.7,56
2018-08-03 15:00:00,27.0,17.8,57
2018-08-03 16:00:00,27.3,17.6,55
2018-08-03 17:00:00,27.1,18.7,60
2018-08-03 18:00:00,27.2,16.0,50
2018-08-03 19:00:00,25.7,15.4,53
2018-08-03 20:00:00,22.0,18.6,81
2018-08-03 21:00:00,20.6,19.5,93
2018-08-03 22:00:00,18.6,17.9,96
2018-08-03 23:00:00,18.3,17.9,97
2018-08-04 00:00:00,17.5,17.1,98
2018-08-04 01:00:00,17.1,16.8,98
2018-08-04 02:00:00,16.9,16.7,99
2018-08-04 03:00:00,16.0,15.8,99
2018-08-04 04:00:00,16.1,15.9,99
2018-08-04 05:00:00,15.8,15.6,99
2018-08-04 06:00:00,16.0,15.8,99
2018-08-04 07:00:00,19.3,18.5,95
2018-08-04 08:00:00,22.5,19.5,83
2018-08-04 09:00:00,24.1,19.6,76
2018-08-04 10:00:00,25.6,17.5,61
2018-08-04 11:00:00,26.8,16.4,53
2018-08-04 12:00:00,27.8,17.1,52
2018-08-04 13:00:00,28.0,15.8,48
2018-08-04 14:00:00,28.3,16.0,47
2018-08-04 15:00:00,29.1,15.8,45
2018-08-04 16:00:00,29.1,15.4,43
2018-08-04 17:00:00,28.9,15.3,44
2018-08-04 18:00:00,27.9,14.8,45
2018-08-04 19:00:00,26.6,14.9,49
2018-08-04 20:00:00,21.9,15.7,68
2018-08-04 21:00:00,19.6,15.9,79
2018-08-04 22:00:00,19.2,17.0,88
2018-08-04 23:00:00,17.8,16.7,94
2018-08-05 00:00:00,17.4,16.8,96
2018-08-05 01:00:00,15.9,15.5,97
2018-08-05 02:00:00,16.0,15.6,98
2018-08-05 03:00:00,17.0,16.7,98
2018-08-05 04:00:00,17.6,16.9,96
2018-08-05 05:00:00,15.5,15.0,97
2018-08-05 06:00:00,15.1,14.8,98
2018-08-05 07:00:00,18.8,18.3,97
2018-08-05 08:00:00,23.0,17.9,73
2018-08-05 09:00:00,26.2,19.8,68
2018-08-05 10:00:00,28.3,20.2,61
2018-08-05 11:00:00,30.0,19.8,54
2018-08-05 12:00:00,31.0,17.5,44
2018-08-05 13:00:00,31.4,18.3,46
2018-08-05 14:00:00,31.1,18.5,47
2018-08-05 15:00:00,31.3,17.4,44
2018-08-05 16:00:00,31.6,17.8,44
2018-08-05 17:00:00,30.7,19.2,50
2018-08-05 18:00:00,29.2,20.1,58
2018-08-05 19:00:00,27.9,20.1,63
2018-08-05 20:00:00,26.5,19.5,66
2018-08-05 21:00:00,25.4,19.8,71
2018-08-05 22:00:00,24.9,19.8,73
2018-08-05 23:00:00,24.4,19.8,76
2018-08-06 00:00:00,24.0,19.5,76
2018-08-06 01:00:00,24.0,19.4,75
2018-08-06 02:00:00,23.8,19.2,75
2018-08-06 03:00:00,23.5,19.1,77
2018-08-06 04:00:00,23.0,19.3,80
2018-08-06 05:00:00,22.7,19.3,81
2018-08-06 06:00:00,22.6,19.6,83
2018-08-06 07:00:00,24.1,20.4,80
2018-08-06 08:00:00,25.9,21.0,75
2018-08-06 09:00:00,27.8,20.4,64
2018-08-06 10:00:00,29.1,19.7,57
2018-08-06 11:00:00,30.6,18.9,50
2018-08-06 12:00:00,29.6,19.1,53
2018-08-06 13:00:00,28.4,19.1,57
2018-08-06 14:00:00,22.3,20.4,89
2018-08-06 15:00:00,23.7,21.3,87
2018-08-06 16:00:00,26.7,21.6,74
2018-08-06 17:00:00,26.3,21.1,73
2018-08-06 18:00:00,25.1,21.8,82
2018-08-06 19:00:00,24.2,21.7,86
2018-08-06 20:00:00,23.6,21.2,87
2018-08-06 21:00:00,22.3,20.4,89
2018-08-06 22:00:00,21.8,20.3,91
2018-08-06 23:00:00,21.0,20.2,95
2018-08-07 00:00:00,20.9,19.9,94
2018-08-07 01:00:00,20.3,19.5,95
2018-08-07 02:00:00,20.1,19.5,96
2018-08-07 03:00:00,20.1,19.5,96
2018-08-07 04:00:00,20.1,19.4,96
2018-08-07 05:00:00,20.1,19.3,96
2018-08-07 06:00:00,20.0,19.1,95
2018-08-07 07:00:00,20.8,19.3,92
2018-08-07 08:00:00,21.8,19.1,85
2018-08-07 09:00:00,22.2,18.9,82
2018-08-07 10:00:00,23.9,19.6,77
2018-08-07 11:00:00,24.2,18.8,72
2018-08-07 12:00:00,25.0,18.2,66
2018-08-07 13:00:00,27.3,18.6,59
2018-08-07 14:00:00,27.0,18.4,59
2018-08-07 15:00:00,27.5,17.7,55
2018-08-07 16:00:00,28.0,17.4,53
2018-08-07 17:00:00,26.1,18.7,64
2018-08-07 18:00:00,25.8,19.1,66
2018-08-07 19:00:00,25.3,19.3,69
2018-08-07 20:00:00,23.1,19.1,79
2018-08-07 21:00:00,21.4,19.1,87
2018-08-07 22:00:00,20.5,18.6,89
2018-08-07 23:00:00,20.3,18.1,87
2018-08-08 00:00:00,19.4,18.0,92
2018-08-08 01:00:00,19.0,17.8,93
2018-08-08 02:00:00,18.3,17.5,96
2018-08-08 03:00:00,18.4,17.7,96
2018-08-08 04:00:00,18.5,17.7,95
2018-08-08 05:00:00,18.4,17.7,96
2018-08-08 06:00:00,18.6,18.1,97
2018-08-08 07:00:00,19.1,18.5,97
2018-08-08 08:00:00,19.4,18.9,97
2018-08-08 09:00:00,20.2,19.7,97
2018-08-08 10:00:00,21.7,20.8,95
2018-08-08 11:00:00,23.5,19.4,78
2018-08-08 12:00:00,22.7,20.3,87
2018-08-08 13:00:00,21.4,20.3,93
2018-08-08 14:00:00,22.4,20.5,89
2018-08-08 15:00:00,25.1,20.9,78
2018-08-08 16:00:00,24.6,20.1,76
2018-08-08 17:00:00,24.7,20.1,76
2018-08-08 18:00:00,24.6,18.6,70
2018-08-08 19:00:00,23.5,18.4,73
2018-08-08 20:00:00,21.6,17.2,76
2018-08-08 21:00:00,19.4,16.6,84
2018-08-08 22:00:00,19.2,16.7,86
2018-08-08 23:00:00,18.1,16.0,87
2018-08-09 00:00:00,15.4,14.6,95
2018-08-09 01:00:00,14.3,13.8,97
2018-08-09 02:00:00,14.6,14.3,98
2018-08-09 03:00:00,14.8,14.4,97
2018-08-09 04:00:00,14.2,13.8,98
2018-08-09 05:00:00,14.9,14.6,98
2018-08-09 06:00:00,14.8,13.7,93
2018-08-09 07:00:00,18.1,14.7,81
2018-08-09 08:00:00,20.3,17.9,86
2018-08-09 09:00:00,21.5,19.2,87
2018-08-09 10:00:00,23.2,19.0,77
2018-08-09 11:00:00,24.8,18.7,69
2018-08-09 12:00:00,25.7,16.6,57
2018-08-09 13:00:00,26.2,17.5,59
2018-08-09 14:00:00,27.0,16.9,54
2018-08-09 15:00:00,26.9,17.1,55
2018-08-09 16:00:00,27.1,17.0,54
2018-08-09 17:00:00,25.6,16.4,57
2018-08-09 18:00:00,25.9,17.3,59
2018-08-09 19:00:00,24.7,18.1,67
2018-08-09 20:00:00,22.9,18.3,75
2018-08-09 21:00:00,20.7,19.1,91
2018-08-09 22:00:00,20.2,18.9,93
2018-08-09 23:00:00,19.5,18.5,94
2018-08-10 00:00:00,18.7,17.8,95
2018-08-10 01:00:00,18.2,17.5,96
2018-08-10 02:00:00,17.5,16.8,96
2018-08-10 03:00:00,16.0,15.3,96
2018-08-10 04:00:00,15.5,14.7,95
2018-08-10 05:00:00,14.0,13.4,96
2018-08-10 06:00:00,14.7,13.8,94
2018-08-10 07:00:00,17.5,14.9,85
2018-08-10 08:00:00,19.3,14.2,72
2018-08-10 09:00:00,20.4,14.3,68
2018-08-10 10:00:00,21.6,14.2,63
2018-08-10 11:00:00,22.5,13.9,58
2018-08-10 12:00:00,22.6,12.9,54
2018-08-10 13:00:00,24.0,12.5,49
2018-08-10 14:00:00,24.7,13.7,51
2018-08-10 15:00:00,24.6,11.5,44
2018-08-10 16:00:00,24.6,12.3,46
2018-08-10 17:00:00,24.3,12.2,47
2018-08-10 18:00:00,23.8,13.5,53
2018-08-10 19:00:00,22.1,14.1,60
2018-08-10 20:00:00,17.7,14.4,81
2018-08-10 21:00:00,15.4,13.5,89
2018-08-10 22:00:00,14.3,13.3,94
2018-08-10 23:00:00,13.5,12.8,96
2018-08-11 00:00:00,12.8,12.3,97
2018-08-11 01:00:00,13.1,12.7,98
2018-08-11 02:00:00,11.8,11.4,98
2018-08-11 03:00:00,12.0,11.7,98
2018-08-11 04:00:00,11.1,10.8,98
2018-08-11 05:00:00,10.8,10.5,98
2018-08-11 06:00:00,11.5,11.3,99
2018-08-11 07:00:00,15.6,14.4,92
2018-08-11 08:00:00,19.8,14.6,72
2018-08-11 09:00:00,22.5,14.6,61
2018-08-11 10:00:00,24.6,12.8,48
2018-08-11 11:00:00,24.9,11.6,43
2018-08-11 12:00:00,25.4,11.3,41
2018-08-11 13:00:00,26.4,11.6,40
2018-08-11 14:00:00,26.3,12.8,43
2018-08-11 15:00:00,26.1,13.5,46
2018-08-11 16:00:00,25.8,14.9,51
2018-08-11 17:00:00,24.7,14.9,54
2018-08-11 18:00:00,24.1,14.2,54
2018-08-11 19:00:00,21.5,14.2,63
2018-08-11 20:00:00,18.1,14.0,77
2018-08-11 21:00:00,17.0,13.3,78
2018-08-11 22:00:00,14.9,13.6,92
2018-08-11 23:00:00,14.6,13.5,93
2018-08-12 00:00:00,14.5,13.8,96
2018-08-12 01:00:00,13.6,12.8,95
2018-08-12 02:00:00,14.0,13.5,97
2018-08-12 03:00:00,13.7,13.3,97
2018-08-12 04:00:00,13.1,12.7,98
2018-08-12 05:00:00,14.5,14.1,98
2018-08-12 06:00:00,13.7,13.2,97
2018-08-12 07:00:00,17.4,15.6,89
2018-08-12 08:00:00,20.7,16.8,79
2018-08-12 09:00:00,23.2,16.8,67
2018-08-12 10:00:00,24.8,14.9,54
2018-08-12 11:00:00,25.9,15.5,53
2018-08-12 12:00:00,26.4,14.1,47
2018-08-12 13:00:00,26.5,14.0,46
2018-08-12 14:00:00,27.3,14.0,44
2018-08-12 15:00:00,27.0,14.6,47
2018-08-12 16:00:00,26.9,15.3,49
2018-08-12 17:00:00,26.5,15.2,50
2018-08-12 18:00:00,25.9,15.4,52
2018-08-12 19:00:00,22.5,15.3,64
2018-08-12 20:00:00,20.7,17.0,80
2018-08-12 21:00:00,18.4,15.6,84
2018-08-12 22:00:00,17.1,15.6,91
2018-08-12 23:00:00,15.7,14.7,94
2018-08-13 00:00:00,15.5,14.8,96
2018-08-13 01:00:00,15.4,14.7,96
2018-08-13 02:00:00,15.0,14.4,96
2018-08-13 03:00:00,14.8,14.1,96
2018-08-13 04:00:00,14.9,14.4,97
2018-08-13 05:00:00,13.9,13.2,96
2018-08-13 06:00:00,14.0,13.5,97
2018-08-13 07:00:00,17.4,15.2,87
2018-08-13 08:00:00,21.2,16.9,77
2018-08-13 09:00:00,24.5,16.7,62
2018-08-13 10:00:00,25.8,14.6,50
2018-08-13 11:00:00,26.2,14.5,48
2018-08-13 12:00:00,26.6,14.3,47
2018-08-13 13:00:00,26.9,12.6,41
2018-08-13 14:00:00,26.1,12.9,44
2018-08-13 15:00:00,25.8,14.4,49
2018-08-13 16:00:00,25.3,15.0,53
2018-08-13 17:00:00,25.0,15.5,56
2018-08-13 18:00:00,24.1,16.8,64
2018-08-13 19:00:00,23.8,16.6,64
2018-08-13 20:00:00,20.5,17.0,80
2018-08-13 21:00:00,19.6,17.2,86
2018-08-13 22:00:00,19.0,16.8,88
2018-08-13 23:00:00,21.0,16.7,77
2018-08-14 00:00:00,19.4,16.5,83
2018-08-14 01:00:00,19.8,15.6,77
2018-08-14 02:00:00,18.3,15.7,85
2018-08-14 03:00:00,17.5,15.8,90
2018-08-14 04:00:00,17.5,15.9,91
2018-08-14 05:00:00,16.2,15.3,94
2018-08-14 06:00:00,15.5,14.8,96
2018-08-14 07:00:00,18.2,16.9,92
2018-08-14 08:00:00,23.4,15.4,61
2018-08-14 09:00:00,25.3,14.2,50
2018-08-14 10:00:00,26.0,12.3,43
2018-08-14 11:00:00,27.7,12.0,38
2018-08-14 12:00:00,28.3,12.9,39
2018-08-14 13:00:00,29.2,11.5,33
2018-08-14 14:00:00,29.2,12.3,35
2018-08-14 15:00:00,29.8,14.3,39
2018-08-14 16:00:00,28.9,15.3,44
2018-08-14 17:00:00,28.8,15.7,45
2018-08-14 18:00:00,27.0,15.6,50
2018-08-14 19:00:00,25.5,15.2,53
2018-08-14 20:00:00,23.2,15.5,62
2018-08-14 21:00:00,19.1,16.2,83
2018-08-14 22:00:00,20.1,16.7,81
2018-08-14 23:00:00,17.8,16.2,91
2018-08-15 00:00:00,16.8,16.0,95
2018-08-15 01:00:00,16.5,15.8,96
2018-08-15 02:00:00,17.0,16.4,96
2018-08-15 03:00:00,16.2,15.7,97
2018-08-15 04:00:00,15.4,15.0,97
2018-08-15 05:00:00,15.4,15.1,98
2018-08-15 06:00:00,17.2,16.9,98
2018-08-15 07:00:00,19.9,18.1,89
2018-08-15 08:00:00,22.8,18.6,77
2018-08-15 09:00:00,25.4,18.9,67
2018-08-15 10:00:00,26.9,17.1,55
2018-08-15 11:00:00,27.6,17.2,53
2018-08-15 12:00:00,28.7,18.1,53
2018-08-15 13:00:00,29.7,16.1,44
2018-08-15 14:00:00,29.1,14.1,40
2018-08-15 15:00:00,29.2,15.8,44
2018-08-15 16:00:00,28.6,15.8,46
2018-08-15 17:00:00,27.8,15.9,48
2018-08-15 18:00:00,27.3,16.7,52
2018-08-15 19:00:00,26.1,17.2,58
2018-08-15 20:00:00,24.2,17.8,68
2018-08-15 21:00:00,20.5,17.8,85
2018-08-15 22:00:00,18.7,17.4,92
2018-08-15 23:00:00,18.2,17.2,94
2018-08-16 00:00:00,18.9,17.5,92
2018-08-16 01:00:00,17.6,16.9,96
2018-08-16 02:00:00,16.5,16.0,97
2018-08-16 03:00:00,16.2,15.9,98
2018-08-16 04:00:00,16.0,15.8,98
2018-08-16 05:00:00,15.8,15.5,98
2018-08-16 06:00:00,16.3,16.1,99
2018-08-16 07:00:00,18.4,18.2,99
2018-08-16 08:00:00,22.0,20.6,92
2018-08-16 09:00:00,25.9,20.7,73
2018-08-16 10:00:00,27.8,20.1,63
2018-08-16 11:00:00,27.6,19.5,62
2018-08-16 12:00:00,26.7,20.0,67
2018-08-16 13:00:00,28.7,19.5,58
2018-08-16 14:00:00,26.4,19.8,67
2018-08-16 15:00:00,27.9,18.9,58
2018-08-16 16:00:00,22.5,20.8,90
2018-08-16 17:00:00,23.1,21.7,92
2018-08-16 18:00:00,23.1,21.6,91
2018-08-16 19:00:00,22.7,21.9,95
2018-08-16 20:00:00,22.4,21.7,96
2018-08-16 21:00:00,22.4,21.4,95
2018-08-16 22:00:00,21.9,20.9,94
2018-08-16 23:00:00,21.7,20.7,94
2018-08-17 00:00:00,21.3,20.7,96
2018-08-17 01:00:00,21.2,20.7,97
2018-08-17 02:00:00,21.2,20.7,97
2018-08-17 03:00:00,21.2,20.7,97
2018-08-17 04:00:00,21.2,20.7,97
2018-08-17 05:00:00,21.2,20.8,97
2018-08-17 06:00:00,21.3,20.9,98
2018-08-17 07:00:00,21.6,21.2,98
2018-08-17 08:00:00,22.4,21.7,96
2018-08-17 09:00:00,23.8,22.2,91
2018-08-17 10:00:00,23.4,21.6,89
2018-08-17 11:00:00,24.4,21.9,86
2018-08-17 12:00:00,23.7,22.2,91
2018-08-17 13:00:00,26.9,22.3,76
2018-08-17 14:00:00,26.1,20.9,73
2018-08-17 15:00:00,25.8,21.2,76
2018-08-17 16:00:00,24.6,20.6,78
2018-08-17 17:00:00,23.4,20.6,84
2018-08-17 18:00:00,23.0,20.9,88
2018-08-17 19:00:00,21.9,20.9,94
2018-08-17 20:00:00,21.3,20.2,94
2018-08-17 21:00:00,21.0,20.0,94
2018-08-17 22:00:00,20.5,19.4,93
2018-08-17 23:00:00,20.1,19.4,96
2018-08-18 00:00:00,19.9,19.3,97
2018-08-18 01:00:00,19.7,18.8,95
2018-08-18 02:00:00,19.5,18.6,95
2018-08-18 03:00:00,19.4,18.5,95
2018-08-18 04:00:00,19.1,18.4,95
2018-08-18 05:00:00,18.3,17.7,96
2018-08-18 06:00:00,17.3,16.7,96
2018-08-18 07:00:00,19.1,18.0,94
2018-08-18 08:00:00,20.1,16.3,79
2018-08-18 09:00:00,21.1,15.7,71
2018-08-18 10:00:00,22.0,15.8,68
2018-08-18 11:00:00,22.6,15.5,64
2018-08-18 12:00:00,23.5,14.3,56
2018-08-18 13:00:00,23.9,15.3,59
2018-08-18 14:00:00,23.6,15.6,61
2018-08-18 15:00:00,23.3,15.6,62
2018-08-18 16:00:00,22.9,15.5,63
2018-08-18 17:00:00,22.5,16.0,66
2018-08-18 18:00:00,22.0,16.4,70
2018-08-18 19:00:00,20.3,17.5,84
2018-08-18 20:00:00,18.1,16.9,93
2018-08-18 21:00:00,17.4,16.7,96
2018-08-18 22:00:00,16.6,16.0,96
2018-08-18 23:00:00,15.9,15.5,97
2018-08-19 00:00:00,15.5,15.1,98
2018-08-19 01:00:00,15.5,15.0,97
2018-08-19 02:00:00,14.6,14.2,97
2018-08-19 03:00:00,13.5,13.2,98
2018-08-19 04:00:00,13.7,13.5,99
2018-08-19 05:00:00,13.2,13.0,99
2018-08-19 06:00:00,12.4,12.2,99
2018-08-19 07:00:00,14.7,14.5,99
2018-08-19 08:00:00,17.9,16.3,90
2018-08-19 09:00:00,20.7,16.7,78
2018-08-19 10:00:00,21.8,15.7,68
2018-08-19 11:00:00,23.0,14.4,58
2018-08-19 12:00:00,23.9,13.0,51
2018-08-19 13:00:00,23.7,13.2,52
2018-08-19 14:00:00,24.6,13.7,51
2018-08-19 15:00:00,24.9,13.3,48
2018-08-19 16:00:00,24.0,17.0,65
2018-08-19 17:00:00,22.6,16.6,69
2018-08-19 18:00:00,21.7,15.9,70
2018-08-19 19:00:00,20.1,15.4,74
2018-08-19 20:00:00,17.9,16.3,90
2018-08-19 21:00:00,17.3,15.8,91
2018-08-19 22:00:00,16.5,15.7,95
2018-08-19 23:00:00,15.2,14.6,97
2018-08-20 00:00:00,14.6,14.2,98
2018-08-20 01:00:00,13.6,13.3,98
2018-08-20 02:00:00,14.3,14.0,98
2018-08-20 03:00:00,15.0,14.8,99
2018-08-20 04:00:00,14.3,14.0,98
2018-08-20 05:00:00,14.2,13.9,99
2018-08-20 06:00:00,16.0,15.8,99
2018-08-20 07:00:00,17.9,17.8,99
2018-08-20 08:00:00,18.9,18.7,99
2018-08-20 09:00:00,20.6,19.1,91
2018-08-20 10:00:00,22.0,18.0,78
2018-08-20 11:00:00,23.2,17.5,70
2018-08-20 12:00:00,23.7,16.7,65
2018-08-20 13:00:00,24.4,16.6,62
2018-08-20 14:00:00,24.2,17.0,64
2018-08-20 15:00:00,24.2,17.7,67
2018-08-20 16:00:00,23.5,18.1,72
2018-08-20 17:00:00,22.8,18.5,77
2018-08-20 18:00:00,22.0,18.7,82
2018-08-20 19:00:00,21.0,18.9,88
2018-08-20 20:00:00,20.0,18.5,91
2018-08-20 21:00:00,19.3,18.1,93
2018-08-20 22:00:00,19.4,18.2,93
2018-08-20 23:00:00,19.3,18.5,95
2018-08-21 00:00:00,19.9,19.2,96
2018-08-21 01:00:00,19.8,18.8,94
2018-08-21 02:00:00,19.5,18.4,94
2018-08-21 03:00:00,19.4,18.4,94
2018-08-21 04:00:00,19.0,18.3,96
2018-08-21 05:00:00,19.3,18.5,95
2018-08-21 06:00:00,19.3,18.8,97
2018-08-21 07:00:00,19.5,19.1,98
2018-08-21 08:00:00,19.7,19.4,98
2018-08-21 09:00:00,19.9,19.5,98
2018-08-21 10:00:00,20.5,20.2,98
2018-08-21 11:00:00,21.1,20.7,97
2018-08-21 12:00:00,21.5,20.8,96
2018-08-21 13:00:00,22.7,21.4,93
2018-08-21 14:00:00,23.1,21.3,90
2018-08-21 15:00:00,23.3,22.2,94
2018-08-21 16:00:00,23.6,20.9,85
2018-08-21 17:00:00,22.4,20.9,92
2018-08-21 18:00:00,22.5,20.6,89
2018-08-21 19:00:00,22.1,20.8,92
2018-08-21 20:00:00,21.1,19.6,91
2018-08-21 21:00:00,20.7,19.2,91
2018-08-21 22:00:00,19.6,17.7,89
2018-08-21 23:00:00,18.7,16.9,90
2018-08-22 00:00:00,18.5,17.5,94
2018-08-22 01:00:00,18.6,16.8,89
2018-08-22 02:00:00,17.6,16.4,93
2018-08-22 03:00:00,17.9,17.0,94
2018-08-22 04:00:00,17.7,16.8,94
2018-08-22 05:00:00,17.8,16.8,94
2018-08-22 06:00:00,18.0,16.8,93
2018-08-22 07:00:00,18.0,16.2,89
2018-08-22 08:00:00,18.3,16.7,91
2018-08-22 09:00:00,18.1,16.4,89
2018-08-22 10:00:00,18.9,16.0,83
2018-08-22 11:00:00,19.4,15.3,77
2018-08-22 12:00:00,19.6,14.1,71
2018-08-22 13:00:00,19.0,13.9,72
2018-08-22 14:00:00,18.0,12.9,72
2018-08-22 15:00:00,18.6,12.4,67
2018-08-22 16:00:00,18.9,10.0,56
2018-08-22 17:00:00,19.4,8.8,50
2018-08-22 18:00:00,18.8,7.2,47
2018-08-22 19:00:00,17.1,9.1,59
2018-08-22 20:00:00,15.8,10.1,69
2018-08-22 21:00:00,14.9,10.6,76
2018-08-22 22:00:00,14.0,11.3,84
2018-08-22 23:00:00,14.1,11.5,84
2018-08-23 00:00:00,13.6,11.5,87
2018-08-23 01:00:00,13.1,11.4,89
2018-08-23 02:00:00,13.4,11.7,90
2018-08-23 03:00:00,13.1,11.6,91
2018-08-23 04:00:00,13.2,11.8,92
2018-08-23 05:00:00,13.0,11.9,93
2018-08-23 06:00:00,12.6,11.7,95
2018-08-23 07:00:00,14.9,13.1,89
2018-08-23 08:00:00,17.2,14.1,83
2018-08-23 09:00:00,19.5,14.8,74
2018-08-23 10:00:00,21.4,12.8,58
2018-08-23 11:00:00,22.4,11.4,50
2018-08-23 12:00:00,23.5,11.1,46
2018-08-23 13:00:00,24.5,11.6,45
2018-08-23 14:00:00,24.9,11.2,42
2018-08-23 15:00:00,25.2,11.0,41
2018-08-23 16:00:00,24.5,9.5,39
2018-08-23 17:00:00,24.0,9.2,39
2018-08-23 18:00:00,23.0,10.1,44
2018-08-23 19:00:00,21.6,11.2,51
2018-08-23 20:00:00,19.6,11.7,60
2018-08-23 21:00:00,17.0,12.3,74
2018-08-23 22:00:00,14.8,12.2,85
2018-08-23 23:00:00,14.2,12.3,89
2018-08-24 00:00:00,12.8,12.2,96
2018-08-24 01:00:00,12.0,11.6,97
2018-08-24 02:00:00,11.2,10.9,98
2018-08-24 03:00:00,10.5,10.2,98
2018-08-24 04:00:00,10.5,10.3,99
2018-08-24 05:00:00,10.0,9.8,99
2018-08-24 06:00:00,9.6,9.4,99
2018-08-24 07:00:00,13.5,13.3,99
2018-08-24 08:00:00,17.6,14.6,83
2018-08-24 09:00:00,20.8,14.7,68
2018-08-24 10:00:00,23.1,13.6,55
2018-08-24 11:00:00,24.0,14.2,54
2018-08-24 12:00:00,24.3,13.2,50
2018-08-24 13:00:00,25.1,13.8,49
2018-08-24 14:00:00,25.4,12.6,45
2018-08-24 15:00:00,24.1,12.5,48
2018-08-24 16:00:00,24.1,11.8,46
2018-08-24 17:00:00,23.4,12.0,49
2018-08-24 18:00:00,22.7,12.4,52
2018-08-24 19:00:00,20.4,13.4,64
2018-08-24 20:00:00,18.8,14.1,74
2018-08-24 21:00:00,19.1,13.7,71
2018-08-24 22:00:00,18.7,13.7,73
2018-08-24 23:00:00,19.0,13.3,69
2018-08-25 00:00:00,19.0,14.0,73
2018-08-25 01:00:00,18.3,14.4,78
2018-08-25 02:00:00,18.4,15.1,81
2018-08-25 03:00:00,18.4,15.9,85
2018-08-25 04:00:00,18.6,16.0,85
2018-08-25 05:00:00,18.2,15.8,86
2018-08-25 06:00:00,18.2,15.9,87
2018-08-25 07:00:00,19.8,16.3,80
2018-08-25 08:00:00,20.6,16.8,79
2018-08-25 09:00:00,21.5,16.9,75
2018-08-25 10:00:00,22.2,17.6,75
2018-08-25 11:00:00,23.1,17.5,71
2018-08-25 12:00:00,20.1,18.1,88
2018-08-25 13:00:00,19.3,18.2,93
2018-08-25 14:00:00,19.1,18.4,96
2018-08-25 15:00:00,19.9,18.7,93
2018-08-25 16:00:00,20.9,19.3,91
2018-08-25 17:00:00,21.7,19.3,87
2018-08-25 18:00:00,21.7,18.9,84
2018-08-25 19:00:00,21.4,18.6,85
2018-08-25 20:00:00,21.2,18.4,84
2018-08-25 21:00:00,21.0,18.3,85
2018-08-25 22:00:00,19.8,18.7,94
2018-08-25 23:00:00,19.7,19.2,97
2018-08-26 00:00:00,20.1,19.5,97
2018-08-26 01:00:00,20.4,19.9,97
2018-08-26 02:00:00,20.5,20.0,97
2018-08-26 03:00:00,20.6,20.1,97
2018-08-26 04:00:00,20.6,20.0,97
2018-08-26 05:00:00,20.4,19.9,97
2018-08-26 06:00:00,20.5,20.0,97
2018-08-26 07:00:00,20.8,20.1,96
2018-08-26 08:00:00,21.6,20.5,93
2018-08-26 09:00:00,22.5,20.1,86
2018-08-26 10:00:00,23.3,20.1,82
2018-08-26 11:00:00,23.9,20.0,79
2018-08-26 12:00:00,25.0,20.0,73
2018-08-26 13:00:00,25.1,19.8,73
2018-08-26 14:00:00,26.3,19.0,64
2018-08-26 15:00:00,26.4,19.4,66
2018-08-26 16:00:00,26.0,18.5,64
2018-08-26 17:00:00,25.7,18.3,63
2018-08-26 18:00:00,24.8,18.6,68
2018-08-26 19:00:00,23.1,18.4,75
2018-08-26 20:00:00,19.2,18.0,93
2018-08-26 21:00:00,18.3,17.7,96
2018-08-26 22:00:00,18.9,18.4,97
2018-08-26 23:00:00,18.4,18.0,97
2018-08-27 00:00:00,17.8,17.4,98
2018-08-27 01:00:00,17.2,16.9,98
2018-08-27 02:00:00,17.3,17.0,98
2018-08-27 03:00:00,18.3,18.0,98
2018-08-27 04:00:00,18.7,18.4,98
2018-08-27 05:00:00,19.1,18.8,98
2018-08-27 06:00:00,20.1,19.9,99
2018-08-27 07:00:00,20.7,20.5,99
2018-08-27 08:00:00,20.9,20.5,98
2018-08-27 09:00:00,22.1,20.6,91
2018-08-27 10:00:00,22.7,20.3,86
2018-08-27 11:00:00,23.2,20.6,86
2018-08-27 12:00:00,23.9,21.6,87
2018-08-27 13:00:00,24.8,22.5,87
2018-08-27 14:00:00,26.3,22.8,81
2018-08-27 15:00:00,26.9,23.2,80
2018-08-27 16:00:00,27.6,23.2,77
2018-08-27 17:00:00,27.3,23.5,80
2018-08-27 18:00:00,26.9,23.5,82
2018-08-27 19:00:00,26.2,23.5,86
2018-08-27 20:00:00,25.6,22.9,85
2018-08-27 21:00:00,25.5,22.3,83
2018-08-27 22:00:00,25.4,22.0,81
2018-08-27 23:00:00,25.4,21.9,81
2018-08-28 00:00:00,25.2,21.9,82
2018-08-28 01:00:00,24.5,21.8,85
2018-08-28 02:00:00,24.2,21.6,85
2018-08-28 03:00:00,23.6,21.4,88
2018-08-28 04:00:00,23.1,21.3,89
2018-08-28 05:00:00,22.9,21.3,91
2018-08-28 06:00:00,22.8,21.3,92
2018-08-28 07:00:00,23.2,21.4,90
2018-08-28 08:00:00,24.1,21.4,85
2018-08-28 09:00:00,25.4,21.7,80
2018-08-28 10:00:00,25.7,21.7,79
2018-08-28 11:00:00,26.3,21.9,77
2018-08-28 12:00:00,27.3,21.4,70
2018-08-28 13:00:00,28.9,22.2,67
2018-08-28 14:00:00,30.4,22.0,61
2018-08-28 15:00:00,29.1,20.7,60
2018-08-28 16:00:00,28.4,21.2,65
2018-08-28 17:00:00,28.0,20.3,63
2018-08-28 18:00:00,27.8,20.4,64
2018-08-28 19:00:00,25.7,20.9,75
2018-08-28 20:00:00,24.0,21.6,87
2018-08-28 21:00:00,24.6,23.0,91
2018-08-28 22:00:00,24.6,22.9,90
2018-08-28 23:00:00,25.0,22.5,86
2018-08-29 00:00:00,24.5,22.2,87
2018-08-29 01:00:00,24.6,21.0,80
2018-08-29 02:00:00,21.6,19.7,89
2018-08-29 03:00:00,20.7,19.8,95
2018-08-29 04:00:00,20.1,19.6,97
2018-08-29 05:00:00,20.1,19.5,97
2018-08-29 06:00:00,20.3,19.6,96
2018-08-29 07:00:00,22.3,21.4,95
2018-08-29 08:00:00,23.2,22.1,93
2018-08-29 09:00:00,24.6,22.2,86
2018-08-29 10:00:00,23.8,20.0,79
2018-08-29 11:00:00,24.0,20.4,80
2018-08-29 12:00:00,25.9,19.8,69
2018-08-29 13:00:00,25.4,19.1,68
2018-08-29 14:00:00,24.0,19.3,75
2018-08-29 15:00:00,25.7,19.8,70
2018-08-29 16:00:00,25.8,18.6,65
2018-08-29 17:00:00,24.7,19.1,71
2018-08-29 18:00:00,23.2,19.3,79
2018-08-29 19:00:00,22.3,19.1,82
2018-08-29 20:00:00,21.2,18.7,86
2018-08-29 21:00:00,19.0,16.9,88
2018-08-29 22:00:00,17.8,15.0,84
2018-08-29 23:00:00,16.4,14.4,88
2018-08-30 00:00:00,15.7,14.4,92
2018-08-30 01:00:00,15.6,14.3,92
2018-08-30 02:00:00,15.5,14.3,93
2018-08-30 03:00:00,14.7,13.9,95
2018-08-30 04:00:00,15.0,14.3,96
2018-08-30 05:00:00,14.2,13.5,95
2018-08-30 06:00:00,13.8,13.1,96
2018-08-30 07:00:00,15.1,12.7,86
2018-08-30 08:00:00,16.3,12.8,80
2018-08-30 09:00:00,16.5,12.1,75
2018-08-30 10:00:00,16.7,11.5,71
2018-08-30 11:00:00,18.0,12.8,72
2018-08-30 12:00:00,19.1,12.3,65
2018-08-30 13:00:00,18.5,12.8,70
2018-08-30 14:00:00,18.3,12.5,69
2018-08-30 15:00:00,18.3,12.6,70
2018-08-30 16:00:00,17.8,12.6,71
2018-08-30 17:00:00,17.5,12.4,72
2018-08-30 18:00:00,17.6,12.3,71
2018-08-30 19:00:00,15.8,12.3,80
2018-08-30 20:00:00,14.0,12.1,88
2018-08-30 21:00:00,12.3,11.6,95
2018-08-30 22:00:00,10.9,10.4,97
2018-08-30 23:00:00,10.9,10.5,98
2018-08-31 00:00:00,10.7,10.4,98
2018-08-31 01:00:00,9.4,9.1,98
2018-08-31 02:00:00,10.7,10.4,99
2018-08-31 03:00:00,11.2,11.0,99
2018-08-31 04:00:00,10.8,10.5,98
2018-08-31 05:00:00,9.1,8.8,98
2018-08-31 06:00:00,9.2,8.9,99
2018-08-31 07:00:00,12.9,12.6,98
2018-08-31 08:00:00,16.1,14.4,90
2018-08-31 09:00:00,17.6,14.6,83
2018-08-31 10:00:00,19.1,14.1,73
2018-08-31 11:00:00,19.9,14.5,71
2018-08-31 12:00:00,20.7,14.0,65
2018-08-31 13:00:00,20.7,12.5,59
2018-08-31 14:00:00,21.2,13.2,60
2018-08-31 15:00:00,22.6,12.8,54
2018-08-31 16:00:00,22.3,15.3,65
2018-08-31 17:00:00,21.5,15.2,68
2018-08-31 18:00:00,20.4,15.0,72
2018-08-31 19:00:00,18.3,15.1,81
2018-08-31 20:00:00,16.8,15.1,90
2018-08-31 21:00:00,16.3,14.8,91
2018-08-31 22:00:00,14.4,13.6,95
2018-08-31 23:00:00,13.2,12.8,97
2018-09-01 00:00:00,12.0,11.7,98
2018-09-01 01:00:00,12.4,12.2,98
2018-09-01 02:00:00,11.4,11.2,99
2018-09-01 03:00:00,11.3,11.2,99
2018-09-01 04:00:00,11.2,11.0,99
2018-09-01 05:00:00,10.9,10.8,99
2018-09-01 06:00:00,10.9,10.8,99
2018-09-01 07:00:00,13.9,13.7,99
2018-09-01 08:00:00,18.1,18.0,99
2018-09-01 09:00:00,19.8,19.6,99
2018-09-01 10:00:00,21.3,20.8,97
2018-09-01 11:00:00,24.8,20.9,79
2018-09-01 12:00:00,26.5,21.0,72
2018-09-01 13:00:00,26.9,21.1,71
2018-09-01 14:00:00,28.6,20.5,62
2018-09-01 15:00:00,28.4,19.9,60
2018-09-01 16:00:00,28.1,20.3,63
2018-09-01 17:00:00,27.3,20.0,64
2018-09-01 18:00:00,26.5,19.5,65
2018-09-01 19:00:00,24.8,19.0,70
2018-09-01 20:00:00,22.1,19.7,86
2018-09-01 21:00:00,23.7,20.5,82
2018-09-01 22:00:00,22.7,20.3,86
2018-09-01 23:00:00,21.9,20.2,90
2018-09-02 00:00:00,21.5,20.3,93
2018-09-02 01:00:00,21.7,20.4,92
2018-09-02 02:00:00,21.6,20.5,94
2018-09-02 03:00:00,22.0,20.7,93
2018-09-02 04:00:00,21.7,20.8,94
2018-09-02 05:00:00,22.0,21.0,94
2018-09-02 06:00:00,22.1,21.0,94
2018-09-02 07:00:00,22.5,21.4,93
2018-09-02 08:00:00,22.7,21.3,92
2018-09-02 09:00:00,23.7,21.5,87
2018-09-02 10:00:00,24.0,21.1,84
2018-09-02 11:00:00,23.3,22.2,93
2018-09-02 12:00:00,25.0,21.8,82
2018-09-02 13:00:00,26.8,22.6,78
2018-09-02 14:00:00,27.2,22.2,74
2018-09-02 15:00:00,28.4,21.4,66
2018-09-02 16:00:00,28.1,21.0,66
2018-09-02 17:00:00,27.9,21.0,66
2018-09-02 18:00:00,26.9,21.2,71
2018-09-02 19:00:00,25.9,21.7,78
2018-09-02 20:00:00,24.7,22.0,85
2018-09-02 21:00:00,24.2,21.9,87
2018-09-02 22:00:00,23.9,21.8,88
2018-09-02 23:00:00,23.6,21.5,88
2018-09-03 00:00:00,23.3,21.2,88
2018-09-03 01:00:00,22.7,21.0,90
2018-09-03 02:00:00,22.5,21.0,91
2018-09-03 03:00:00,22.3,21.1,93
2018-09-03 04:00:00,22.5,21.0,92
2018-09-03 05:00:00,22.3,20.9,92
2018-09-03 06:00:00,22.0,20.9,94
2018-09-03 07:00:00,22.6,21.2,92
2018-09-03 08:00:00,24.1,21.7,86
2018-09-03 09:00:00,25.9,21.6,77
2018-09-03 10:00:00,27.1,21.3,71
2018-09-03 11:00:00,28.0,21.8,69
2018-09-03 12:00:00,28.0,21.3,67
2018-09-03 13:00:00,27.2,20.1,65
2018-09-03 14:00:00,28.4,20.5,62
2018-09-03 15:00:00,28.6,20.0,60
2018-09-03 16:00:00,27.4,20.2,65
2018-09-03 17:00:00,27.2,20.4,66
2018-09-03 18:00:00,26.0,20.6,72
2018-09-03 19:00:00,24.5,20.0,76
2018-09-03 20:00:00,23.3,20.2,83
2018-09-03 21:00:00,20.8,19.3,91
2018-09-03 22:00:00,19.5,18.8,96
2018-09-03 23:00:00,18.5,18.0,97
2018-09-04 00:00:00,18.5,18.1,98
2018-09-04 01:00:00,18.3,18.0,98
2018-09-04 02:00:00,17.9,17.6,98
2018-09-04 03:00:00,18.1,17.8,98
2018-09-04 04:00:00,17.4,17.1,99
2018-09-04 05:00:00,16.6,16.4,99
2018-09-04 06:00:00,17.1,16.9,99
2018-09-04 07:00:00,19.2,18.8,97
2018-09-04 08:00:00,21.7,18.4,82
2018-09-04 09:00:00,23.4,18.1,72
2018-09-04 10:00:00,24.0,19.4,75
2018-09-04 11:00:00,24.2,19.8,76
2018-09-04 12:00:00,24.8,20.5,77
2018-09-04 13:00:00,26.3,21.3,74
2018-09-04 14:00:00,27.6,21.3,68
2018-09-04 15:00:00,28.5,21.3,65
2018-09-04 16:00:00,29.1,22.1,66
2018-09-04 17:00:00,28.7,21.9,67
2018-09-04 18:00:00,27.8,22.7,74
2018-09-04 19:00:00,26.2,22.9,82
2018-09-04 20:00:00,24.9,22.7,88
2018-09-04 21:00:00,23.7,22.0,90
2018-09-04 22:00:00,22.6,21.4,93
2018-09-04 23:00:00,22.0,21.3,96
2018-09-05 00:00:00,21.0,20.4,97
2018-09-05 01:00:00,19.6,19.2,98
2018-09-05 02:00:00,18.3,18.0,98
2018-09-05 03:00:00,18.4,18.2,98
2018-09-05 04:00:00,18.4,18.1,99
2018-09-05 05:00:00,18.4,18.3,99
2018-09-05 06:00:00,18.4,18.2,99
2018-09-05 07:00:00,20.7,20.5,99
2018-09-05 08:00:00,24.6,22.3,87
2018-09-05 09:00:00,27.1,22.3,75
2018-09-05 10:00:00,29.4,22.1,65
2018-09-05 11:00:00,30.3,21.8,61
2018-09-05 12:00:00,31.2,21.3,56
2018-09-05 13:00:00,31.7,20.9,53
2018-09-05 14:00:00,30.9,21.3,57
2018-09-05 15:00:00,31.2,20.8,54
2018-09-05 16:00:00,31.0,20.6,54
2018-09-05 17:00:00,30.0,20.3,56
2018-09-05 18:00:00,29.1,20.7,61
2018-09-05 19:00:00,27.6,20.9,67
2018-09-05 20:00:00,26.3,21.3,74
2018-09-05 21:00:00,25.8,21.8,78
2018-09-05 22:00:00,22.8,20.7,88
2018-09-05 23:00:00,22.2,20.3,89
2018-09-06 00:00:00,21.0,20.1,95
2018-09-06 01:00:00,20.9,20.4,97
2018-09-06 02:00:00,20.0,18.9,93
2018-09-06 03:00:00,19.7,18.8,94
2018-09-06 04:00:00,19.6,18.7,95
2018-09-06 05:00:00,19.4,18.0,91
2018-09-06 06:00:00,18.7,17.1,90
2018-09-06 07:00:00,18.8,17.7,93
2018-09-06 08:00:00,19.3,17.9,91
2018-09-06 09:00:00,20.1,18.0,88
2018-09-06 10:00:00,21.5,18.2,81
2018-09-06 11:00:00,22.0,18.1,78
2018-09-06 12:00:00,22.4,17.5,74
2018-09-06 13:00:00,23.0,16.9,69
2018-09-06 14:00:00,23.9,17.6,68
2018-09-06 15:00:00,23.5,17.0,67
2018-09-06 16:00:00,23.5,16.1,63
2018-09-06 17:00:00,23.2,16.0,64
2018-09-06 18:00:00,22.3,15.2,64
2018-09-06 19:00:00,20.0,16.1,78
2018-09-06 20:00:00,18.5,15.5,83
2018-09-06 21:00:00,17.1,14.2,83
2018-09-06 22:00:00,15.9,12.4,80
2018-09-06 23:00:00,15.4,12.4,83
2018-09-07 00:00:00,15.0,12.5,85
2018-09-07 01:00:00,14.1,12.1,88
2018-09-07 02:00:00,13.9,12.4,91
2018-09-07 03:00:00,12.7,11.9,95
2018-09-07 04:00:00,12.9,12.1,95
2018-09-07 05:00:00,12.3,11.5,95
2018-09-07 06:00:00,12.8,12.0,95
2018-09-07 07:00:00,13.9,12.7,93
2018-09-07 08:00:00,16.8,14.2,85
2018-09-07 09:00:00,18.9,14.8,77
2018-09-07 10:00:00,20.0,15.7,76
2018-09-07 11:00:00,21.1,14.8,67
2018-09-07 12:00:00,21.7,13.5,60
2018-09-07 13:00:00,22.0,12.4,54
2018-09-07 14:00:00,22.3,11.9,52
2018-09-07 15:00:00,21.9,11.5,52
2018-09-07 16:00:00,22.1,9.8,46
2018-09-07 17:00:00,20.3,10.4,53
2018-09-07 18:00:00,19.2,11.4,60
2018-09-07 19:00:00,17.7,11.5,67
2018-09-07 20:00:00,16.4,11.1,71
2018-09-07 21:00:00,15.3,10.6,73
2018-09-07 22:00:00,14.7,9.5,71
2018-09-07 23:00:00,14.2,8.6,69
2018-09-08 00:00:00,13.5,8.8,73
2018-09-08 01:00:00,13.0,8.6,75
2018-09-08 02:00:00,12.8,8.5,75
2018-09-08 03:00:00,12.8,8.4,75
2018-09-08 04:00:00,13.1,8.3,73
2018-09-08 05:00:00,12.5,8.3,76
2018-09-08 06:00:00,11.7,7.6,76
2018-09-08 07:00:00,11.6,6.5,71
2018-09-08 08:00:00,11.9,5.9,67
2018-09-08 09:00:00,12.3,6.1,66
2018-09-08 10:00:00,12.9,6.3,64
2018-09-08 11:00:00,13.5,6.6,63
2018-09-08 12:00:00,14.4,6.4,59
2018-09-08 13:00:00,14.8,5.7,55
2018-09-08 14:00:00,15.2,5.0,51
2018-09-08 15:00:00,15.4,4.9,50
2018-09-08 16:00:00,15.0,3.3,45
2018-09-08 17:00:00,14.4,4.8,52
2018-09-08 18:00:00,13.2,6.4,64
2018-09-08 19:00:00,11.1,6.9,75
2018-09-08 20:00:00,9.6,6.9,83
2018-09-08 21:00:00,8.3,7.0,92
2018-09-08 22:00:00,7.6,6.1,90
2018-09-08 23:00:00,7.5,6.0,90
2018-09-09 00:00:00,8.9,5.9,82
2018-09-09 01:00:00,9.5,5.4,75
2018-09-09 02:00:00,9.7,4.8,71
2018-09-09 03:00:00,9.2,4.5,73
2018-09-09 04:00:00,8.9,4.5,74
2018-09-09 05:00:00,8.7,4.3,74
2018-09-09 06:00:00,8.6,4.6,76
2018-09-09 07:00:00,9.0,5.2,77
2018-09-09 08:00:00,9.7,5.7,76
2018-09-09 09:00:00,10.5,6.5,76
2018-09-09 10:00:00,11.6,7.5,76
2018-09-09 11:00:00,12.8,9.2,79
2018-09-09 12:00:00,13.7,10.1,79
2018-09-09 13:00:00,14.6,9.7,73
2018-09-09 14:00:00,14.7,8.9,68
2018-09-09 15:00:00,14.6,9.5,71
2018-09-09 16:00:00,14.6,9.4,71
2018-09-09 17:00:00,13.9,8.6,71
2018-09-09 18:00:00,13.0,7.8,71
2018-09-09 19:00:00,12.3,7.0,70
2018-09-09 20:00:00,11.5,5.8,68
2018-09-09 21:00:00,10.8,5.5,70
2018-09-09 22:00:00,10.2,5.8,74
2018-09-09 23:00:00,10.0,5.9,76
2018-09-10 00:00:00,10.9,7.1,77
2018-09-10 01:00:00,10.9,8.7,86
2018-09-10 02:00:00,12.0,10.8,92
2018-09-10 03:00:00,12.0,11.2,95
2018-09-10 04:00:00,12.2,11.5,96
2018-09-10 05:00:00,12.3,11.8,96
2018-09-10 06:00:00,12.3,11.8,97
2018-09-10 07:00:00,12.3,11.8,97
2018-09-10 08:00:00,12.3,11.7,96
2018-09-10 09:00:00,11.9,11.3,96
2018-09-10 10:00:00,12.1,11.6,97
2018-09-10 11:00:00,12.1,11.4,96
2018-09-10 12:00:00,11.8,11.2,96
2018-09-10 13:00:00,11.6,11.0,96
2018-09-10 14:00:00,11.9,11.3,97
2018-09-10 15:00:00,12.1,11.5,96
2018-09-10 16:00:00,12.4,11.9,97
2018-09-10 17:00:00,12.4,11.9,97
2018-09-10 18:00:00,12.7,12.3,98
2018-09-10 19:00:00,12.9,12.6,98
2018-09-10 20:00:00,13.0,12.7,98
2018-09-10 21:00:00,13.3,13.0,99
2018-09-10 22:00:00,13.5,13.3,99
2018-09-10 23:00:00,13.6,13.5,99
2018-09-11 00:00:00,13.7,13.5,99
2018-09-11 01:00:00,13.7,13.6,99
2018-09-11 02:00:00,13.7,13.5,99
2018-09-11 03:00:00,13.7,13.6,99
2018-09-11 04:00:00,13.7,13.5,99
2018-09-11 05:00:00,13.6,13.5,99
2018-09-11 06:00:00,13.3,13.1,99
2018-09-11 07:00:00,12.9,12.6,99
2018-09-11 08:00:00,13.2,12.7,97
2018-09-11 09:00:00,14.5,13.1,91
2018-09-11 10:00:00,16.0,13.3,84
2018-09-11 11:00:00,16.3,13.3,82
2018-09-11 12:00:00,17.9,14.2,79
2018-09-11 13:00:00,19.3,13.7,70
2018-09-11 14:00:00,20.7,14.4,67
2018-09-11 15:00:00,21.3,14.7,66
2018-09-11 16:00:00,21.6,14.3,63
2018-09-11 17:00:00,21.4,14.8,66
2018-09-11 18:00:00,19.7,14.9,74
2018-09-11 19:00:00,17.0,14.6,86
2018-09-11 20:00:00,14.7,13.6,93
2018-09-11 21:00:00,14.1,13.6,97
2018-09-11 22:00:00,15.0,14.6,98
2018-09-11 23:00:00,15.2,14.7,97
2018-09-12 00:00:00,13.8,13.3,97
2018-09-12 01:00:00,11.9,11.5,98
2018-09-12 02:00:00,11.2,10.9,98
2018-09-12 03:00:00,10.5,10.3,99
2018-09-12 04:00:00,10.4,10.2,99
2018-09-12 05:00:00,9.3,9.2,99
2018-09-12 06:00:00,9.3,9.1,99
2018-09-12 07:00:00,11.3,11.2,99
2018-09-12 08:00:00,14.5,14.2,98
2018-09-12 09:00:00,18.0,15.8,87
2018-09-12 10:00:00,19.6,16.6,83
2018-09-12 11:00:00,20.8,16.8,78
2018-09-12 12:00:00,20.6,15.4,72
2018-09-12 13:00:00,21.5,15.5,68
2018-09-12 14:00:00,21.5,15.1,67
2018-09-12 15:00:00,21.6,15.4,68
2018-09-12 16:00:00,22.3,15.7,66
2018-09-12 17:00:00,21.5,14.7,66
2018-09-12 18:00:00,20.4,14.9,71
2018-09-12 19:00:00,16.8,14.9,89
2018-09-12 20:00:00,15.9,15.2,96
2018-09-12 21:00:00,14.9,14.4,97
2018-09-12 22:00:00,14.3,14.0,98
2018-09-12 23:00:00,14.1,13.8,99
2018-09-13 00:00:00,13.5,13.3,99
2018-09-13 01:00:00,14.4,14.3,99
2018-09-13 02:00:00,14.4,14.3,99
2018-09-13 03:00:00,15.1,14.9,99
2018-09-13 04:00:00,15.8,15.7,99
2018-09-13 05:00:00,15.8,15.7,99
2018-09-13 06:00:00,14.8,14.7,100
2018-09-13 07:00:00,16.1,16.0,99
2018-09-13 08:00:00,17.0,16.9,99
2018-09-13 09:00:00,18.8,18.6,99
2018-09-13 10:00:00,20.9,17.4,81
2018-09-13 11:00:00,21.9,17.5,76
2018-09-13 12:00:00,22.6,18.2,76
2018-09-13 13:00:00,23.0,17.9,73
2018-09-13 14:00:00,24.7,18.9,70
2018-09-13 15:00:00,24.0,18.2,70
2018-09-13 16:00:00,23.3,17.7,71
2018-09-13 17:00:00,22.7,17.1,71
2018-09-13 18:00:00,20.9,16.4,75
2018-09-13 19:00:00,18.9,15.4,80
2018-09-13 20:00:00,17.5,15.5,88
2018-09-13 21:00:00,17.8,15.6,87
2018-09-13 22:00:00,18.8,16.0,84
2018-09-13 23:00:00,18.6,15.9,84
2018-09-14 00:00:00,18.6,16.0,85
2018-09-14 01:00:00,18.2,16.0,87
2018-09-14 02:00:00,17.9,16.0,89
2018-09-14 03:00:00,17.4,15.9,91
2018-09-14 04:00:00,16.9,15.8,93
2018-09-14 05:00:00,16.8,16.0,95
2018-09-14 06:00:00,15.9,15.4,97
2018-09-14 07:00:00,18.2,17.7,97
2018-09-14 08:00:00,20.8,19.0,89
2018-09-14 09:00:00,23.2,19.9,82
2018-09-14 10:00:00,24.2,20.0,77
2018-09-14 11:00:00,24.9,20.4,77
2018-09-14 12:00:00,25.7,21.0,75
2018-09-14 13:00:00,26.5,20.1,68
2018-09-14 14:00:00,26.7,20.5,69
2018-09-14 15:00:00,27.4,20.7,67
2018-09-14 16:00:00,27.2,20.4,67
2018-09-14 17:00:00,26.2,20.8,72
2018-09-14 18:00:00,25.2,20.9,77
2018-09-14 19:00:00,23.2,20.7,86
2018-09-14 20:00:00,21.5,19.9,90
2018-09-14 21:00:00,19.2,18.4,95
2018-09-14 22:00:00,17.9,17.4,97
2018-09-14 23:00:00,18.5,18.1,98
2018-09-15 00:00:00,17.0,16.7,98
2018-09-15 01:00:00,16.9,16.6,98
2018-09-15 02:00:00,17.0,16.8,99
2018-09-15 03:00:00,15.8,15.6,99
2018-09-15 04:00:00,15.7,15.5,99
2018-09-15 05:00:00,15.3,15.1,99
2018-09-15 06:00:00,15.7,15.5,99
2018-09-15 07:00:00,17.7,17.5,99
2018-09-15 08:00:00,20.2,19.3,95
2018-09-15 09:00:00,23.5,20.5,84
2018-09-15 10:00:00,25.7,20.3,72
2018-09-15 11:00:00,27.0,19.3,63
2018-09-15 12:00:00,27.1,18.3,59
2018-09-15 13:00:00,27.8,18.3,56
2018-09-15 14:00:00,28.2,18.0,54
2018-09-15 15:00:00,29.3,18.2,51
2018-09-15 16:00:00,28.7,18.3,53
2018-09-15 17:00:00,26.8,20.3,68
2018-09-15 18:00:00,25.5,20.0,72
2018-09-15 19:00:00,22.4,20.2,87
2018-09-15 20:00:00,21.2,19.8,92
2018-09-15 21:00:00,20.3,19.6,96
2018-09-15 22:00:00,19.9,19.2,96
2018-09-15 23:00:00,19.1,18.4,96
2018-09-16 00:00:00,19.6,19.2,98
2018-09-16 01:00:00,19.1,18.7,98
2018-09-16 02:00:00,17.6,17.2,98
2018-09-16 03:00:00,17.4,17.1,98
2018-09-16 04:00:00,16.0,15.7,98
2018-09-16 05:00:00,16.0,15.8,99
2018-09-16 06:00:00,15.9,15.7,99
2018-09-16 07:00:00,17.6,17.5,99
2018-09-16 08:00:00,21.2,19.9,92
2018-09-16 09:00:00,24.5,20.7,79
2018-09-16 10:00:00,26.6,19.9,67
2018-09-16 11:00:00,26.9,19.3,63
2018-09-16 12:00:00,28.0,18.0,55
2018-09-16 13:00:00,28.2,18.5,56
2018-09-16 14:00:00,28.8,18.2,53
2018-09-16 15:00:00,28.7,17.2,50
2018-09-16 16:00:00,28.0,16.8,51
2018-09-16 17:00:00,26.6,19.6,66
2018-09-16 18:00:00,25.5,19.9,72
2018-09-16 19:00:00,22.7,19.8,84
2018-09-16 20:00:00,20.8,18.7,88
2018-09-16 21:00:00,18.8,17.9,95
2018-09-16 22:00:00,17.7,17.1,96
2018-09-16 23:00:00,17.4,17.0,98
2018-09-17 00:00:00,17.1,16.8,98
2018-09-17 01:00:00,16.1,15.8,98
2018-09-17 02:00:00,16.0,15.8,99
2018-09-17 03:00:00,15.1,14.9,99
2018-09-17 04:00:00,14.6,14.5,99
2018-09-17 05:00:00,14.0,13.8,99
2018-09-17 06:00:00,14.2,14.1,99
2018-09-17 07:00:00,16.7,16.6,99
2018-09-17 08:00:00,20.3,19.6,96
2018-09-17 09:00:00,22.2,18.6,80
2018-09-17 10:00:00,23.8,19.3,76
2018-09-17 11:00:00,25.2,19.6,71
2018-09-17 12:00:00,25.5,19.3,69
2018-09-17 13:00:00,26.1,18.7,64
2018-09-17 14:00:00,27.3,19.5,62
2018-09-17 15:00:00,26.3,18.7,63
2018-09-17 16:00:00,25.8,18.2,63
2018-09-17 17:00:00,25.4,18.4,65
2018-09-17 18:00:00,24.1,19.2,74
2018-09-17 19:00:00,22.2,19.2,83
2018-09-17 20:00:00,21.1,19.0,88
2018-09-17 21:00:00,20.0,18.2,89
2018-09-17 22:00:00,18.9,18.0,95
2018-09-17 23:00:00,16.7,16.0,96
2018-09-18 00:00:00,15.8,15.4,98
2018-09-18 01:00:00,15.5,15.2,98
2018-09-18 02:00:00,16.3,16.1,99
2018-09-18 03:00:00,16.9,16.7,99
2018-09-18 04:00:00,17.6,17.4,99
2018-09-18 05:00:00,18.3,18.1,99
2018-09-18 06:00:00,18.4,18.2,99
2018-09-18 07:00:00,18.7,18.5,99
2018-09-18 08:00:00,19.0,18.7,98
2018-09-18 09:00:00,19.0,18.4,96
2018-09-18 10:00:00,19.8,18.5,93
2018-09-18 11:00:00,21.0,18.4,85
2018-09-18 12:00:00,22.8,17.1,70
2018-09-18 13:00:00,23.9,15.2,58
2018-09-18 14:00:00,25.1,15.4,55
2018-09-18 15:00:00,25.7,15.0,52
2018-09-18 16:00:00,25.7,14.5,50
2018-09-18 17:00:00,25.0,14.8,53
2018-09-18 18:00:00,22.9,15.7,64
2018-09-18 19:00:00,20.5,15.3,72
2018-09-18 20:00:00,17.8,14.7,82
2018-09-18 21:00:00,16.3,14.3,88
2018-09-18 22:00:00,15.2,13.2,88
2018-09-18 23:00:00,14.7,12.8,89
2018-09-19 00:00:00,14.2,12.5,89
2018-09-19 01:00:00,14.3,12.6,90
2018-09-19 02:00:00,14.3,12.7,90
2018-09-19 03:00:00,14.4,12.3,87
2018-09-19 04:00:00,13.5,11.8,89
2018-09-19 05:00:00,12.9,11.4,90
2018-09-19 06:00:00,11.5,10.6,94
2018-09-19 07:00:00,11.4,10.8,96
2018-09-19 08:00:00,13.6,11.5,87
2018-09-19 09:00:00,15.8,11.5,76
2018-09-19 10:00:00,17.8,11.4,66
2018-09-19 11:00:00,19.3,11.0,59
2018-09-19 12:00:00,20.5,10.9,54
2018-09-19 13:00:00,22.0,11.2,50
2018-09-19 14:00:00,22.5,11.0,48
2018-09-19 15:00:00,22.7,10.1,45
2018-09-19 16:00:00,22.9,10.8,46
2018-09-19 17:00:00,22.5,11.7,50
2018-09-19 18:00:00,19.2,13.2,68
2018-09-19 19:00:00,16.6,13.5,82
2018-09-19 20:00:00,14.8,13.2,90
2018-09-19 21:00:00,12.9,12.1,95
2018-09-19 22:00:00,13.4,12.9,97
2018-09-19 23:00:00,12.7,12.3,98
2018-09-20 00:00:00,12.0,11.5,97
2018-09-20 01:00:00,11.3,10.8,97
2018-09-20 02:00:00,10.9,10.6,98
2018-09-20 03:00:00,10.9,10.6,98
2018-09-20 04:00:00,9.7,9.4,98
2018-09-20 05:00:00,10.2,9.9,98
2018-09-20 06:00:00,10.9,10.6,99
2018-09-20 07:00:00,12.5,12.3,99
2018-09-20 08:00:00,14.1,13.5,96
2018-09-20 09:00:00,16.0,14.2,89
2018-09-20 10:00:00,17.1,14.0,82
2018-09-20 11:00:00,17.6,13.6,78
2018-09-20 12:00:00,17.8,13.7,77
2018-09-20 13:00:00,17.8,13.2,74
2018-09-20 14:00:00,17.5,13.1,76
2018-09-20 15:00:00,17.4,13.3,77
2018-09-20 16:00:00,17.4,13.8,79
2018-09-20 17:00:00,17.1,14.0,82
2018-09-20 18:00:00,16.5,14.1,86
2018-09-20 19:00:00,16.2,14.0,87
2018-09-20 20:00:00,16.5,14.3,87
2018-09-20 21:00:00,16.5,14.7,89
2018-09-20 22:00:00,16.4,14.9,91
2018-09-20 23:00:00,16.6,15.5,93
2018-09-21 00:00:00,16.8,16.1,96
2018-09-21 01:00:00,16.9,16.4,97
2018-09-21 02:00:00,16.5,16.1,98
2018-09-21 03:00:00,17.8,17.4,98
2018-09-21 04:00:00,18.7,18.1,96
2018-09-21 05:00:00,20.7,20.1,96
2018-09-21 06:00:00,20.9,20.1,96
2018-09-21 07:00:00,22.7,20.9,89
2018-09-21 08:00:00,24.3,20.9,82
2018-09-21 09:00:00,26.1,21.0,74
2018-09-21 10:00:00,28.0,19.9,61
2018-09-21 11:00:00,28.8,19.5,57
2018-09-21 12:00:00,29.5,19.4,55
2018-09-21 13:00:00,28.2,19.1,58
2018-09-21 14:00:00,27.1,20.2,66
2018-09-21 15:00:00,27.0,19.9,65
2018-09-21 16:00:00,21.7,19.7,88
2018-09-21 17:00:00,24.2,17.1,65
2018-09-21 18:00:00,23.0,15.1,61
2018-09-21 19:00:00,22.0,13.0,57
2018-09-21 20:00:00,19.1,10.0,56
2018-09-21 21:00:00,17.4,10.6,64
2018-09-21 22:00:00,14.9,8.1,64
2018-09-21 23:00:00,13.0,6.9,66
2018-09-22 00:00:00,12.3,7.1,71
2018-09-22 01:00:00,10.6,8.1,84
2018-09-22 02:00:00,10.9,7.9,82
2018-09-22 03:00:00,10.0,7.3,84
2018-09-22 04:00:00,9.6,7.4,87
2018-09-22 05:00:00,9.9,6.9,82
2018-09-22 06:00:00,9.6,7.1,84
2018-09-22 07:00:00,9.6,7.1,84
2018-09-22 08:00:00,10.4,7.5,82
2018-09-22 09:00:00,11.0,6.3,73
2018-09-22 10:00:00,11.7,6.0,68
2018-09-22 11:00:00,12.5,5.3,61
2018-09-22 12:00:00,13.4,6.3,62
2018-09-22 13:00:00,14.1,5.6,57
2018-09-22 14:00:00,15.6,5.6,51
2018-09-22 15:00:00,15.5,5.1,50
2018-09-22 16:00:00,15.6,6.3,54
2018-09-22 17:00:00,14.6,6.9,60
2018-09-22 18:00:00,13.4,7.2,66
2018-09-22 19:00:00,11.5,7.1,75
2018-09-22 20:00:00,9.6,6.9,84
2018-09-22 21:00:00,8.5,7.3,92
2018-09-22 22:00:00,7.3,5.8,90
2018-09-22 23:00:00,5.9,5.3,96
2018-09-23 00:00:00,4.5,4.1,97
2018-09-23 01:00:00,4.6,4.3,98
2018-09-23 02:00:00,3.5,3.2,98
2018-09-23 03:00:00,2.9,2.7,98
2018-09-23 04:00:00,2.5,2.2,98
2018-09-23 05:00:00,1.4,1.2,99
2018-09-23 06:00:00,1.5,1.3,99
2018-09-23 07:00:00,2.5,2.3,99
2018-09-23 08:00:00,8.0,7.6,98
2018-09-23 09:00:00,12.1,5.7,65
2018-09-23 10:00:00,14.2,2.9,47
2018-09-23 11:00:00,15.9,-0.5,33
2018-09-23 12:00:00,17.2,-0.3,31
2018-09-23 13:00:00,18.2,1.3,32
2018-09-23 14:00:00,19.3,2.2,32
2018-09-23 15:00:00,19.6,3.0,33
2018-09-23 16:00:00,19.5,3.8,36
2018-09-23 17:00:00,17.6,8.6,56
2018-09-23 18:00:00,15.2,8.6,65
2018-09-23 19:00:00,10.8,8.1,83
2018-09-23 20:00:00,9.9,7.9,87
2018-09-23 21:00:00,8.3,6.9,91
2018-09-23 22:00:00,8.2,7.3,94
2018-09-23 23:00:00,8.2,7.4,94
2018-09-24 00:00:00,9.2,7.9,92
2018-09-24 01:00:00,10.4,9.1,92
2018-09-24 02:00:00,11.9,10.9,94
2018-09-24 03:00:00,12.7,11.5,92
2018-09-24 04:00:00,12.1,11.0,93
2018-09-24 05:00:00,11.2,10.0,92
2018-09-24 06:00:00,10.3,9.0,92
2018-09-24 07:00:00,10.2,8.8,91
2018-09-24 08:00:00,10.4,9.1,92
2018-09-24 09:00:00,11.1,9.7,91
2018-09-24 10:00:00,13.2,11.6,90
2018-09-24 11:00:00,14.3,12.2,87
2018-09-24 12:00:00,14.5,12.2,86
2018-09-24 13:00:00,14.4,12.5,88
2018-09-24 14:00:00,15.3,13.0,86
2018-09-24 15:00:00,16.6,13.3,81
2018-09-24 16:00:00,16.2,13.8,86
2018-09-24 17:00:00,16.1,14.4,90
2018-09-24 18:00:00,16.1,14.7,92
2018-09-24 19:00:00,16.4,15.1,92
2018-09-24 20:00:00,17.1,14.8,86
2018-09-24 21:00:00,17.0,14.7,86
2018-09-24 22:00:00,15.9,15.1,95
2018-09-24 23:00:00,15.8,14.9,95
2018-09-25 00:00:00,15.7,14.9,96
2018-09-25 01:00:00,15.7,15.1,96
2018-09-25 02:00:00,15.7,15.1,96
2018-09-25 03:00:00,15.5,14.9,96
2018-09-25 04:00:00,15.3,14.8,97
2018-09-25 05:00:00,15.3,14.9,97
2018-09-25 06:00:00,15.4,15.0,98
2018-09-25 07:00:00,15.8,15.4,98
2018-09-25 08:00:00,16.4,16.1,98
2018-09-25 09:00:00,17.2,16.8,98
2018-09-25 10:00:00,17.9,17.5,98
2018-09-25 11:00:00,18.6,18.2,98
2018-09-25 12:00:00,19.2,18.7,97
2018-09-25 13:00:00,19.2,18.8,97
2018-09-25 14:00:00,19.7,19.2,97
2018-09-25 15:00:00,19.8,19.2,97
2018-09-25 16:00:00,19.9,19.4,97
2018-09-25 17:00:00,20.0,19.5,97
2018-09-25 18:00:00,20.1,19.6,97
2018-09-25 19:00:00,20.1,19.6,97
2018-09-25 20:00:00,20.2,19.7,97
2018-09-25 21:00:00,20.1,19.6,97
2018-09-25 22:00:00,20.1,19.7,98
2018-09-25 23:00:00,20.4,20.1,98
2018-09-26 00:00:00,20.1,19.6,97
2018-09-26 01:00:00,20.8,19.8,94
2018-09-26 02:00:00,21.1,19.9,93
2018-09-26 03:00:00,21.4,19.9,91
2018-09-26 04:00:00,20.8,18.8,88
2018-09-26 05:00:00,20.3,18.4,89
2018-09-26 06:00:00,20.1,17.9,87
2018-09-26 07:00:00,19.1,16.7,86
2018-09-26 08:00:00,18.8,16.4,86
2018-09-26 09:00:00,19.5,15.8,79
2018-09-26 10:00:00,16.1,12.5,80
2018-09-26 11:00:00,16.1,10.7,71
2018-09-26 12:00:00,16.3,9.9,66
2018-09-26 13:00:00,15.8,9.0,64
2018-09-26 14:00:00,16.7,8.4,58
2018-09-26 15:00:00,16.1,7.4,56
2018-09-26 16:00:00,15.9,7.3,56
2018-09-26 17:00:00,16.3,7.0,54
2018-09-26 18:00:00,14.1,8.6,70
2018-09-26 19:00:00,12.5,8.4,76
2018-09-26 20:00:00,11.0,7.7,80
2018-09-26 21:00:00,8.2,7.3,94
2018-09-26 22:00:00,7.2,6.7,97
2018-09-26 23:00:00,9.1,8.6,97
2018-09-27 00:00:00,9.2,8.6,96
2018-09-27 01:00:00,8.4,7.9,97
2018-09-27 02:00:00,6.4,6.0,97
2018-09-27 03:00:00,6.2,5.9,98
2018-09-27 04:00:00,5.0,4.7,98
2018-09-27 05:00:00,4.1,3.8,99
2018-09-27 06:00:00,3.6,3.4,99
2018-09-27 07:00:00,4.7,4.5,99
2018-09-27 08:00:00,8.5,8.4,99
2018-09-27 09:00:00,12.1,10.8,91
2018-09-27 10:00:00,13.7,6.9,64
2018-09-27 11:00:00,14.9,7.3,60
2018-09-27 12:00:00,15.2,7.2,59
2018-09-27 13:00:00,15.6,6.6,55
2018-09-27 14:00:00,16.2,4.9,47
2018-09-27 15:00:00,15.9,5.7,51
2018-09-27 16:00:00,15.4,7.8,61
2018-09-27 17:00:00,14.6,9.2,70
2018-09-27 18:00:00,13.4,9.8,79
2018-09-27 19:00:00,11.5,10.1,91
2018-09-27 20:00:00,10.6,9.7,94
2018-09-27 21:00:00,10.4,9.8,96
2018-09-27 22:00:00,9.9,9.4,97
2018-09-27 23:00:00,8.6,8.3,97
2018-09-28 00:00:00,8.2,7.9,98
2018-09-28 01:00:00,6.7,6.5,98
2018-09-28 02:00:00,6.5,6.3,99
2018-09-28 03:00:00,5.4,5.2,99
2018-09-28 04:00:00,5.0,4.8,99
2018-09-28 05:00:00,4.2,4.0,99
2018-09-28 06:00:00,4.2,4.1,99
2018-09-28 07:00:00,5.9,5.8,99
2018-09-28 08:00:00,10.9,10.8,99
2018-09-28 09:00:00,13.8,9.6,76
2018-09-28 10:00:00,16.7,9.8,64
2018-09-28 11:00:00,17.9,8.3,53
2018-09-28 12:00:00,19.5,8.2,48
2018-09-28 13:00:00,20.1,8.2,46
2018-09-28 14:00:00,19.1,11.4,61
2018-09-28 15:00:00,18.0,10.4,61
2018-09-28 16:00:00,15.8,10.3,70
2018-09-28 17:00:00,13.3,10.5,83
2018-09-28 18:00:00,11.7,9.7,87
2018-09-28 19:00:00,11.2,8.6,84
2018-09-28 20:00:00,10.5,8.7,89
2018-09-28 21:00:00,10.0,8.7,92
2018-09-28 22:00:00,10.0,9.1,94
2018-09-28 23:00:00,10.2,8.4,88
2018-09-29 00:00:00,9.2,8.0,92
2018-09-29 01:00:00,9.1,8.2,94
2018-09-29 02:00:00,8.7,7.8,94
2018-09-29 03:00:00,8.6,7.7,94
2018-09-29 04:00:00,8.1,7.5,96
2018-09-29 05:00:00,7.6,7.1,97
2018-09-29 06:00:00,6.9,6.4,97
2018-09-29 07:00:00,7.3,6.8,96
2018-09-29 08:00:00,8.5,7.4,93
2018-09-29 09:00:00,10.8,7.4,80
2018-09-29 10:00:00,10.7,4.7,66
2018-09-29 11:00:00,12.3,4.3,58
2018-09-29 12:00:00,12.8,3.1,52
2018-09-29 13:00:00,14.0,3.4,49
2018-09-29 14:00:00,14.2,3.4,48
2018-09-29 15:00:00,14.1,2.9,47
2018-09-29 16:00:00,13.5,2.1,46
2018-09-29 17:00:00,12.3,2.5,51
2018-09-29 18:00:00,11.5,2.8,55
2018-09-29 19:00:00,11.0,3.5,60
2018-09-29 20:00:00,10.2,4.1,66
2018-09-29 21:00:00,9.2,4.2,71
2018-09-29 22:00:00,8.5,5.6,82
2018-09-29 23:00:00,8.2,5.9,85
2018-09-30 00:00:00,7.6,6.0,90
2018-09-30 01:00:00,7.7,6.4,91
2018-09-30 02:00:00,7.8,6.6,92
2018-09-30 03:00:00,8.0,6.7,92
2018-09-30 04:00:00,7.8,6.8,94
2018-09-30 05:00:00,7.9,6.7,93
2018-09-30 06:00:00,7.9,6.3,90
2018-09-30 07:00:00,8.0,6.2,88
2018-09-30 08:00:00,8.6,6.9,89
2018-09-30 09:00:00,9.2,7.2,87
2018-09-30 10:00:00,9.4,7.1,86
2018-09-30 11:00:00,9.8,7.4,85
2018-09-30 12:00:00,9.9,7.9,87
2018-09-30 13:00:00,10.0,7.9,87
2018-09-30 14:00:00,10.3,7.9,86
2018-09-30 15:00:00,10.6,8.3,85
2018-09-30 16:00:00,10.8,8.2,84
2018-09-30 17:00:00,10.7,8.2,84
2018-09-30 18:00:00,10.5,8.2,86
2018-09-30 19:00:00,10.1,8.5,90
2018-09-30 20:00:00,9.3,8.6,95
2018-09-30 21:00:00,9.1,8.7,97
2018-09-30 22:00:00,8.8,8.4,97
2018-09-30 23:00:00,8.7,8.4,98
