Time (GMT-8),Urban_DBT_C,Rural_DBT_C,Rural_Pres_Pa
2008-07-01 00:30:00,18.66,18.05,101400.0
2008-07-01 01:00:00,18.82,18.3,101410.0
2008-07-01 01:30:00,19.03,17.85,101435.0
2008-07-01 02:00:00,18.52,17.4,101460.0
2008-07-01 02:30:00,17.7,17.0,101479.99999999999
2008-07-01 03:00:00,17.31,16.6,101500.0
2008-07-01 03:30:00,17.05,16.1,101535.0
2008-07-01 04:00:00,16.52,15.6,101570.0
2008-07-01 04:30:00,16.06,15.35,101570.0
2008-07-01 05:00:00,15.84,15.1,101570.0
2008-07-01 05:30:00,15.92,15.55,101574.99999999999
2008-07-01 06:00:00,16.19,16.0,101580.0
2008-07-01 06:30:00,16.03,16.15,101604.99999999999
2008-07-01 07:00:00,15.98,16.3,101630.0
2008-07-01 07:30:00,16.64,16.450000000000003,101634.99999999999
2008-07-01 08:00:00,17.09,16.6,101640.0
2008-07-01 08:30:00,17.39,17.0,101634.99999999999
2008-07-01 09:00:00,18.05,17.4,101630.0
2008-07-01 09:30:00,19.34,17.9,101630.0
2008-07-01 10:00:00,19.7,18.4,101630.0
2008-07-01 10:30:00,19.79,19.0,101630.0
2008-07-01 11:00:00,20.22,19.6,101630.0
2008-07-01 11:30:00,20.74,20.1,101620.0
2008-07-01 12:00:00,21.07,20.6,101610.0
2008-07-01 12:30:00,22.12,21.1,101580.0
2008-07-01 13:00:00,22.19,21.6,101550.0
2008-07-01 13:30:00,22.62,21.85,101525.0
2008-07-01 14:00:00,22.71,22.1,101500.0
2008-07-01 14:30:00,23.32,22.35,101460.00000000001
2008-07-01 15:00:00,23.87,22.6,101420.0
2008-07-01 15:30:00,24.01,22.75,101390.0
2008-07-01 16:00:00,24.09,22.9,101360.0
2008-07-01 16:30:00,23.29,22.45,101350.0
2008-07-01 17:00:00,23.47,22.0,101340.0
2008-07-01 17:30:00,23.55,22.05,101340.0
2008-07-01 18:00:00,22.62,22.1,101340.0
2008-07-01 18:30:00,23.11,21.25,101335.00000000001
2008-07-01 19:00:00,21.89,20.4,101330.0
2008-07-01 19:30:00,20.43,19.85,101340.0
2008-07-01 20:00:00,19.82,19.3,101350.0
2008-07-01 20:30:00,19.14,18.55,101360.0
2008-07-01 21:00:00,18.65,17.8,101370.0
2008-07-01 21:30:00,18.61,17.700000000000003,101395.00000000001
2008-07-01 22:00:00,18.36,17.6,101420.0
2008-07-01 22:30:00,18.07,17.1,101410.0
2008-07-01 23:00:00,17.32,16.6,101400.0
2008-07-01 23:30:00,17.31,16.85,101400.0
2008-07-02 00:00:00,17.21,17.1,101400.0
2008-07-02 00:30:00,16.81,16.700000000000003,101395.00000000001
2008-07-02 01:00:00,16.52,16.3,101390.0
2008-07-02 01:30:00,16.29,16.0,101384.99999999999
2008-07-02 02:00:00,15.95,15.7,101380.0
2008-07-02 02:30:00,15.32,14.649999999999999,101395.0
2008-07-02 03:00:00,14.92,13.6,101410.0
2008-07-02 03:30:00,14.49,14.05,101420.0
2008-07-02 04:00:00,14.3,14.5,101430.0
2008-07-02 04:30:00,14.32,14.05,101420.0
2008-07-02 05:00:00,14.28,13.6,101410.0
2008-07-02 05:30:00,15.15,14.6,101400.0
2008-07-02 06:00:00,15.09,15.6,101390.0
2008-07-02 06:30:00,15.61,16.4,101400.0
2008-07-02 07:00:00,16.27,17.2,101410.0
2008-07-02 07:30:00,17.74,17.85,101395.0
2008-07-02 08:00:00,19.66,18.5,101380.0
2008-07-02 08:30:00,21.13,19.0,101365.0
2008-07-02 09:00:00,21.94,19.5,101350.0
2008-07-02 09:30:00,22.96,20.15,101345.0
2008-07-02 10:00:00,23.59,20.8,101340.0
2008-07-02 10:30:00,23.75,21.0,101315.0
2008-07-02 11:00:00,23.94,21.2,101290.0
2008-07-02 11:30:00,25.76,21.7,101250.0
2008-07-02 12:00:00,26.06,22.2,101210.0
2008-07-02 12:30:00,26.53,22.299999999999997,101185.0
2008-07-02 13:00:00,26.29,22.4,101160.0
2008-07-02 13:30:00,27.1,22.7,101115.0
2008-07-02 14:00:00,27.52,23.0,101070.0
2008-07-02 14:30:00,28.57,23.25,101035.0
2008-07-02 15:00:00,29.65,23.5,101000.0
2008-07-02 15:30:00,29.19,23.1,100975.0
2008-07-02 16:00:00,28.92,22.7,100950.0
2008-07-02 16:30:00,27.11,21.7,100925.00000000001
2008-07-02 17:00:00,27.55,20.7,100900.0
2008-07-02 17:30:00,26.36,21.049999999999997,100855.0
2008-07-02 18:00:00,27.25,21.4,100810.0
2008-07-02 18:30:00,27.04,21.0,100795.0
2008-07-02 19:00:00,25.27,20.6,100780.0
2008-07-02 19:30:00,23.42,20.35,100789.99999999999
2008-07-02 20:00:00,21.6,20.1,100800.0
2008-07-02 20:30:00,20.93,19.9,100905.0
2008-07-02 21:00:00,20.57,19.7,101010.0
2008-07-02 21:30:00,19.24,19.7,101035.0
2008-07-02 22:00:00,19.38,19.7,101060.0
2008-07-02 22:30:00,20.18,20.25,101020.00000000001
2008-07-02 23:00:00,20.42,20.8,100980.0
2008-07-02 23:30:00,20.75,20.55,100990.00000000001
2008-07-03 00:00:00,20.67,20.3,101000.0
2008-07-03 00:30:00,19.4,19.950000000000003,101039.99999999999
2008-07-03 01:00:00,19.28,19.6,101080.0
2008-07-03 01:30:00,19.52,18.55,101060.0
2008-07-03 02:00:00,19.24,17.5,101040.0
2008-07-03 02:30:00,18.77,16.95,101065.0
2008-07-03 03:00:00,19.12,16.4,101090.0
2008-07-03 03:30:00,16.54,16.75,101100.0
2008-07-03 04:00:00,16.77,17.1,101110.0
2008-07-03 04:30:00,17.27,16.9,101125.0
2008-07-03 05:00:00,17.05,16.7,101140.0
2008-07-03 05:30:00,18.01,17.299999999999997,101134.99999999999
2008-07-03 06:00:00,18.68,17.9,101130.0
2008-07-03 06:30:00,18.93,18.15,101155.0
2008-07-03 07:00:00,18.64,18.4,101180.0
2008-07-03 07:30:00,18.21,18.299999999999997,101205.00000000001
2008-07-03 08:00:00,17.92,18.2,101230.0
2008-07-03 08:30:00,17.26,17.9,101230.0
2008-07-03 09:00:00,17.21,17.6,101230.0
2008-07-03 09:30:00,17.45,18.0,101220.0
2008-07-03 10:00:00,18.38,18.4,101210.0
2008-07-03 10:30:00,18.51,19.4,101215.0
2008-07-03 11:00:00,19.3,20.4,101220.0
2008-07-03 11:30:00,19.53,20.25,101220.0
2008-07-03 12:00:00,20.46,20.1,101220.0
2008-07-03 12:30:00,20.43,20.35,101205.0
2008-07-03 13:00:00,20.51,20.6,101190.0
2008-07-03 13:30:00,20.88,21.05,101164.99999999999
2008-07-03 14:00:00,21.4,21.5,101140.0
2008-07-03 14:30:00,22.84,21.5,101140.0
2008-07-03 15:00:00,23.59,21.5,101140.0
2008-07-03 15:30:00,23.6,21.35,101134.99999999999
2008-07-03 16:00:00,23.8,21.2,101130.0
2008-07-03 16:30:00,22.84,20.6,101090.0
2008-07-03 17:00:00,21.9,20.0,101050.0
2008-07-03 17:30:00,21.1,19.3,101050.0
2008-07-03 18:00:00,19.68,18.6,101050.0
2008-07-03 18:30:00,18.67,18.3,101039.99999999999
2008-07-03 19:00:00,18.68,18.0,101030.0
2008-07-03 19:30:00,17.88,17.25,101030.0
2008-07-03 20:00:00,17.39,16.5,101030.0
2008-07-03 20:30:00,16.85,16.45,101045.0
2008-07-03 21:00:00,16.47,16.4,101060.0
2008-07-03 21:30:00,16.57,16.5,101055.0
2008-07-03 22:00:00,16.8,16.6,101050.0
2008-07-03 22:30:00,17.43,16.950000000000003,101050.0
2008-07-03 23:00:00,17.54,17.3,101050.0
2008-07-03 23:30:00,17.58,17.950000000000003,101039.99999999999
2008-07-04 00:00:00,17.32,18.6,101030.0
2008-07-04 00:30:00,17.18,17.6,101025.0
2008-07-04 01:00:00,17.2,16.6,101020.0
2008-07-04 01:30:00,17.14,16.5,101020.0
2008-07-04 02:00:00,16.94,16.4,101020.0
2008-07-04 02:30:00,16.51,15.799999999999999,101020.0
2008-07-04 03:00:00,16.27,15.2,101020.0
2008-07-04 03:30:00,15.59,15.05,101050.0
2008-07-04 04:00:00,15.08,14.9,101080.0
2008-07-04 04:30:00,15.12,14.8,101100.0
2008-07-04 05:00:00,15.1,14.7,101120.0
2008-07-04 05:30:00,15.15,15.05,101135.0
2008-07-04 06:00:00,15.07,15.4,101150.0
2008-07-04 06:30:00,15.16,15.25,101155.0
2008-07-04 07:00:00,15.19,15.1,101160.0
2008-07-04 07:30:00,15.06,15.3,101190.0
2008-07-04 08:00:00,15.88,15.5,101220.0
2008-07-04 08:30:00,15.53,15.8,101215.0
2008-07-04 09:00:00,15.84,16.1,101210.0
2008-07-04 09:30:00,16.51,16.6,101229.99999999999
2008-07-04 10:00:00,17.47,17.1,101250.0
2008-07-04 10:30:00,18.24,18.15,101265.0
2008-07-04 11:00:00,18.69,19.2,101280.0
2008-07-04 11:30:00,19.6,19.75,101289.99999999999
2008-07-04 12:00:00,19.85,20.3,101300.0
2008-07-04 12:30:00,18.59,20.200000000000003,101300.0
2008-07-04 13:00:00,18.32,20.1,101300.0
2008-07-04 13:30:00,18.61,20.5,101305.0
2008-07-04 14:00:00,19.85,20.9,101310.0
2008-07-04 14:30:00,20.75,21.2,101315.0
2008-07-04 15:00:00,21.03,21.5,101320.0
2008-07-04 15:30:00,22.57,22.0,101310.0
2008-07-04 16:00:00,22.41,22.5,101300.0
2008-07-04 16:30:00,22.66,22.15,101300.0
2008-07-04 17:00:00,23.01,21.8,101300.0
2008-07-04 17:30:00,22.57,21.35,101305.0
2008-07-04 18:00:00,22.24,20.9,101310.0
2008-07-04 18:30:00,20.9,20.65,101295.0
2008-07-04 19:00:00,19.9,20.4,101280.0
2008-07-04 19:30:00,19.59,19.6,101280.0
2008-07-04 20:00:00,19.24,18.8,101280.0
2008-07-04 20:30:00,18.74,18.35,101300.0
2008-07-04 21:00:00,18.42,17.9,101320.0
2008-07-04 21:30:00,18.3,17.5,101320.0
2008-07-04 22:00:00,17.99,17.1,101320.0
2008-07-04 22:30:00,17.39,16.85,101310.0
2008-07-04 23:00:00,16.97,16.6,101300.0
2008-07-04 23:30:00,17.03,17.15,101289.99999999999
2008-07-05 00:00:00,17.13,17.7,101280.0
2008-07-05 00:30:00,17.21,17.4,101275.0
2008-07-05 01:00:00,17.28,17.1,101270.0
2008-07-05 01:30:00,17.25,17.1,101235.0
2008-07-05 02:00:00,17.27,17.1,101200.0
2008-07-05 02:30:00,17.08,17.05,101195.0
2008-07-05 03:00:00,17.36,17.0,101190.0
2008-07-05 03:30:00,17.5,17.25,101195.0
2008-07-05 04:00:00,17.42,17.5,101200.0
2008-07-05 04:30:00,17.34,17.4,101215.0
2008-07-05 05:00:00,17.34,17.3,101230.0
2008-07-05 05:30:00,17.38,17.450000000000003,101230.0
2008-07-05 06:00:00,17.4,17.6,101230.0
2008-07-05 06:30:00,17.31,17.55,101240.00000000001
2008-07-05 07:00:00,17.24,17.5,101250.0
2008-07-05 07:30:00,16.99,17.65,101255.0
2008-07-05 08:00:00,16.77,17.8,101260.0
2008-07-05 08:30:00,16.86,17.6,101270.00000000001
2008-07-05 09:00:00,17.26,17.4,101280.0
2008-07-05 09:30:00,17.56,17.6,101295.0
2008-07-05 10:00:00,17.71,17.8,101310.0
2008-07-05 10:30:00,17.74,17.85,101325.0
2008-07-05 11:00:00,18.03,17.9,101340.0
2008-07-05 11:30:00,18.11,17.9,101350.0
2008-07-05 12:00:00,18.13,17.9,101360.0
2008-07-05 12:30:00,17.67,18.1,101384.99999999999
2008-07-05 13:00:00,17.68,18.3,101410.0
2008-07-05 13:30:00,18.23,18.35,101405.0
2008-07-05 14:00:00,18.93,18.4,101400.0
2008-07-05 14:30:00,18.55,18.9,101400.0
2008-07-05 15:00:00,19.06,19.4,101400.0
2008-07-05 15:30:00,19.84,20.35,101390.0
2008-07-05 16:00:00,20.76,21.3,101380.0
2008-07-05 16:30:00,20.6,21.4,101375.0
2008-07-05 17:00:00,22.47,21.5,101370.0
2008-07-05 17:30:00,22.55,21.05,101370.0
2008-07-05 18:00:00,21.45,20.6,101370.0
2008-07-05 18:30:00,20.19,20.05,101390.0
2008-07-05 19:00:00,19.83,19.5,101410.0
2008-07-05 19:30:00,19.24,18.85,101420.0
2008-07-05 20:00:00,18.5,18.2,101430.0
2008-07-05 20:30:00,17.82,17.65,101470.0
2008-07-05 21:00:00,17.14,17.1,101510.0
2008-07-05 21:30:00,16.75,17.0,101530.0
2008-07-05 22:00:00,16.43,16.9,101550.0
2008-07-05 22:30:00,16.22,16.6,101570.0
2008-07-05 23:00:00,16.05,16.3,101590.0
2008-07-05 23:30:00,15.91,16.15,101610.0
2008-07-06 00:00:00,15.79,16.0,101630.0
2008-07-06 00:30:00,15.74,16.2,101650.0
2008-07-06 01:00:00,15.62,16.4,101670.0
2008-07-06 01:30:00,15.61,16.049999999999997,101685.0
2008-07-06 02:00:00,15.27,15.7,101700.0
2008-07-06 02:30:00,14.85,15.399999999999999,101720.0
2008-07-06 03:00:00,14.52,15.1,101740.0
2008-07-06 03:30:00,14.0,14.649999999999999,101759.99999999999
2008-07-06 04:00:00,13.91,14.2,101780.0
2008-07-06 04:30:00,13.87,14.1,101810.0
2008-07-06 05:00:00,13.9,14.0,101840.0
2008-07-06 05:30:00,13.97,14.2,101865.00000000001
2008-07-06 06:00:00,14.11,14.4,101890.0
2008-07-06 06:30:00,14.48,14.600000000000001,101914.99999999999
2008-07-06 07:00:00,14.81,14.8,101940.0
2008-07-06 07:30:00,15.26,15.350000000000001,101955.0
2008-07-06 08:00:00,15.99,15.9,101970.0
2008-07-06 08:30:00,16.34,16.8,101975.0
2008-07-06 09:00:00,16.94,17.7,101980.0
2008-07-06 09:30:00,17.81,17.95,101995.0
2008-07-06 10:00:00,18.48,18.2,102010.0
2008-07-06 10:30:00,17.55,18.0,102025.0
2008-07-06 11:00:00,17.37,17.8,102040.0
2008-07-06 11:30:00,18.24,18.700000000000003,102050.00000000001
2008-07-06 12:00:00,20.57,19.6,102060.0
2008-07-06 12:30:00,20.77,19.75,102055.0
2008-07-06 13:00:00,20.64,19.9,102050.0
2008-07-06 13:30:00,22.06,19.7,102030.0
2008-07-06 14:00:00,22.01,19.5,102010.0
2008-07-06 14:30:00,22.05,19.75,102015.0
2008-07-06 15:00:00,22.88,20.0,102020.0
2008-07-06 15:30:00,21.76,19.9,101960.00000000001
2008-07-06 16:00:00,21.68,19.8,101900.0
2008-07-06 16:30:00,21.23,19.700000000000003,101930.0
2008-07-06 17:00:00,21.35,19.6,101960.0
2008-07-06 17:30:00,21.29,19.450000000000003,101949.99999999999
2008-07-06 18:00:00,21.33,19.3,101940.0
2008-07-06 18:30:00,20.67,19.0,101945.0
2008-07-06 19:00:00,19.87,18.7,101950.0
2008-07-06 19:30:00,19.01,18.45,101945.0
2008-07-06 20:00:00,18.33,18.2,101940.0
2008-07-06 20:30:00,17.58,17.85,101949.99999999999
2008-07-06 21:00:00,16.92,17.5,101960.0
2008-07-06 21:30:00,16.2,16.25,101970.0
2008-07-06 22:00:00,15.26,15.0,101980.0
2008-07-06 22:30:00,14.96,14.95,101990.00000000001
2008-07-06 23:00:00,14.76,14.9,102000.0
2008-07-06 23:30:00,14.75,14.0,101995.0
2008-07-07 00:00:00,14.55,13.1,101990.0
2008-07-07 00:30:00,13.95,13.6,102000.0
2008-07-07 01:00:00,13.39,14.1,102010.0
2008-07-07 01:30:00,12.87,13.149999999999999,102020.00000000001
2008-07-07 02:00:00,12.48,12.2,102030.0
2008-07-07 02:30:00,12.21,12.1,102045.0
2008-07-07 03:00:00,12.34,12.0,102060.0
2008-07-07 03:30:00,12.22,11.85,102045.0
2008-07-07 04:00:00,11.9,11.7,102030.0
2008-07-07 04:30:00,11.88,12.0,102070.0
2008-07-07 05:00:00,11.69,12.3,102110.0
2008-07-07 05:30:00,12.16,13.350000000000001,102134.99999999999
2008-07-07 06:00:00,12.96,14.4,102160.0
2008-07-07 06:30:00,14.07,14.7,102140.0
2008-07-07 07:00:00,15.11,15.0,102120.0
2008-07-07 07:30:00,16.14,15.9,102140.0
2008-07-07 08:00:00,16.53,16.8,102160.0
2008-07-07 08:30:00,17.45,17.450000000000003,102185.0
2008-07-07 09:00:00,18.32,18.1,102210.0
2008-07-07 09:30:00,19.05,18.450000000000003,102205.0
2008-07-07 10:00:00,19.78,18.8,102200.0
2008-07-07 10:30:00,20.94,18.9,102215.0
2008-07-07 11:00:00,21.15,19.0,102230.0
2008-07-07 11:30:00,22.47,19.25,102225.0
2008-07-07 12:00:00,22.21,19.5,102220.0
2008-07-07 12:30:00,22.25,19.5,102210.00000000001
2008-07-07 13:00:00,22.8,19.5,102200.0
2008-07-07 13:30:00,22.79,19.9,102215.0
2008-07-07 14:00:00,23.39,20.3,102230.0
2008-07-07 14:30:00,23.09,20.8,102210.00000000001
2008-07-07 15:00:00,23.71,21.3,102190.0
2008-07-07 15:30:00,24.01,21.700000000000003,102175.0
2008-07-07 16:00:00,23.86,22.1,102160.0
2008-07-07 16:30:00,23.43,21.65,102150.0
2008-07-07 17:00:00,23.25,21.2,102140.0
2008-07-07 17:30:00,23.18,21.35,102115.00000000001
2008-07-07 18:00:00,23.05,21.5,102090.0
2008-07-07 18:30:00,22.93,21.55,102095.0
2008-07-07 19:00:00,22.42,21.6,102100.0
2008-07-07 19:30:00,21.29,21.1,102110.0
2008-07-07 20:00:00,20.69,20.6,102120.0
2008-07-07 20:30:00,19.97,19.85,102135.0
2008-07-07 21:00:00,19.07,19.1,102150.0
2008-07-07 21:30:00,17.9,17.55,102160.0
2008-07-07 22:00:00,17.19,16.0,102170.0
2008-07-07 22:30:00,16.86,15.3,102170.0
2008-07-07 23:00:00,16.29,14.6,102170.0
2008-07-07 23:30:00,15.66,14.3,102190.0
2008-07-08 00:00:00,15.32,14.0,102210.0
2008-07-08 00:30:00,15.12,13.85,102205.0
2008-07-08 01:00:00,14.59,13.7,102200.0
2008-07-08 01:30:00,14.15,13.3,102205.0
2008-07-08 02:00:00,13.84,12.9,102210.0
2008-07-08 02:30:00,13.67,12.65,102205.0
2008-07-08 03:00:00,13.47,12.4,102200.0
2008-07-08 03:30:00,13.77,12.55,102215.0
2008-07-08 04:00:00,13.57,12.7,102230.0
2008-07-08 04:30:00,13.61,12.899999999999999,102250.0
2008-07-08 05:00:00,13.68,13.1,102270.0
2008-07-08 05:30:00,14.11,14.05,102270.0
2008-07-08 06:00:00,14.62,15.0,102270.0
2008-07-08 06:30:00,14.95,15.95,102259.99999999999
2008-07-08 07:00:00,15.71,16.9,102250.0
2008-07-08 07:30:00,17.23,17.75,102245.0
2008-07-08 08:00:00,18.59,18.6,102240.0
2008-07-08 08:30:00,20.3,19.65,102229.99999999999
2008-07-08 09:00:00,21.08,20.7,102220.0
2008-07-08 09:30:00,21.73,21.049999999999997,102225.0
2008-07-08 10:00:00,22.97,21.4,102230.0
2008-07-08 10:30:00,23.5,22.25,102205.00000000001
2008-07-08 11:00:00,24.19,23.1,102180.0
2008-07-08 11:30:00,24.82,23.65,102155.0
2008-07-08 12:00:00,25.69,24.2,102130.0
2008-07-08 12:30:00,25.18,24.65,102115.0
2008-07-08 13:00:00,25.35,25.1,102100.0
2008-07-08 13:30:00,26.37,25.15,102074.99999999999
2008-07-08 14:00:00,26.78,25.2,102050.0
2008-07-08 14:30:00,26.73,25.0,102030.0
2008-07-08 15:00:00,27.07,24.8,102010.0
2008-07-08 15:30:00,28.16,25.05,101990.00000000001
2008-07-08 16:00:00,27.43,25.3,101970.0
2008-07-08 16:30:00,26.84,24.1,101955.0
2008-07-08 17:00:00,26.5,22.9,101940.0
2008-07-08 17:30:00,26.47,22.549999999999997,101930.0
2008-07-08 18:00:00,26.42,22.2,101920.0
2008-07-08 18:30:00,26.16,21.45,101910.0
2008-07-08 19:00:00,25.03,20.7,101900.0
2008-07-08 19:30:00,23.69,19.799999999999997,101890.0
2008-07-08 20:00:00,22.75,18.9,101880.0
2008-07-08 20:30:00,21.63,18.5,101870.0
2008-07-08 21:00:00,20.56,18.1,101860.0
2008-07-08 21:30:00,20.12,18.35,101870.0
2008-07-08 22:00:00,19.51,18.6,101880.0
2008-07-08 22:30:00,18.6,18.4,101870.0
2008-07-08 23:00:00,17.87,18.2,101860.0
2008-07-08 23:30:00,17.35,17.15,101850.0
2008-07-09 00:00:00,17.0,16.1,101840.0
2008-07-09 00:30:00,16.58,15.5,101830.0
2008-07-09 01:00:00,16.03,14.9,101820.0
2008-07-09 01:30:00,15.58,14.600000000000001,101820.0
2008-07-09 02:00:00,14.99,14.3,101820.0
2008-07-09 02:30:00,14.62,14.0,101805.0
2008-07-09 03:00:00,14.52,13.7,101790.0
2008-07-09 03:30:00,14.27,14.149999999999999,101800.00000000001
2008-07-09 04:00:00,14.08,14.6,101810.0
2008-07-09 04:30:00,13.83,14.5,101825.0
2008-07-09 05:00:00,13.86,14.4,101840.0
2008-07-09 05:30:00,14.43,15.15,101850.0
2008-07-09 06:00:00,14.9,15.9,101860.0
2008-07-09 06:30:00,15.73,16.5,101854.99999999999
2008-07-09 07:00:00,16.38,17.1,101850.0
2008-07-09 07:30:00,17.16,17.450000000000003,101860.0
2008-07-09 08:00:00,17.95,17.8,101870.0
2008-07-09 08:30:00,18.44,18.15,101875.0
2008-07-09 09:00:00,19.67,18.5,101880.0
2008-07-09 09:30:00,20.84,18.8,101865.0
2008-07-09 10:00:00,20.86,19.1,101850.0
2008-07-09 10:30:00,21.23,19.700000000000003,101845.0
2008-07-09 11:00:00,21.69,20.3,101840.0
2008-07-09 11:30:00,22.46,20.5,101815.0
2008-07-09 12:00:00,22.79,20.7,101790.0
2008-07-09 12:30:00,23.42,20.9,101765.0
2008-07-09 13:00:00,24.01,21.1,101740.0
2008-07-09 13:30:00,24.81,21.15,101725.0
2008-07-09 14:00:00,24.86,21.2,101710.0
2008-07-09 14:30:00,24.44,21.5,101685.0
2008-07-09 15:00:00,24.64,21.8,101660.0
2008-07-09 15:30:00,24.65,21.8,101634.99999999999
2008-07-09 16:00:00,24.32,21.8,101610.0
2008-07-09 16:30:00,23.05,21.25,101565.0
2008-07-09 17:00:00,22.67,20.7,101520.0
2008-07-09 17:30:00,22.79,21.299999999999997,101495.0
2008-07-09 18:00:00,23.56,21.9,101470.0
2008-07-09 18:30:00,23.66,21.4,101450.0
2008-07-09 19:00:00,22.75,20.9,101430.0
2008-07-09 19:30:00,21.65,21.0,101415.0
2008-07-09 20:00:00,20.94,21.1,101400.0
2008-07-09 20:30:00,20.5,20.65,101400.0
2008-07-09 21:00:00,19.26,20.2,101400.0
2008-07-09 21:30:00,18.19,19.25,101400.0
2008-07-09 22:00:00,17.35,18.3,101400.0
2008-07-09 22:30:00,16.59,18.1,101390.0
2008-07-09 23:00:00,16.18,17.9,101380.0
2008-07-09 23:30:00,15.68,17.7,101375.0
2008-07-10 00:00:00,15.37,17.5,101370.0
2008-07-10 00:30:00,15.25,17.05,101360.0
2008-07-10 01:00:00,14.88,16.6,101350.0
2008-07-10 01:30:00,15.42,16.450000000000003,101330.0
2008-07-10 02:00:00,16.04,16.3,101310.0
2008-07-10 02:30:00,15.85,16.1,101330.0
2008-07-10 03:00:00,15.59,15.9,101350.0
2008-07-10 03:30:00,15.22,15.5,101350.0
2008-07-10 04:00:00,14.81,15.1,101350.0
2008-07-10 04:30:00,14.61,14.899999999999999,101390.0
2008-07-10 05:00:00,14.52,14.7,101430.0
2008-07-10 05:30:00,14.43,14.75,101465.0
2008-07-10 06:00:00,14.58,14.8,101500.0
2008-07-10 06:30:00,14.86,15.3,101515.0
2008-07-10 07:00:00,14.68,15.8,101530.0
2008-07-10 07:30:00,15.81,16.35,101560.0
2008-07-10 08:00:00,16.26,16.9,101590.0
2008-07-10 08:30:00,16.48,16.299999999999997,101590.0
2008-07-10 09:00:00,16.37,15.7,101590.0
2008-07-10 09:30:00,17.0,16.35,101615.00000000001
2008-07-10 10:00:00,17.69,17.0,101640.0
2008-07-10 10:30:00,18.13,17.65,101680.0
2008-07-10 11:00:00,18.73,18.3,101720.0
2008-07-10 11:30:00,18.55,19.1,101729.99999999999
2008-07-10 12:00:00,19.26,19.9,101740.0
2008-07-10 12:30:00,19.49,19.5,101750.0
2008-07-10 13:00:00,19.42,19.1,101760.0
2008-07-10 13:30:00,19.68,19.25,101755.0
2008-07-10 14:00:00,20.05,19.4,101750.0
2008-07-10 14:30:00,20.31,19.25,101770.00000000001
2008-07-10 15:00:00,20.02,19.1,101790.0
2008-07-10 15:30:00,19.98,19.05,101785.0
2008-07-10 16:00:00,19.84,19.0,101780.0
2008-07-10 16:30:00,19.5,18.95,101780.0
2008-07-10 17:00:00,19.88,18.9,101780.0
2008-07-10 17:30:00,19.84,18.6,101785.0
2008-07-10 18:00:00,20.47,18.3,101790.0
2008-07-10 18:30:00,20.62,18.1,101815.0
2008-07-10 19:00:00,20.19,17.9,101840.0
2008-07-10 19:30:00,18.74,17.65,101885.0
2008-07-10 20:00:00,17.4,17.4,101930.0
2008-07-10 20:30:00,16.88,17.25,101970.0
2008-07-10 21:00:00,16.44,17.1,102010.0
2008-07-10 21:30:00,16.04,17.0,102045.0
2008-07-10 22:00:00,15.26,16.9,102080.0
2008-07-10 22:30:00,15.05,15.7,102120.0
2008-07-10 23:00:00,14.56,14.5,102160.0
2008-07-10 23:30:00,13.97,14.4,102190.0
2008-07-11 00:00:00,13.47,14.3,102220.0
2008-07-11 00:30:00,12.83,13.350000000000001,102229.99999999999
2008-07-11 01:00:00,12.54,12.4,102240.0
2008-07-11 01:30:00,12.47,12.65,102265.0
2008-07-11 02:00:00,12.19,12.9,102290.0
2008-07-11 02:30:00,11.65,12.850000000000001,102315.0
2008-07-11 03:00:00,11.33,12.8,102340.0
2008-07-11 03:30:00,11.25,12.25,102360.0
2008-07-11 04:00:00,11.18,11.7,102380.0
2008-07-11 04:30:00,10.89,11.85,102405.0
2008-07-11 05:00:00,10.63,12.0,102430.0
2008-07-11 05:30:00,10.86,13.05,102440.0
2008-07-11 06:00:00,11.49,14.1,102450.0
2008-07-11 06:30:00,13.02,15.0,102470.0
2008-07-11 07:00:00,14.19,15.9,102490.0
2008-07-11 07:30:00,16.4,16.7,102505.0
2008-07-11 08:00:00,17.28,17.5,102520.0
2008-07-11 08:30:00,18.57,17.9,102505.0
2008-07-11 09:00:00,19.08,18.3,102490.0
2008-07-11 09:30:00,19.64,18.35,102485.0
2008-07-11 10:00:00,20.82,18.4,102480.0
2008-07-11 10:30:00,21.35,18.45,102470.0
2008-07-11 11:00:00,22.05,18.5,102460.0
2008-07-11 11:30:00,21.72,18.45,102455.0
2008-07-11 12:00:00,22.19,18.4,102450.0
2008-07-11 12:30:00,21.85,19.15,102420.0
2008-07-11 13:00:00,22.94,19.9,102390.0
2008-07-11 13:30:00,23.61,20.1,102380.0
2008-07-11 14:00:00,24.17,20.3,102370.0
2008-07-11 14:30:00,24.34,20.65,102345.0
2008-07-11 15:00:00,24.48,21.0,102320.0
2008-07-11 15:30:00,25.31,20.7,102285.0
2008-07-11 16:00:00,25.5,20.4,102250.0
2008-07-11 16:30:00,25.39,20.4,102220.0
2008-07-11 17:00:00,24.43,20.4,102190.0
2008-07-11 17:30:00,24.07,20.45,102160.0
2008-07-11 18:00:00,24.62,20.5,102130.0
2008-07-11 18:30:00,24.16,19.65,102120.0
2008-07-11 19:00:00,22.81,18.8,102110.0
2008-07-11 19:30:00,21.5,18.25,102090.0
2008-07-11 20:00:00,20.63,17.7,102070.0
2008-07-11 20:30:00,19.69,17.4,102095.0
2008-07-11 21:00:00,18.76,17.1,102120.0
2008-07-11 21:30:00,18.24,17.1,102105.0
2008-07-11 22:00:00,18.18,17.1,102090.0
2008-07-11 22:30:00,17.6,16.950000000000003,102090.0
2008-07-11 23:00:00,16.65,16.8,102090.0
2008-07-11 23:30:00,16.37,16.2,102095.0
2008-07-12 00:00:00,15.69,15.6,102100.0
2008-07-12 00:30:00,15.33,15.0,102104.99999999999
2008-07-12 01:00:00,15.18,14.4,102110.0
2008-07-12 01:30:00,14.61,14.5,102115.00000000001
2008-07-12 02:00:00,14.18,14.6,102120.0
2008-07-12 02:30:00,14.47,14.1,102135.0
2008-07-12 03:00:00,14.44,13.6,102150.0
2008-07-12 03:30:00,14.01,13.6,102155.0
2008-07-12 04:00:00,13.92,13.6,102160.0
2008-07-12 04:30:00,13.9,14.45,102180.0
2008-07-12 05:00:00,13.92,15.3,102200.0
2008-07-12 05:30:00,14.26,16.25,102215.0
2008-07-12 06:00:00,14.68,17.2,102230.0
2008-07-12 06:30:00,15.73,18.0,102230.0
2008-07-12 07:00:00,17.34,18.8,102230.0
2008-07-12 07:30:00,19.37,19.5,102225.0
2008-07-12 08:00:00,20.61,20.2,102220.0
2008-07-12 08:30:00,21.2,20.4,102229.99999999999
2008-07-12 09:00:00,21.59,20.6,102240.0
2008-07-12 09:30:00,22.52,20.700000000000003,102229.99999999999
2008-07-12 10:00:00,23.4,20.8,102220.0
2008-07-12 10:30:00,24.04,20.950000000000003,102210.00000000001
2008-07-12 11:00:00,24.31,21.1,102200.0
2008-07-12 11:30:00,25.38,21.200000000000003,102200.0
2008-07-12 12:00:00,25.1,21.3,102200.0
2008-07-12 12:30:00,25.22,21.8,102180.0
2008-07-12 13:00:00,26.07,22.3,102160.0
2008-07-12 13:30:00,26.78,22.200000000000003,102145.0
2008-07-12 14:00:00,27.0,22.1,102130.0
2008-07-12 14:30:00,26.94,22.6,102100.0
2008-07-12 15:00:00,27.21,23.1,102070.0
2008-07-12 15:30:00,27.1,23.8,102039.99999999999
2008-07-12 16:00:00,26.73,24.5,102010.0
2008-07-12 16:30:00,26.77,24.8,101975.0
2008-07-12 17:00:00,26.95,25.1,101940.0
2008-07-12 17:30:00,27.52,24.65,101914.99999999999
2008-07-12 18:00:00,27.37,24.2,101890.0
2008-07-12 18:30:00,27.51,24.1,101865.00000000001
2008-07-12 19:00:00,26.84,24.0,101840.0
2008-07-12 19:30:00,25.3,23.75,101830.0
2008-07-12 20:00:00,24.47,23.5,101820.0
2008-07-12 20:30:00,23.09,21.9,101824.99999999999
2008-07-12 21:00:00,22.08,20.3,101830.0
2008-07-12 21:30:00,21.46,20.200000000000003,101824.99999999999
2008-07-12 22:00:00,20.54,20.1,101820.0
2008-07-12 22:30:00,20.4,20.35,101815.0
2008-07-12 23:00:00,20.41,20.6,101810.0
2008-07-12 23:30:00,20.05,19.65,101810.0
2008-07-13 00:00:00,19.18,18.7,101810.0
2008-07-13 00:30:00,18.16,17.35,101805.0
2008-07-13 01:00:00,17.17,16.0,101800.0
2008-07-13 01:30:00,16.74,15.85,101805.0
2008-07-13 02:00:00,16.48,15.7,101810.0
2008-07-13 02:30:00,15.68,15.5,101825.0
2008-07-13 03:00:00,15.46,15.3,101840.0
2008-07-13 03:30:00,15.19,15.05,101845.0
2008-07-13 04:00:00,14.43,14.8,101850.0
2008-07-13 04:30:00,13.96,15.05,101865.0
2008-07-13 05:00:00,14.1,15.3,101880.0
2008-07-13 05:30:00,14.15,16.55,101900.0
2008-07-13 06:00:00,15.01,17.8,101920.0
2008-07-13 06:30:00,16.52,17.950000000000003,101925.00000000001
2008-07-13 07:00:00,17.18,18.1,101930.0
2008-07-13 07:30:00,18.45,18.700000000000003,101920.0
2008-07-13 08:00:00,19.3,19.3,101910.0
2008-07-13 08:30:00,19.92,20.05,101895.0
2008-07-13 09:00:00,20.75,20.8,101880.0
2008-07-13 09:30:00,21.66,20.950000000000003,101875.0
2008-07-13 10:00:00,22.07,21.1,101870.0
2008-07-13 10:30:00,22.51,20.9,101855.0
2008-07-13 11:00:00,23.63,20.7,101840.0
2008-07-13 11:30:00,24.12,20.7,101820.0
2008-07-13 12:00:00,25.4,20.7,101800.0
2008-07-13 12:30:00,26.29,21.799999999999997,101770.0
2008-07-13 13:00:00,25.71,22.9,101740.0
2008-07-13 13:30:00,25.84,22.799999999999997,101725.0
2008-07-13 14:00:00,26.16,22.7,101710.0
2008-07-13 14:30:00,26.34,22.95,101685.0
2008-07-13 15:00:00,26.31,23.2,101660.0
2008-07-13 15:30:00,26.35,23.25,101620.0
2008-07-13 16:00:00,26.81,23.3,101580.0
2008-07-13 16:30:00,26.45,23.4,101555.0
2008-07-13 17:00:00,26.24,23.5,101530.0
2008-07-13 17:30:00,26.6,23.1,101505.0
2008-07-13 18:00:00,26.18,22.7,101480.0
2008-07-13 18:30:00,25.39,22.0,101460.00000000001
2008-07-13 19:00:00,24.61,21.3,101440.0
2008-07-13 19:30:00,23.32,20.9,101430.0
2008-07-13 20:00:00,22.45,20.5,101420.0
2008-07-13 20:30:00,20.87,19.8,101440.0
2008-07-13 21:00:00,19.72,19.1,101460.0
2008-07-13 21:30:00,18.7,19.15,101475.0
2008-07-13 22:00:00,18.03,19.2,101490.0
2008-07-13 22:30:00,17.43,17.25,101495.0
2008-07-13 23:00:00,16.73,15.3,101500.0
2008-07-13 23:30:00,16.07,14.8,101500.0
2008-07-14 00:00:00,15.53,14.3,101500.0
2008-07-14 00:30:00,15.01,14.2,101509.99999999999
2008-07-14 01:00:00,14.82,14.1,101520.0
2008-07-14 01:30:00,14.59,13.899999999999999,101525.0
2008-07-14 02:00:00,14.35,13.7,101530.0
2008-07-14 02:30:00,14.31,13.649999999999999,101530.0
2008-07-14 03:00:00,14.23,13.6,101530.0
2008-07-14 03:30:00,14.17,13.55,101545.0
2008-07-14 04:00:00,13.96,13.5,101560.0
2008-07-14 04:30:00,13.43,13.65,101575.0
2008-07-14 05:00:00,13.63,13.8,101590.0
2008-07-14 05:30:00,13.88,14.4,101610.0
2008-07-14 06:00:00,14.19,15.0,101630.0
2008-07-14 06:30:00,14.79,15.7,101640.0
2008-07-14 07:00:00,15.3,16.4,101650.0
2008-07-14 07:30:00,16.68,17.1,101655.0
2008-07-14 08:00:00,17.51,17.8,101660.0
2008-07-14 08:30:00,17.95,18.4,101655.0
2008-07-14 09:00:00,18.99,19.0,101650.0
2008-07-14 09:30:00,19.58,19.6,101645.00000000001
2008-07-14 10:00:00,21.05,20.2,101640.0
2008-07-14 10:30:00,21.25,21.0,101634.99999999999
2008-07-14 11:00:00,21.04,21.8,101630.0
2008-07-14 11:30:00,22.67,21.35,101630.0
2008-07-14 12:00:00,23.43,20.9,101630.0
2008-07-14 12:30:00,23.91,21.15,101625.0
2008-07-14 13:00:00,25.06,21.4,101620.0
2008-07-14 13:30:00,24.83,22.4,101585.00000000001
2008-07-14 14:00:00,25.35,23.4,101550.0
2008-07-14 14:30:00,25.74,22.25,101535.0
2008-07-14 15:00:00,24.76,21.1,101520.0
2008-07-14 15:30:00,23.04,21.6,101509.99999999999
2008-07-14 16:00:00,23.69,22.1,101500.0
2008-07-14 16:30:00,22.82,22.75,101475.0
2008-07-14 17:00:00,23.32,23.4,101450.0
2008-07-14 17:30:00,24.07,22.25,101420.0
2008-07-14 18:00:00,24.17,21.1,101390.0
2008-07-14 18:30:00,23.88,20.9,101365.00000000001
2008-07-14 19:00:00,23.33,20.7,101340.0
2008-07-14 19:30:00,21.74,19.5,101355.0
2008-07-14 20:00:00,20.25,18.3,101370.0
2008-07-14 20:30:00,19.32,17.35,101395.00000000001
2008-07-14 21:00:00,18.62,16.4,101420.0
2008-07-14 21:30:00,18.02,16.5,101420.0
2008-07-14 22:00:00,17.59,16.6,101420.0
2008-07-14 22:30:00,17.44,17.0,101420.0
2008-07-14 23:00:00,17.5,17.4,101420.0
2008-07-14 23:30:00,17.65,17.2,101430.0
2008-07-15 00:00:00,16.65,17.0,101440.0
2008-07-15 00:30:00,15.89,16.25,101460.00000000001
2008-07-15 01:00:00,15.33,15.5,101480.0
2008-07-15 01:30:00,14.84,14.35,101495.0
2008-07-15 02:00:00,14.45,13.2,101510.0
2008-07-15 02:30:00,14.03,13.149999999999999,101515.0
2008-07-15 03:00:00,13.55,13.1,101520.0
2008-07-15 03:30:00,13.5,13.35,101530.0
2008-07-15 04:00:00,13.35,13.6,101540.0
2008-07-15 04:30:00,13.08,13.3,101545.0
2008-07-15 05:00:00,12.96,13.0,101550.0
2008-07-15 05:30:00,13.44,13.85,101574.99999999999
2008-07-15 06:00:00,14.08,14.7,101600.0
2008-07-15 06:30:00,14.14,15.3,101615.0
2008-07-15 07:00:00,14.77,15.9,101630.0
2008-07-15 07:30:00,16.47,16.65,101634.99999999999
2008-07-15 08:00:00,16.56,17.4,101640.0
2008-07-15 08:30:00,18.35,18.15,101650.0
2008-07-15 09:00:00,19.03,18.9,101660.0
2008-07-15 09:30:00,20.28,19.7,101655.0
2008-07-15 10:00:00,20.53,20.5,101650.0
2008-07-15 10:30:00,21.85,20.65,101645.00000000001
2008-07-15 11:00:00,22.0,20.8,101640.0
2008-07-15 11:30:00,22.65,20.950000000000003,101640.0
2008-07-15 12:00:00,23.75,21.1,101640.0
2008-07-15 12:30:00,24.57,20.9,101640.0
2008-07-15 13:00:00,25.02,20.7,101640.0
2008-07-15 13:30:00,24.93,21.049999999999997,101630.0
2008-07-15 14:00:00,25.17,21.4,101620.0
2008-07-15 14:30:00,25.24,21.549999999999997,101610.0
2008-07-15 15:00:00,25.43,21.7,101600.0
2008-07-15 15:30:00,25.34,21.95,101585.0
2008-07-15 16:00:00,25.35,22.2,101570.0
2008-07-15 16:30:00,25.37,22.0,101560.0
2008-07-15 17:00:00,24.85,21.8,101550.0
2008-07-15 17:30:00,24.82,21.9,101539.99999999999
2008-07-15 18:00:00,24.71,22.0,101530.0
2008-07-15 18:30:00,24.45,21.25,101530.0
2008-07-15 19:00:00,23.71,20.5,101530.0
2008-07-15 19:30:00,22.36,19.7,101530.0
2008-07-15 20:00:00,21.71,18.9,101530.0
2008-07-15 20:30:00,21.23,18.25,101539.99999999999
2008-07-15 21:00:00,20.4,17.6,101550.0
2008-07-15 21:30:00,19.78,18.4,101560.0
2008-07-15 22:00:00,19.25,19.2,101570.0
2008-07-15 22:30:00,18.69,19.049999999999997,101580.0
2008-07-15 23:00:00,18.13,18.9,101590.0
2008-07-15 23:30:00,18.01,18.299999999999997,101610.0
2008-07-16 00:00:00,17.58,17.7,101630.0
2008-07-16 00:30:00,16.42,17.1,101645.0
2008-07-16 01:00:00,15.63,16.5,101660.0
2008-07-16 01:30:00,15.4,15.8,101680.0
2008-07-16 02:00:00,14.86,15.1,101700.0
2008-07-16 02:30:00,14.23,14.5,101710.00000000001
2008-07-16 03:00:00,14.37,13.9,101720.0
2008-07-16 03:30:00,14.14,13.8,101740.00000000001
2008-07-16 04:00:00,13.95,13.7,101760.0
2008-07-16 04:30:00,13.74,13.399999999999999,101780.0
2008-07-16 05:00:00,13.93,13.1,101800.0
2008-07-16 05:30:00,14.26,14.35,101830.0
2008-07-16 06:00:00,14.68,15.6,101860.0
2008-07-16 06:30:00,15.29,16.35,101890.0
2008-07-16 07:00:00,15.79,17.1,101920.0
2008-07-16 07:30:00,16.98,17.65,101950.0
2008-07-16 08:00:00,17.67,18.2,101980.0
2008-07-16 08:30:00,18.49,18.75,101990.00000000001
2008-07-16 09:00:00,19.28,19.3,102000.0
2008-07-16 09:30:00,20.25,19.85,102005.0
2008-07-16 10:00:00,20.88,20.4,102010.0
2008-07-16 10:30:00,21.84,20.4,102030.0
2008-07-16 11:00:00,22.26,20.4,102050.0
2008-07-16 11:30:00,23.1,20.65,102055.0
2008-07-16 12:00:00,23.93,20.9,102060.0
2008-07-16 12:30:00,24.64,21.45,102055.0
2008-07-16 13:00:00,24.05,22.0,102050.0
2008-07-16 13:30:00,24.05,22.1,102039.99999999999
2008-07-16 14:00:00,24.14,22.2,102030.0
2008-07-16 14:30:00,24.63,22.65,102009.99999999999
2008-07-16 15:00:00,25.0,23.1,101990.0
2008-07-16 15:30:00,25.14,23.4,101970.0
2008-07-16 16:00:00,25.44,23.7,101950.0
2008-07-16 16:30:00,25.16,23.75,101925.00000000001
2008-07-16 17:00:00,25.13,23.8,101900.0
2008-07-16 17:30:00,25.33,23.55,101880.0
2008-07-16 18:00:00,24.98,23.3,101860.0
2008-07-16 18:30:00,24.58,22.9,101850.0
2008-07-16 19:00:00,23.78,22.5,101840.0
2008-07-16 19:30:00,21.85,20.85,101845.0
2008-07-16 20:00:00,20.79,19.2,101850.0
2008-07-16 20:30:00,19.7,18.35,101870.0
2008-07-16 21:00:00,18.97,17.5,101890.0
2008-07-16 21:30:00,18.46,17.8,101890.0
2008-07-16 22:00:00,17.96,18.1,101890.0
2008-07-16 22:30:00,17.24,17.8,101895.00000000001
2008-07-16 23:00:00,16.97,17.5,101900.0
2008-07-16 23:30:00,16.81,17.0,101905.0
2008-07-17 00:00:00,16.36,16.5,101910.0
2008-07-17 00:30:00,15.95,15.95,101920.0
2008-07-17 01:00:00,15.61,15.4,101930.0
2008-07-17 01:30:00,15.14,15.15,101925.00000000001
2008-07-17 02:00:00,14.56,14.9,101920.0
2008-07-17 02:30:00,14.06,14.55,101930.0
2008-07-17 03:00:00,13.77,14.2,101940.0
2008-07-17 03:30:00,13.39,13.85,101940.0
2008-07-17 04:00:00,13.04,13.5,101940.0
2008-07-17 04:30:00,12.75,13.45,101955.0
2008-07-17 05:00:00,12.57,13.4,101970.0
2008-07-17 05:30:00,12.67,13.8,101979.99999999999
2008-07-17 06:00:00,12.95,14.2,101990.0
2008-07-17 06:30:00,13.48,14.7,102000.0
2008-07-17 07:00:00,14.25,15.2,102010.0
2008-07-17 07:30:00,15.45,15.9,102005.0
2008-07-17 08:00:00,16.22,16.6,102000.0
2008-07-17 08:30:00,16.97,17.3,102000.0
2008-07-17 09:00:00,17.82,18.0,102000.0
2008-07-17 09:30:00,18.95,18.45,101995.0
2008-07-17 10:00:00,19.57,18.9,101990.0
2008-07-17 10:30:00,19.95,19.4,101979.99999999999
2008-07-17 11:00:00,20.49,19.9,101970.0
2008-07-17 11:30:00,21.27,20.2,101960.00000000001
2008-07-17 12:00:00,21.48,20.5,101950.0
2008-07-17 12:30:00,22.55,20.25,101935.0
2008-07-17 13:00:00,21.91,20.0,101920.0
2008-07-17 13:30:00,21.94,20.15,101910.0
2008-07-17 14:00:00,22.24,20.3,101900.0
2008-07-17 14:30:00,22.71,20.3,101880.0
2008-07-17 15:00:00,22.34,20.3,101860.0
2008-07-17 15:30:00,22.27,20.75,101835.00000000001
2008-07-17 16:00:00,22.07,21.2,101810.0
2008-07-17 16:30:00,22.85,20.75,101780.0
2008-07-17 17:00:00,22.0,20.3,101750.0
2008-07-17 17:30:00,22.08,20.5,101720.0
2008-07-17 18:00:00,22.01,20.7,101690.0
2008-07-17 18:30:00,21.94,20.5,101685.0
2008-07-17 19:00:00,21.26,20.3,101680.0
2008-07-17 19:30:00,19.73,19.65,101680.0
2008-07-17 20:00:00,18.95,19.0,101680.0
2008-07-17 20:30:00,18.13,18.55,101685.0
2008-07-17 21:00:00,17.3,18.1,101690.0
2008-07-17 21:30:00,16.74,17.5,101690.0
2008-07-17 22:00:00,16.27,16.9,101690.0
2008-07-17 22:30:00,15.93,16.5,101695.0
2008-07-17 23:00:00,15.69,16.1,101700.0
2008-07-17 23:30:00,15.26,15.55,101700.0
2008-07-18 00:00:00,14.85,15.0,101700.0
2008-07-18 00:30:00,14.47,14.6,101690.0
2008-07-18 01:00:00,13.93,14.2,101680.0
2008-07-18 01:30:00,13.6,13.45,101685.0
2008-07-18 02:00:00,13.33,12.7,101690.0
2008-07-18 02:30:00,13.08,12.649999999999999,101695.0
2008-07-18 03:00:00,12.95,12.6,101700.0
2008-07-18 03:30:00,12.87,12.6,101715.0
2008-07-18 04:00:00,12.81,12.6,101730.0
2008-07-18 04:30:00,12.67,12.899999999999999,101750.0
2008-07-18 05:00:00,12.54,13.2,101770.0
2008-07-18 05:30:00,12.86,13.6,101775.0
2008-07-18 06:00:00,13.18,14.0,101780.0
2008-07-18 06:30:00,14.05,14.4,101795.0
2008-07-18 07:00:00,14.49,14.8,101810.0
2008-07-18 07:30:00,15.5,15.05,101830.0
2008-07-18 08:00:00,17.02,15.3,101850.0
2008-07-18 08:30:00,16.59,15.8,101865.0
2008-07-18 09:00:00,16.36,16.3,101880.0
2008-07-18 09:30:00,17.75,17.0,101890.0
2008-07-18 10:00:00,18.82,17.7,101900.0
2008-07-18 10:30:00,18.41,18.2,101915.0
2008-07-18 11:00:00,18.71,18.7,101930.0
2008-07-18 11:30:00,19.08,19.0,101930.0
2008-07-18 12:00:00,20.55,19.3,101930.0
2008-07-18 12:30:00,20.2,19.35,101930.0
2008-07-18 13:00:00,20.89,19.4,101930.0
2008-07-18 13:30:00,19.5,20.049999999999997,101925.00000000001
2008-07-18 14:00:00,19.64,20.7,101920.0
2008-07-18 14:30:00,19.68,20.6,101905.0
2008-07-18 15:00:00,20.55,20.5,101890.0
2008-07-18 15:30:00,22.02,20.55,101870.0
2008-07-18 16:00:00,21.29,20.6,101850.0
2008-07-18 16:30:00,22.2,20.4,101830.0
2008-07-18 17:00:00,21.45,20.2,101810.0
2008-07-18 17:30:00,21.56,19.9,101789.99999999999
2008-07-18 18:00:00,21.18,19.6,101770.0
2008-07-18 18:30:00,20.68,19.3,101759.99999999999
2008-07-18 19:00:00,19.73,19.0,101750.0
2008-07-18 19:30:00,18.67,18.4,101745.0
2008-07-18 20:00:00,18.01,17.8,101740.0
2008-07-18 20:30:00,17.45,17.55,101745.0
2008-07-18 21:00:00,16.86,17.3,101750.0
2008-07-18 21:30:00,16.26,16.65,101755.0
2008-07-18 22:00:00,15.69,16.0,101760.0
2008-07-18 22:30:00,15.48,15.35,101760.0
2008-07-18 23:00:00,15.18,14.7,101760.0
2008-07-18 23:30:00,14.74,14.2,101755.0
2008-07-19 00:00:00,14.11,13.7,101750.0
2008-07-19 00:30:00,13.78,13.8,101745.0
2008-07-19 01:00:00,13.45,13.9,101740.0
2008-07-19 01:30:00,13.15,14.15,101725.0
2008-07-19 02:00:00,12.84,14.4,101710.0
2008-07-19 02:30:00,12.88,13.600000000000001,101715.0
2008-07-19 03:00:00,12.61,12.8,101720.0
2008-07-19 03:30:00,12.2,12.850000000000001,101720.0
2008-07-19 04:00:00,11.82,12.9,101720.0
2008-07-19 04:30:00,12.0,12.65,101720.0
2008-07-19 05:00:00,11.98,12.4,101720.0
2008-07-19 05:30:00,12.07,13.3,101729.99999999999
2008-07-19 06:00:00,12.88,14.2,101740.0
2008-07-19 06:30:00,13.82,14.5,101740.0
2008-07-19 07:00:00,14.17,14.8,101740.0
2008-07-19 07:30:00,15.35,15.5,101745.0
2008-07-19 08:00:00,16.15,16.2,101750.0
2008-07-19 08:30:00,17.1,16.95,101745.0
2008-07-19 09:00:00,17.72,17.7,101740.0
2008-07-19 09:30:00,18.61,18.5,101729.99999999999
2008-07-19 10:00:00,20.34,19.3,101720.0
2008-07-19 10:30:00,20.38,19.3,101705.0
2008-07-19 11:00:00,21.25,19.3,101690.0
2008-07-19 11:30:00,21.47,20.0,101670.0
2008-07-19 12:00:00,22.47,20.7,101650.0
2008-07-19 12:30:00,22.51,21.6,101630.0
2008-07-19 13:00:00,23.78,22.5,101610.0
2008-07-19 13:30:00,24.27,22.45,101585.00000000001
2008-07-19 14:00:00,24.61,22.4,101560.0
2008-07-19 14:30:00,24.81,22.7,101530.0
2008-07-19 15:00:00,24.49,23.0,101500.0
2008-07-19 15:30:00,24.73,22.75,101475.0
2008-07-19 16:00:00,24.79,22.5,101450.0
2008-07-19 16:30:00,24.75,22.3,101425.00000000001
2008-07-19 17:00:00,23.97,22.1,101400.0
2008-07-19 17:30:00,23.35,21.5,101385.0
2008-07-19 18:00:00,22.44,20.9,101370.0
2008-07-19 18:30:00,22.52,20.7,101355.0
2008-07-19 19:00:00,21.91,20.5,101340.0
2008-07-19 19:30:00,20.39,20.45,101325.0
2008-07-19 20:00:00,19.76,20.4,101310.0
2008-07-19 20:30:00,19.25,19.6,101325.0
2008-07-19 21:00:00,18.7,18.8,101340.0
2008-07-19 21:30:00,18.24,17.700000000000003,101345.0
2008-07-19 22:00:00,17.12,16.6,101350.0
2008-07-19 22:30:00,16.55,15.950000000000001,101350.0
2008-07-19 23:00:00,16.07,15.3,101350.0
2008-07-19 23:30:00,15.84,15.45,101345.0
2008-07-20 00:00:00,15.24,15.6,101340.0
2008-07-20 00:30:00,14.91,14.899999999999999,101350.0
2008-07-20 01:00:00,14.77,14.2,101360.0
2008-07-20 01:30:00,14.72,14.2,101375.0
2008-07-20 02:00:00,14.56,14.2,101390.0
2008-07-20 02:30:00,14.09,13.399999999999999,101405.0
2008-07-20 03:00:00,13.6,12.6,101420.0
2008-07-20 03:30:00,13.31,12.3,101430.0
2008-07-20 04:00:00,13.06,12.0,101440.0
2008-07-20 04:30:00,12.8,12.55,101449.99999999999
2008-07-20 05:00:00,12.75,13.1,101460.0
2008-07-20 05:30:00,12.82,13.399999999999999,101475.0
2008-07-20 06:00:00,13.11,13.7,101490.0
2008-07-20 06:30:00,13.37,14.25,101500.0
2008-07-20 07:00:00,13.86,14.8,101510.0
2008-07-20 07:30:00,15.09,15.6,101530.0
2008-07-20 08:00:00,16.53,16.4,101550.0
2008-07-20 08:30:00,17.51,16.9,101545.0
2008-07-20 09:00:00,18.19,17.4,101540.0
2008-07-20 09:30:00,19.03,18.2,101525.0
2008-07-20 10:00:00,19.38,19.0,101510.0
2008-07-20 10:30:00,20.11,19.8,101505.0
2008-07-20 11:00:00,20.96,20.6,101500.0
2008-07-20 11:30:00,21.63,21.4,101485.0
2008-07-20 12:00:00,22.29,22.2,101470.0
2008-07-20 12:30:00,23.1,22.4,101450.0
2008-07-20 13:00:00,22.93,22.6,101430.0
2008-07-20 13:30:00,24.09,23.35,101405.0
2008-07-20 14:00:00,25.25,24.1,101380.0
2008-07-20 14:30:00,25.73,24.65,101345.0
2008-07-20 15:00:00,26.16,25.2,101310.0
2008-07-20 15:30:00,26.57,25.0,101289.99999999999
2008-07-20 16:00:00,26.3,24.8,101270.0
2008-07-20 16:30:00,25.79,24.55,101250.0
2008-07-20 17:00:00,25.06,24.3,101230.0
2008-07-20 17:30:00,24.98,24.1,101225.0
2008-07-20 18:00:00,24.64,23.9,101220.0
2008-07-20 18:30:00,24.53,23.549999999999997,101210.00000000001
2008-07-20 19:00:00,23.57,23.2,101200.0
2008-07-20 19:30:00,22.08,21.35,101210.00000000001
2008-07-20 20:00:00,20.91,19.5,101220.0
2008-07-20 20:30:00,19.59,18.15,101225.0
2008-07-20 21:00:00,18.68,16.8,101230.0
2008-07-20 21:30:00,18.37,17.5,101240.00000000001
2008-07-20 22:00:00,17.99,18.2,101250.0
2008-07-20 22:30:00,17.5,17.25,101265.0
2008-07-20 23:00:00,16.87,16.3,101280.0
2008-07-20 23:30:00,16.47,16.05,101295.0
2008-07-21 00:00:00,15.9,15.8,101310.0
2008-07-21 00:30:00,15.23,15.45,101305.0
2008-07-21 01:00:00,14.93,15.1,101300.0
2008-07-21 01:30:00,14.55,15.0,101330.0
2008-07-21 02:00:00,14.15,14.9,101360.0
2008-07-21 02:30:00,14.33,14.45,101380.0
2008-07-21 03:00:00,14.25,14.0,101400.0
2008-07-21 03:30:00,13.83,13.25,101420.0
2008-07-21 04:00:00,13.49,12.5,101440.0
2008-07-21 04:30:00,13.23,13.05,101455.0
2008-07-21 05:00:00,13.13,13.6,101470.0
2008-07-21 05:30:00,13.48,14.0,101500.0
2008-07-21 06:00:00,13.84,14.4,101530.0
2008-07-21 06:30:00,14.34,14.65,101545.0
2008-07-21 07:00:00,14.94,14.9,101560.0
2008-07-21 07:30:00,16.15,15.95,101575.0
2008-07-21 08:00:00,17.36,17.0,101590.0
2008-07-21 08:30:00,18.05,17.5,101600.0
2008-07-21 09:00:00,18.98,18.0,101610.0
2008-07-21 09:30:00,19.33,18.75,101604.99999999999
2008-07-21 10:00:00,20.88,19.5,101600.0
2008-07-21 10:30:00,21.42,20.05,101585.0
2008-07-21 11:00:00,20.87,20.6,101570.0
2008-07-21 11:30:00,22.55,21.35,101560.0
2008-07-21 12:00:00,22.88,22.1,101550.0
2008-07-21 12:30:00,23.35,20.85,101550.0
2008-07-21 13:00:00,23.7,19.6,101550.0
2008-07-21 13:30:00,23.46,20.0,101525.0
2008-07-21 14:00:00,23.6,20.4,101500.0
2008-07-21 14:30:00,24.08,21.2,101485.0
2008-07-21 15:00:00,23.92,22.0,101470.0
2008-07-21 15:30:00,24.19,22.35,101445.0
2008-07-21 16:00:00,24.49,22.7,101420.0
2008-07-21 16:30:00,24.33,22.65,101384.99999999999
2008-07-21 17:00:00,23.98,22.6,101350.0
2008-07-21 17:30:00,24.45,22.15,101330.0
2008-07-21 18:00:00,24.19,21.7,101310.0
2008-07-21 18:30:00,24.0,21.0,101305.0
2008-07-21 19:00:00,22.84,20.3,101300.0
2008-07-21 19:30:00,21.44,19.6,101305.0
2008-07-21 20:00:00,20.48,18.9,101310.0
2008-07-21 20:30:00,19.73,18.35,101325.0
2008-07-21 21:00:00,18.77,17.8,101340.0
2008-07-21 21:30:00,17.88,17.15,101335.00000000001
2008-07-21 22:00:00,17.4,16.5,101330.0
2008-07-21 22:30:00,17.08,16.35,101340.0
2008-07-21 23:00:00,16.5,16.2,101350.0
2008-07-21 23:30:00,15.94,15.95,101340.0
2008-07-22 00:00:00,15.5,15.7,101330.0
2008-07-22 00:30:00,15.11,14.85,101340.0
2008-07-22 01:00:00,14.82,14.0,101350.0
2008-07-22 01:30:00,14.44,14.1,101365.0
2008-07-22 02:00:00,14.37,14.2,101380.0
2008-07-22 02:30:00,14.44,14.55,101395.0
2008-07-22 03:00:00,14.5,14.9,101410.0
2008-07-22 03:30:00,14.32,15.0,101425.0
2008-07-22 04:00:00,14.78,15.1,101440.0
2008-07-22 04:30:00,14.46,14.899999999999999,101460.00000000001
2008-07-22 05:00:00,14.3,14.7,101480.0
2008-07-22 05:30:00,14.32,14.8,101515.0
2008-07-22 06:00:00,14.29,14.9,101550.0
2008-07-22 06:30:00,14.37,14.95,101574.99999999999
2008-07-22 07:00:00,14.58,15.0,101600.0
2008-07-22 07:30:00,14.99,15.15,101625.0
2008-07-22 08:00:00,15.94,15.3,101650.0
2008-07-22 08:30:00,16.21,15.950000000000001,101660.0
2008-07-22 09:00:00,16.23,16.6,101670.0
2008-07-22 09:30:00,16.1,17.5,101680.0
2008-07-22 10:00:00,16.36,18.4,101690.0
2008-07-22 10:30:00,16.49,18.85,101685.0
2008-07-22 11:00:00,16.67,19.3,101680.0
2008-07-22 11:30:00,17.49,19.1,101680.0
2008-07-22 12:00:00,19.34,18.9,101680.0
2008-07-22 12:30:00,21.27,19.45,101690.0
2008-07-22 13:00:00,20.03,20.0,101700.0
2008-07-22 13:30:00,20.18,20.35,101705.0
2008-07-22 14:00:00,20.49,20.7,101710.0
2008-07-22 14:30:00,20.72,20.15,101715.0
2008-07-22 15:00:00,21.34,19.6,101720.0
2008-07-22 15:30:00,20.82,19.75,101720.0
2008-07-22 16:00:00,20.72,19.9,101720.0
2008-07-22 16:30:00,20.08,19.7,101715.0
2008-07-22 17:00:00,19.86,19.5,101710.0
2008-07-22 17:30:00,20.09,19.2,101710.0
2008-07-22 18:00:00,19.83,18.9,101710.0
2008-07-22 18:30:00,19.09,18.549999999999997,101720.0
2008-07-22 19:00:00,18.57,18.2,101730.0
2008-07-22 19:30:00,17.38,17.549999999999997,101745.0
2008-07-22 20:00:00,16.71,16.9,101760.0
2008-07-22 20:30:00,16.1,16.049999999999997,101800.00000000001
2008-07-22 21:00:00,15.85,15.2,101840.0
2008-07-22 21:30:00,15.74,15.7,101845.0
2008-07-22 22:00:00,15.67,16.2,101850.0
2008-07-22 22:30:00,15.67,15.85,101860.0
2008-07-22 23:00:00,15.59,15.5,101870.0
2008-07-22 23:30:00,15.63,15.6,101870.0
2008-07-23 00:00:00,15.69,15.7,101870.0
2008-07-23 00:30:00,15.55,15.6,101870.0
2008-07-23 01:00:00,15.37,15.5,101870.0
2008-07-23 01:30:00,15.23,15.45,101880.0
2008-07-23 02:00:00,15.15,15.4,101890.0
2008-07-23 02:30:00,15.12,15.350000000000001,101895.00000000001
2008-07-23 03:00:00,15.02,15.3,101900.0
2008-07-23 03:30:00,14.91,14.95,101920.0
2008-07-23 04:00:00,14.73,14.6,101940.0
2008-07-23 04:30:00,14.65,14.5,101955.0
2008-07-23 05:00:00,14.33,14.4,101970.0
2008-07-23 05:30:00,14.07,14.25,101995.0
2008-07-23 06:00:00,13.88,14.1,102020.0
2008-07-23 06:30:00,13.92,14.2,102035.0
2008-07-23 07:00:00,14.1,14.3,102050.0
2008-07-23 07:30:00,14.38,14.45,102070.0
2008-07-23 08:00:00,14.69,14.6,102090.0
2008-07-23 08:30:00,14.88,14.899999999999999,102105.0
2008-07-23 09:00:00,15.21,15.2,102120.0
2008-07-23 09:30:00,15.51,15.45,102135.0
2008-07-23 10:00:00,16.21,15.7,102150.0
2008-07-23 10:30:00,16.5,16.15,102165.0
2008-07-23 11:00:00,16.35,16.6,102180.0
2008-07-23 11:30:00,16.38,16.9,102170.0
2008-07-23 12:00:00,16.65,17.2,102160.0
2008-07-23 12:30:00,17.26,17.299999999999997,102155.0
2008-07-23 13:00:00,17.5,17.4,102150.0
2008-07-23 13:30:00,18.45,17.95,102135.0
2008-07-23 14:00:00,19.68,18.5,102120.0
2008-07-23 14:30:00,19.97,18.25,102120.0
2008-07-23 15:00:00,20.22,18.0,102120.0
2008-07-23 15:30:00,20.05,18.55,102120.0
2008-07-23 16:00:00,20.02,19.1,102120.0
2008-07-23 16:30:00,20.17,18.85,102115.00000000001
2008-07-23 17:00:00,19.62,18.6,102110.0
2008-07-23 17:30:00,19.36,18.35,102110.0
2008-07-23 18:00:00,19.2,18.1,102110.0
2008-07-23 18:30:00,18.3,17.6,102115.00000000001
2008-07-23 19:00:00,17.48,17.1,102120.0
2008-07-23 19:30:00,16.49,16.75,102125.0
2008-07-23 20:00:00,16.0,16.4,102130.0
2008-07-23 20:30:00,15.39,15.399999999999999,102145.0
2008-07-23 21:00:00,15.11,14.4,102160.0
2008-07-23 21:30:00,15.07,13.9,102160.0
2008-07-23 22:00:00,14.7,13.4,102160.0
2008-07-23 22:30:00,14.08,13.5,102164.99999999999
2008-07-23 23:00:00,14.01,13.6,102170.0
2008-07-23 23:30:00,13.82,13.35,102164.99999999999
2008-07-24 00:00:00,13.53,13.1,102160.0
2008-07-24 00:30:00,13.64,13.0,102155.0
2008-07-24 01:00:00,13.91,12.9,102150.0
2008-07-24 01:30:00,14.08,13.850000000000001,102145.00000000001
2008-07-24 02:00:00,14.19,14.8,102140.0
2008-07-24 02:30:00,14.27,14.600000000000001,102140.0
2008-07-24 03:00:00,14.29,14.4,102140.0
2008-07-24 03:30:00,14.2,14.4,102130.0
2008-07-24 04:00:00,14.24,14.4,102120.0
2008-07-24 04:30:00,14.26,14.7,102120.0
2008-07-24 05:00:00,14.29,15.0,102120.0
2008-07-24 05:30:00,14.4,15.0,102135.0
2008-07-24 06:00:00,14.57,15.0,102150.0
2008-07-24 06:30:00,14.81,15.3,102155.0
2008-07-24 07:00:00,14.99,15.6,102160.0
2008-07-24 07:30:00,15.73,15.8,102160.0
2008-07-24 08:00:00,16.12,16.0,102160.0
2008-07-24 08:30:00,16.6,16.3,102150.0
2008-07-24 09:00:00,17.43,16.6,102140.0
2008-07-24 09:30:00,18.11,17.25,102125.0
2008-07-24 10:00:00,19.49,17.9,102110.0
2008-07-24 10:30:00,20.8,18.299999999999997,102085.00000000001
2008-07-24 11:00:00,21.07,18.7,102060.0
2008-07-24 11:30:00,20.13,18.9,102039.99999999999
2008-07-24 12:00:00,21.51,19.1,102020.0
2008-07-24 12:30:00,22.05,19.35,101990.0
2008-07-24 13:00:00,22.08,19.6,101960.0
2008-07-24 13:30:00,22.56,20.35,101914.99999999999
2008-07-24 14:00:00,23.37,21.1,101870.0
2008-07-24 14:30:00,23.47,20.9,101835.00000000001
2008-07-24 15:00:00,23.74,20.7,101800.0
2008-07-24 15:30:00,23.59,21.049999999999997,101755.0
2008-07-24 16:00:00,24.12,21.4,101710.0
2008-07-24 16:30:00,24.68,21.0,101680.0
2008-07-24 17:00:00,23.14,20.6,101650.0
2008-07-24 17:30:00,23.86,20.450000000000003,101620.0
2008-07-24 18:00:00,24.4,20.3,101590.0
2008-07-24 18:30:00,24.38,20.05,101575.0
2008-07-24 19:00:00,21.6,19.8,101560.0
2008-07-24 19:30:00,20.11,19.700000000000003,101555.0
2008-07-24 20:00:00,19.34,19.6,101550.0
2008-07-24 20:30:00,18.65,19.05,101555.0
2008-07-24 21:00:00,17.96,18.5,101560.0
2008-07-24 21:30:00,17.45,18.3,101560.0
2008-07-24 22:00:00,16.95,18.1,101560.0
2008-07-24 22:30:00,16.49,16.8,101565.0
2008-07-24 23:00:00,16.12,15.5,101570.0
2008-07-24 23:30:00,15.95,15.05,101574.99999999999
2008-07-25 00:00:00,15.74,14.6,101580.0
2008-07-25 00:30:00,15.26,14.45,101574.99999999999
2008-07-25 01:00:00,14.75,14.3,101570.0
2008-07-25 01:30:00,14.49,14.65,101570.0
2008-07-25 02:00:00,14.24,15.0,101570.0
2008-07-25 02:30:00,13.8,14.45,101565.0
2008-07-25 03:00:00,13.6,13.9,101560.0
2008-07-25 03:30:00,13.6,14.100000000000001,101565.0
2008-07-25 04:00:00,13.84,14.3,101570.0
2008-07-25 04:30:00,14.04,14.0,101580.0
2008-07-25 05:00:00,13.9,13.7,101590.0
2008-07-25 05:30:00,14.12,14.399999999999999,101605.0
2008-07-25 06:00:00,14.72,15.1,101620.0
2008-07-25 06:30:00,15.25,15.899999999999999,101635.0
2008-07-25 07:00:00,15.68,16.7,101650.0
2008-07-25 07:30:00,16.93,17.549999999999997,101650.0
2008-07-25 08:00:00,18.48,18.4,101650.0
2008-07-25 08:30:00,18.99,18.7,101655.0
2008-07-25 09:00:00,20.45,19.0,101660.0
2008-07-25 09:30:00,20.66,19.35,101655.0
2008-07-25 10:00:00,20.49,19.7,101650.0
2008-07-25 10:30:00,20.34,19.45,101650.0
2008-07-25 11:00:00,20.75,19.2,101650.0
2008-07-25 11:30:00,20.1,19.1,101630.0
2008-07-25 12:00:00,20.26,19.0,101610.0
2008-07-25 12:30:00,19.98,19.25,101600.0
2008-07-25 13:00:00,20.58,19.5,101590.0
2008-07-25 13:30:00,20.52,20.95,101580.0
2008-07-25 14:00:00,22.21,22.4,101570.0
2008-07-25 14:30:00,23.41,22.2,101544.99999999999
2008-07-25 15:00:00,23.4,22.0,101520.0
2008-07-25 15:30:00,23.69,22.55,101505.0
2008-07-25 16:00:00,23.66,23.1,101490.0
2008-07-25 16:30:00,24.66,23.15,101475.0
2008-07-25 17:00:00,23.82,23.2,101460.0
2008-07-25 17:30:00,23.72,22.4,101455.0
2008-07-25 18:00:00,23.17,21.6,101450.0
2008-07-25 18:30:00,22.62,21.05,101455.0
2008-07-25 19:00:00,21.61,20.5,101460.0
2008-07-25 19:30:00,21.15,20.1,101455.0
2008-07-25 20:00:00,20.74,19.7,101450.0
2008-07-25 20:30:00,20.48,19.5,101465.0
2008-07-25 21:00:00,20.16,19.3,101480.0
2008-07-25 21:30:00,19.5,18.8,101490.00000000001
2008-07-25 22:00:00,18.98,18.3,101500.0
2008-07-25 22:30:00,18.57,17.85,101500.0
2008-07-25 23:00:00,18.15,17.4,101500.0
2008-07-25 23:30:00,17.66,17.65,101495.0
2008-07-26 00:00:00,17.64,17.9,101490.0
2008-07-26 00:30:00,17.79,17.5,101485.0
2008-07-26 01:00:00,17.52,17.1,101480.0
2008-07-26 01:30:00,17.33,16.6,101495.0
2008-07-26 02:00:00,16.5,16.1,101510.0
2008-07-26 02:30:00,15.78,15.850000000000001,101505.0
2008-07-26 03:00:00,15.49,15.6,101500.0
2008-07-26 03:30:00,15.22,15.6,101505.0
2008-07-26 04:00:00,15.57,15.6,101510.0
2008-07-26 04:30:00,15.65,15.5,101530.0
2008-07-26 05:00:00,15.46,15.4,101550.0
2008-07-26 05:30:00,15.4,15.45,101565.0
2008-07-26 06:00:00,15.62,15.5,101580.0
2008-07-26 06:30:00,15.66,16.3,101585.00000000001
2008-07-26 07:00:00,16.35,17.1,101590.0
2008-07-26 07:30:00,18.09,17.85,101605.0
2008-07-26 08:00:00,20.24,18.6,101620.0
2008-07-26 08:30:00,20.14,18.8,101620.0
2008-07-26 09:00:00,19.68,19.0,101620.0
2008-07-26 09:30:00,19.56,18.5,101635.0
2008-07-26 10:00:00,19.43,18.0,101650.0
2008-07-26 10:30:00,19.32,18.45,101655.0
2008-07-26 11:00:00,18.91,18.9,101660.0
2008-07-26 11:30:00,19.43,19.299999999999997,101640.0
2008-07-26 12:00:00,20.47,19.7,101620.0
2008-07-26 12:30:00,21.47,20.2,101605.0
2008-07-26 13:00:00,20.95,20.7,101590.0
2008-07-26 13:30:00,20.43,20.85,101585.00000000001
2008-07-26 14:00:00,20.46,21.0,101580.0
2008-07-26 14:30:00,20.33,21.25,101560.0
2008-07-26 15:00:00,21.01,21.5,101540.0
2008-07-26 15:30:00,21.79,21.45,101535.0
2008-07-26 16:00:00,21.65,21.4,101530.0
2008-07-26 16:30:00,21.72,21.1,101515.0
2008-07-26 17:00:00,21.66,20.8,101500.0
2008-07-26 17:30:00,21.22,20.450000000000003,101475.0
2008-07-26 18:00:00,21.17,20.1,101450.0
2008-07-26 18:30:00,20.39,19.85,101450.0
2008-07-26 19:00:00,19.89,19.6,101450.0
2008-07-26 19:30:00,19.58,18.55,101450.0
2008-07-26 20:00:00,19.08,17.5,101450.0
2008-07-26 20:30:00,18.68,17.95,101425.00000000001
2008-07-26 21:00:00,18.65,18.4,101400.0
2008-07-26 21:30:00,18.42,18.45,101390.0
2008-07-26 22:00:00,18.16,18.5,101380.0
2008-07-26 22:30:00,17.56,18.05,101365.0
2008-07-26 23:00:00,16.87,17.6,101350.0
2008-07-26 23:30:00,16.44,17.3,101350.0
2008-07-27 00:00:00,16.46,17.0,101350.0
2008-07-27 00:30:00,16.33,16.85,101340.0
2008-07-27 01:00:00,16.23,16.7,101330.0
2008-07-27 01:30:00,16.01,16.5,101324.99999999999
2008-07-27 02:00:00,16.13,16.3,101320.0
2008-07-27 02:30:00,15.96,16.05,101320.0
2008-07-27 03:00:00,15.67,15.8,101320.0
2008-07-27 03:30:00,15.56,15.75,101335.0
2008-07-27 04:00:00,15.53,15.7,101350.0
2008-07-27 04:30:00,15.15,15.5,101345.0
2008-07-27 05:00:00,14.78,15.3,101340.0
2008-07-27 05:30:00,14.91,15.3,101350.0
2008-07-27 06:00:00,14.88,15.3,101360.0
2008-07-27 06:30:00,14.97,15.600000000000001,101390.0
2008-07-27 07:00:00,15.14,15.9,101420.0
2008-07-27 07:30:00,15.11,16.05,101435.0
2008-07-27 08:00:00,14.84,16.2,101450.0
2008-07-27 08:30:00,15.01,16.35,101460.00000000001
2008-07-27 09:00:00,15.13,16.5,101470.0
2008-07-27 09:30:00,15.49,17.0,101479.99999999999
2008-07-27 10:00:00,15.81,17.5,101490.0
2008-07-27 10:30:00,16.44,18.3,101505.0
2008-07-27 11:00:00,17.17,19.1,101520.0
2008-07-27 11:30:00,19.0,19.75,101530.0
2008-07-27 12:00:00,20.05,20.4,101540.0
2008-07-27 12:30:00,19.46,20.4,101550.00000000001
2008-07-27 13:00:00,19.22,20.4,101560.0
2008-07-27 13:30:00,20.0,20.2,101565.0
2008-07-27 14:00:00,20.7,20.0,101570.0
2008-07-27 14:30:00,21.01,20.7,101565.0
2008-07-27 15:00:00,21.73,21.4,101560.0
2008-07-27 15:30:00,21.59,21.2,101539.99999999999
2008-07-27 16:00:00,22.28,21.0,101520.0
2008-07-27 16:30:00,22.25,21.0,101515.0
2008-07-27 17:00:00,21.52,21.0,101510.0
2008-07-27 17:30:00,21.51,20.1,101510.0
2008-07-27 18:00:00,19.71,19.2,101510.0
2008-07-27 18:30:00,18.88,18.4,101510.0
2008-07-27 19:00:00,18.05,17.6,101510.0
2008-07-27 19:30:00,17.06,17.0,101530.0
2008-07-27 20:00:00,16.67,16.4,101550.0
2008-07-27 20:30:00,16.16,15.75,101560.0
2008-07-27 21:00:00,15.9,15.1,101570.0
2008-07-27 21:30:00,15.67,15.149999999999999,101585.0
2008-07-27 22:00:00,15.48,15.2,101600.0
2008-07-27 22:30:00,14.96,14.95,101604.99999999999
2008-07-27 23:00:00,14.5,14.7,101610.0
2008-07-27 23:30:00,14.25,14.2,101620.0
2008-07-28 00:00:00,14.01,13.7,101630.0
2008-07-28 00:30:00,13.74,13.35,101634.99999999999
2008-07-28 01:00:00,13.44,13.0,101640.0
2008-07-28 01:30:00,13.03,12.85,101640.0
2008-07-28 02:00:00,12.56,12.7,101640.0
2008-07-28 02:30:00,12.19,11.899999999999999,101650.0
2008-07-28 03:00:00,11.91,11.1,101660.0
2008-07-28 03:30:00,11.47,11.0,101660.0
2008-07-28 04:00:00,11.3,10.9,101660.0
2008-07-28 04:30:00,11.14,10.8,101675.0
2008-07-28 05:00:00,11.01,10.7,101690.0
2008-07-28 05:30:00,11.11,11.55,101685.0
2008-07-28 06:00:00,11.54,12.4,101680.0
2008-07-28 06:30:00,12.3,13.100000000000001,101675.00000000001
2008-07-28 07:00:00,12.94,13.8,101670.0
2008-07-28 07:30:00,14.24,14.45,101664.99999999999
2008-07-28 08:00:00,15.64,15.1,101660.0
2008-07-28 08:30:00,16.12,15.75,101664.99999999999
2008-07-28 09:00:00,17.34,16.4,101670.0
2008-07-28 09:30:00,18.13,17.1,101664.99999999999
2008-07-28 10:00:00,18.5,17.8,101660.0
2008-07-28 10:30:00,19.5,18.6,101645.0
2008-07-28 11:00:00,19.9,19.4,101630.0
2008-07-28 11:30:00,20.85,19.799999999999997,101600.0
2008-07-28 12:00:00,21.36,20.2,101570.0
2008-07-28 12:30:00,21.59,20.75,101539.99999999999
2008-07-28 13:00:00,22.24,21.3,101510.0
2008-07-28 13:30:00,23.0,21.05,101500.0
2008-07-28 14:00:00,23.22,20.8,101490.0
2008-07-28 14:30:00,22.73,21.05,101455.0
2008-07-28 15:00:00,23.32,21.3,101420.0
2008-07-28 15:30:00,23.07,21.15,101400.0
2008-07-28 16:00:00,22.25,21.0,101380.0
2008-07-28 16:30:00,22.09,20.85,101365.0
2008-07-28 17:00:00,21.67,20.7,101350.0
2008-07-28 17:30:00,21.08,20.299999999999997,101324.99999999999
2008-07-28 18:00:00,20.71,19.9,101300.0
2008-07-28 18:30:00,20.44,19.45,101300.0
2008-07-28 19:00:00,19.82,19.0,101300.0
2008-07-28 19:30:00,19.27,18.75,101310.0
2008-07-28 20:00:00,18.73,18.5,101320.0
2008-07-28 20:30:00,18.45,18.25,101324.99999999999
2008-07-28 21:00:00,18.27,18.0,101330.0
2008-07-28 21:30:00,18.04,17.9,101335.00000000001
2008-07-28 22:00:00,17.75,17.8,101340.0
2008-07-28 22:30:00,17.3,17.450000000000003,101330.0
2008-07-28 23:00:00,16.93,17.1,101320.0
2008-07-28 23:30:00,16.66,16.5,101310.0
2008-07-29 00:00:00,16.17,15.9,101300.0
2008-07-29 00:30:00,16.25,15.600000000000001,101289.99999999999
2008-07-29 01:00:00,15.83,15.3,101280.0
2008-07-29 01:30:00,15.44,15.4,101280.0
2008-07-29 02:00:00,15.17,15.5,101280.0
2008-07-29 02:30:00,14.79,14.95,101285.0
2008-07-29 03:00:00,14.34,14.4,101290.0
2008-07-29 03:30:00,14.28,14.2,101290.0
2008-07-29 04:00:00,14.11,14.0,101290.0
2008-07-29 04:30:00,13.95,13.8,101290.0
2008-07-29 05:00:00,13.8,13.6,101290.0
2008-07-29 05:30:00,13.51,13.399999999999999,101290.0
2008-07-29 06:00:00,13.58,13.2,101290.0
2008-07-29 06:30:00,13.74,13.5,101285.0
2008-07-29 07:00:00,13.84,13.8,101280.0
2008-07-29 07:30:00,13.76,13.600000000000001,101300.0
2008-07-29 08:00:00,13.53,13.4,101320.0
2008-07-29 08:30:00,13.39,13.3,101324.99999999999
2008-07-29 09:00:00,13.66,13.2,101330.0
2008-07-29 09:30:00,13.87,13.399999999999999,101330.0
2008-07-29 10:00:00,14.34,13.6,101330.0
2008-07-29 10:30:00,14.53,13.85,101324.99999999999
2008-07-29 11:00:00,14.4,14.1,101320.0
2008-07-29 11:30:00,14.43,14.2,101310.0
2008-07-29 12:00:00,14.7,14.3,101300.0
2008-07-29 12:30:00,14.77,14.45,101285.0
2008-07-29 13:00:00,14.78,14.6,101270.0
2008-07-29 13:30:00,14.92,14.399999999999999,101275.0
2008-07-29 14:00:00,14.34,14.2,101280.0
2008-07-29 14:30:00,13.95,14.2,101270.00000000001
2008-07-29 15:00:00,13.95,14.2,101260.0
2008-07-29 15:30:00,14.09,14.2,101250.0
2008-07-29 16:00:00,14.21,14.2,101240.0
2008-07-29 16:30:00,14.31,14.45,101235.0
2008-07-29 17:00:00,14.57,14.7,101230.0
2008-07-29 17:30:00,14.48,14.75,101225.0
2008-07-29 18:00:00,14.71,14.8,101220.0
2008-07-29 18:30:00,14.76,14.850000000000001,101215.0
2008-07-29 19:00:00,14.78,14.9,101210.0
2008-07-29 19:30:00,14.8,15.0,101229.99999999999
2008-07-29 20:00:00,14.62,15.1,101250.0
2008-07-29 20:30:00,14.06,15.399999999999999,101245.0
2008-07-29 21:00:00,13.77,15.7,101240.0
2008-07-29 21:30:00,13.65,15.25,101275.0
2008-07-29 22:00:00,13.24,14.8,101310.0
2008-07-29 22:30:00,13.25,14.7,101335.00000000001
2008-07-29 23:00:00,12.93,14.6,101360.0
2008-07-29 23:30:00,12.82,14.5,101395.00000000001
2008-07-30 00:00:00,13.08,14.4,101430.0
2008-07-30 00:30:00,12.98,14.350000000000001,101465.0
2008-07-30 01:00:00,12.84,14.3,101500.0
2008-07-30 01:30:00,12.74,14.2,101535.0
2008-07-30 02:00:00,12.44,14.1,101570.0
2008-07-30 02:30:00,12.33,14.1,101610.0
2008-07-30 03:00:00,12.06,14.1,101650.0
2008-07-30 03:30:00,11.97,13.8,101675.00000000001
2008-07-30 04:00:00,11.86,13.5,101700.0
2008-07-30 04:30:00,11.81,13.5,101710.00000000001
2008-07-30 05:00:00,11.89,13.5,101720.0
2008-07-30 05:30:00,11.83,13.15,101755.0
2008-07-30 06:00:00,11.93,12.8,101790.0
2008-07-30 06:30:00,11.75,12.9,101825.0
2008-07-30 07:00:00,12.08,13.0,101860.0
2008-07-30 07:30:00,12.65,13.4,101890.0
2008-07-30 08:00:00,12.75,13.8,101920.0
2008-07-30 08:30:00,13.09,14.25,101950.0
2008-07-30 09:00:00,13.67,14.7,101980.0
2008-07-30 09:30:00,14.24,15.149999999999999,102000.0
2008-07-30 10:00:00,15.02,15.6,102020.0
2008-07-30 10:30:00,16.06,16.4,102020.0
2008-07-30 11:00:00,17.42,17.2,102020.0
2008-07-30 11:30:00,17.92,17.5,102000.0
2008-07-30 12:00:00,18.76,17.8,101980.0
2008-07-30 12:30:00,19.58,17.950000000000003,101985.0
2008-07-30 13:00:00,18.98,18.1,101990.0
2008-07-30 13:30:00,19.07,19.3,101990.0
2008-07-30 14:00:00,19.04,20.5,101990.0
2008-07-30 14:30:00,19.7,20.05,101990.0
2008-07-30 15:00:00,19.18,19.6,101990.0
2008-07-30 15:30:00,19.77,19.200000000000003,101975.0
2008-07-30 16:00:00,19.3,18.8,101960.0
2008-07-30 16:30:00,19.76,17.9,101960.0
2008-07-30 17:00:00,19.7,17.0,101960.0
2008-07-30 17:30:00,17.88,16.8,101930.0
2008-07-30 18:00:00,17.15,16.6,101900.0
2008-07-30 18:30:00,16.53,16.700000000000003,101870.0
2008-07-30 19:00:00,16.36,16.8,101840.0
2008-07-30 19:30:00,16.22,16.25,101825.0
2008-07-30 20:00:00,15.28,15.7,101810.0
2008-07-30 20:30:00,14.42,15.35,101795.0
2008-07-30 21:00:00,13.71,15.0,101780.0
2008-07-30 21:30:00,13.45,14.45,101755.0
2008-07-30 22:00:00,13.45,13.9,101730.0
2008-07-30 22:30:00,13.57,13.850000000000001,101710.00000000001
2008-07-30 23:00:00,13.44,13.8,101690.0
2008-07-30 23:30:00,13.08,13.7,101655.0
2008-07-31 00:00:00,12.88,13.6,101620.0
2008-07-31 00:30:00,12.64,13.05,101595.0
2008-07-31 01:00:00,12.27,12.5,101570.0
2008-07-31 01:30:00,12.01,12.1,101539.99999999999
2008-07-31 02:00:00,11.76,11.7,101510.0
2008-07-31 02:30:00,11.68,11.95,101495.0
2008-07-31 03:00:00,11.44,12.2,101480.0
2008-07-31 03:30:00,11.61,11.85,101450.0
2008-07-31 04:00:00,11.54,11.5,101420.0
2008-07-31 04:30:00,11.38,11.9,101425.00000000001
2008-07-31 05:00:00,11.56,12.3,101430.0
2008-07-31 05:30:00,12.03,12.65,101420.0
2008-07-31 06:00:00,12.25,13.0,101410.0
2008-07-31 06:30:00,12.79,13.35,101384.99999999999
2008-07-31 07:00:00,13.28,13.7,101360.0
2008-07-31 07:30:00,13.45,13.95,101360.0
2008-07-31 08:00:00,14.1,14.2,101360.0
2008-07-31 08:30:00,14.27,14.55,101350.0
2008-07-31 09:00:00,14.78,14.9,101340.0
2008-07-31 09:30:00,15.06,15.05,101320.0
2008-07-31 10:00:00,15.26,15.2,101300.0
2008-07-31 10:30:00,16.06,15.6,101289.99999999999
2008-07-31 11:00:00,16.62,16.0,101280.0
2008-07-31 11:30:00,16.12,15.85,101265.0
2008-07-31 12:00:00,16.04,15.7,101250.0
2008-07-31 12:30:00,16.08,15.7,101229.99999999999
2008-07-31 13:00:00,15.6,15.7,101210.0
2008-07-31 13:30:00,15.39,15.7,101205.0
2008-07-31 14:00:00,15.72,15.7,101200.0
2008-07-31 14:30:00,15.86,15.399999999999999,101180.0
2008-07-31 15:00:00,15.33,15.1,101160.0
2008-07-31 15:30:00,15.3,15.1,101150.0
2008-07-31 16:00:00,14.91,15.1,101140.0
2008-07-31 16:30:00,14.7,15.25,101110.0
2008-07-31 17:00:00,15.6,15.4,101080.0
2008-07-31 17:30:00,15.22,15.05,101060.0
2008-07-31 18:00:00,14.51,14.7,101040.0
2008-07-31 18:30:00,14.26,14.35,101000.0
2008-07-31 19:00:00,13.68,14.0,100960.0
2008-07-31 19:30:00,13.2,13.55,100945.0
2008-07-31 20:00:00,12.93,13.1,100930.0
2008-07-31 20:30:00,12.72,13.0,100925.00000000001
2008-07-31 21:00:00,12.59,12.9,100920.0
2008-07-31 21:30:00,12.59,12.850000000000001,100890.0
2008-07-31 22:00:00,12.57,12.8,100860.0
2008-07-31 22:30:00,12.28,12.75,100875.0
2008-07-31 23:00:00,12.25,12.7,100890.0
