Date,Air_Temperature_C
2004-06-01 00:00:00,15.674000000000001
2004-06-01 00:05:00,15.703999999999999
2004-06-01 00:10:00,15.738
2004-06-01 00:15:00,15.669999999999998
2004-06-01 00:20:00,15.64
2004-06-01 00:25:00,15.687999999999999
2004-06-01 00:30:00,15.697999999999999
2004-06-01 00:35:00,15.652000000000001
2004-06-01 00:40:00,15.64
2004-06-01 00:45:00,15.622
2004-06-01 00:50:00,15.61
2004-06-01 00:55:00,15.597999999999999
2004-06-01 01:00:00,15.618
2004-06-01 01:05:00,15.534
2004-06-01 01:10:00,15.446000000000002
2004-06-01 01:15:00,15.412
2004-06-01 01:20:00,15.388
2004-06-01 01:25:00,15.404
2004-06-01 01:30:00,15.408000000000001
2004-06-01 01:35:00,15.4
2004-06-01 01:40:00,15.502
2004-06-01 01:45:00,15.504
2004-06-01 01:50:00,15.526
2004-06-01 01:55:00,15.494
2004-06-01 02:00:00,15.518
2004-06-01 02:05:00,15.516
2004-06-01 02:10:00,15.532
2004-06-01 02:15:00,15.506
2004-06-01 02:20:00,15.522
2004-06-01 02:25:00,15.488
2004-06-01 02:30:00,15.422
2004-06-01 02:35:00,15.504
2004-06-01 02:40:00,15.347999999999999
2004-06-01 02:45:00,15.274000000000001
2004-06-01 02:50:00,15.232
2004-06-01 02:55:00,15.248
2004-06-01 03:00:00,15.266
2004-06-01 03:05:00,15.258000000000001
2004-06-01 03:10:00,15.228
2004-06-01 03:15:00,15.225999999999999
2004-06-01 03:20:00,15.172
2004-06-01 03:25:00,15.146
2004-06-01 03:30:00,15.166
2004-06-01 03:35:00,15.203999999999999
2004-06-01 03:40:00,15.069999999999999
2004-06-01 03:45:00,15.068000000000001
2004-06-01 03:50:00,15.096
2004-06-01 03:55:00,15.186000000000002
2004-06-01 04:00:00,15.216
2004-06-01 04:05:00,15.254
2004-06-01 04:10:00,15.330000000000002
2004-06-01 04:15:00,15.297999999999998
2004-06-01 04:20:00,15.272
2004-06-01 04:25:00,15.262
2004-06-01 04:30:00,15.268
2004-06-01 04:35:00,15.222
2004-06-01 04:40:00,15.181999999999999
2004-06-01 04:45:00,15.168000000000001
2004-06-01 04:50:00,15.156
2004-06-01 04:55:00,15.041999999999998
2004-06-01 05:00:00,15.006
2004-06-01 05:05:00,15.038
2004-06-01 05:10:00,15.016
2004-06-01 05:15:00,14.988
2004-06-01 05:20:00,14.908000000000001
2004-06-01 05:25:00,14.868
2004-06-01 05:30:00,14.77
2004-06-01 05:35:00,14.842000000000002
2004-06-01 05:40:00,14.862
2004-06-01 05:45:00,14.91
2004-06-01 05:50:00,14.87
2004-06-01 05:55:00,14.902000000000001
2004-06-01 06:00:00,14.934000000000001
2004-06-01 06:05:00,14.913999999999998
2004-06-01 06:10:00,14.874
2004-06-01 06:15:00,14.912
2004-06-01 06:20:00,14.916
2004-06-01 06:25:00,14.913999999999998
2004-06-01 06:30:00,14.91
2004-06-01 06:35:00,14.928
2004-06-01 06:40:00,14.928
2004-06-01 06:45:00,14.988
2004-06-01 06:50:00,15.068000000000001
2004-06-01 06:55:00,15.13
2004-06-01 07:00:00,15.163999999999998
2004-06-01 07:05:00,15.248
2004-06-01 07:10:00,15.315999999999999
2004-06-01 07:15:00,15.396
2004-06-01 07:20:00,15.463999999999999
2004-06-01 07:25:00,15.530000000000001
2004-06-01 07:30:00,15.59
2004-06-01 07:35:00,15.690000000000001
2004-06-01 07:40:00,15.73
2004-06-01 07:45:00,15.776
2004-06-01 07:50:00,15.842000000000002
2004-06-01 07:55:00,15.959999999999999
2004-06-01 08:00:00,16.012
2004-06-01 08:05:00,16.04
2004-06-01 08:10:00,16.14
2004-06-01 08:15:00,16.252000000000002
2004-06-01 08:20:00,16.346
2004-06-01 08:25:00,16.48
2004-06-01 08:30:00,16.506
2004-06-01 08:35:00,16.574
2004-06-01 08:40:00,16.644
2004-06-01 08:45:00,16.69
2004-06-01 08:50:00,16.8
2004-06-01 08:55:00,16.926
2004-06-01 09:00:00,17.032
2004-06-01 09:05:00,17.074
2004-06-01 09:10:00,17.21
2004-06-01 09:15:00,17.247999999999998
2004-06-01 09:20:00,17.366
2004-06-01 09:25:00,17.468
2004-06-01 09:30:00,17.619999999999997
2004-06-01 09:35:00,17.936
2004-06-01 09:40:00,18.009999999999998
2004-06-01 09:45:00,18.022
2004-06-01 09:50:00,18.034
2004-06-01 09:55:00,18.022
2004-06-01 10:00:00,18.157999999999998
2004-06-01 10:05:00,18.214
2004-06-01 10:10:00,18.2
2004-06-01 10:15:00,18.262
2004-06-01 10:20:00,18.444
2004-06-01 10:25:00,18.520000000000003
2004-06-01 10:30:00,18.488
2004-06-01 10:35:00,18.663999999999998
2004-06-01 10:40:00,18.862000000000002
2004-06-01 10:45:00,19.078
2004-06-01 10:50:00,18.96
2004-06-01 10:55:00,18.906
2004-06-01 11:00:00,19.156
2004-06-01 11:05:00,19.357999999999997
2004-06-01 11:10:00,19.366
2004-06-01 11:15:00,19.528
2004-06-01 11:20:00,19.506
2004-06-01 11:25:00,19.636000000000003
2004-06-01 11:30:00,19.852
2004-06-01 11:35:00,20.068
2004-06-01 11:40:00,20.034
2004-06-01 11:45:00,20.06
2004-06-01 11:50:00,20.14
2004-06-01 11:55:00,20.360000000000003
2004-06-01 12:00:00,20.636000000000003
2004-06-01 12:05:00,20.406
2004-06-01 12:10:00,20.474
2004-06-01 12:15:00,20.71
2004-06-01 12:20:00,20.776
2004-06-01 12:25:00,20.618000000000002
2004-06-01 12:30:00,20.842
2004-06-01 12:35:00,21.238
2004-06-01 12:40:00,21.264000000000003
2004-06-01 12:45:00,21.395999999999997
2004-06-01 12:50:00,21.375999999999998
2004-06-01 12:55:00,21.412
2004-06-01 13:00:00,21.686
2004-06-01 13:05:00,21.536
2004-06-01 13:10:00,21.776
2004-06-01 13:15:00,21.966
2004-06-01 13:20:00,22.048
2004-06-01 13:25:00,22.172
2004-06-01 13:30:00,22.14
2004-06-01 13:35:00,21.75
2004-06-01 13:40:00,21.887999999999998
2004-06-01 13:45:00,22.062
2004-06-01 13:50:00,22.302
2004-06-01 13:55:00,22.02
2004-06-01 14:00:00,21.994
2004-06-01 14:05:00,22.038
2004-06-01 14:10:00,22.122
2004-06-01 14:15:00,22.168
2004-06-01 14:20:00,22.354
2004-06-01 14:25:00,22.613999999999997
2004-06-01 14:30:00,22.356
2004-06-01 14:35:00,22.384
2004-06-01 14:40:00,22.41
2004-06-01 14:45:00,22.107999999999997
2004-06-01 14:50:00,22.002
2004-06-01 14:55:00,21.818
2004-06-01 15:00:00,21.662
2004-06-01 15:05:00,20.868000000000002
2004-06-01 15:10:00,20.619999999999997
2004-06-01 15:15:00,20.688
2004-06-01 15:20:00,20.818
2004-06-01 15:25:00,20.938
2004-06-01 15:30:00,21.032
2004-06-01 15:35:00,21.142000000000003
2004-06-01 15:40:00,21.23
2004-06-01 15:45:00,21.296
2004-06-01 15:50:00,21.224
2004-06-01 15:55:00,21.29
2004-06-01 16:00:00,21.18
2004-06-01 16:05:00,21.086000000000002
2004-06-01 16:10:00,21.098
2004-06-01 16:15:00,21.034
2004-06-01 16:20:00,20.916
2004-06-01 16:25:00,20.934
2004-06-01 16:30:00,20.836
2004-06-01 16:35:00,20.774
2004-06-01 16:40:00,20.738
2004-06-01 16:45:00,20.718
2004-06-01 16:50:00,20.740000000000002
2004-06-01 16:55:00,20.788
2004-06-01 17:00:00,20.637999999999998
2004-06-01 17:05:00,20.612000000000002
2004-06-01 17:10:00,20.56
2004-06-01 17:15:00,20.506
2004-06-01 17:20:00,20.448
2004-06-01 17:25:00,20.52
2004-06-01 17:30:00,20.256
2004-06-01 17:35:00,19.216
2004-06-01 17:40:00,18.45
2004-06-01 17:45:00,18.316
2004-06-01 17:50:00,18.438
2004-06-01 17:55:00,18.524
2004-06-01 18:00:00,18.622
2004-06-01 18:05:00,18.684
2004-06-01 18:10:00,18.71
2004-06-01 18:15:00,18.738
2004-06-01 18:20:00,18.744
2004-06-01 18:25:00,18.728
2004-06-01 18:30:00,18.744
2004-06-01 18:35:00,18.716
2004-06-01 18:40:00,18.716
2004-06-01 18:45:00,18.708
2004-06-01 18:50:00,18.676
2004-06-01 18:55:00,18.666
2004-06-01 19:00:00,18.628
2004-06-01 19:05:00,18.606
2004-06-01 19:10:00,18.536
2004-06-01 19:15:00,18.503999999999998
2004-06-01 19:20:00,18.444
2004-06-01 19:25:00,18.404000000000003
2004-06-01 19:30:00,18.39
2004-06-01 19:35:00,18.369999999999997
2004-06-01 19:40:00,18.333999999999996
2004-06-01 19:45:00,18.246000000000002
2004-06-01 19:50:00,18.216
2004-06-01 19:55:00,18.172
2004-06-01 20:00:00,18.125999999999998
2004-06-01 20:05:00,18.122
2004-06-01 20:10:00,18.112000000000002
2004-06-01 20:15:00,18.07
2004-06-01 20:20:00,18.0
2004-06-01 20:25:00,18.058
2004-06-01 20:30:00,18.028
2004-06-01 20:35:00,18.018
2004-06-01 20:40:00,18.042
2004-06-01 20:45:00,17.988
2004-06-01 20:50:00,17.984
2004-06-01 20:55:00,17.926
2004-06-01 21:00:00,17.918
2004-06-01 21:05:00,17.887999999999998
2004-06-01 21:10:00,17.862000000000002
2004-06-01 21:15:00,17.798
2004-06-01 21:20:00,17.778
2004-06-01 21:25:00,17.714
2004-06-01 21:30:00,17.674
2004-06-01 21:35:00,17.636000000000003
2004-06-01 21:40:00,17.59
2004-06-01 21:45:00,17.528
2004-06-01 21:50:00,17.458
2004-06-01 21:55:00,17.154
2004-06-01 22:00:00,16.774
2004-06-01 22:05:00,16.296
2004-06-01 22:10:00,15.806000000000001
2004-06-01 22:15:00,15.74
2004-06-01 22:20:00,15.782
2004-06-01 22:25:00,15.802000000000001
2004-06-01 22:30:00,15.825999999999999
2004-06-01 22:35:00,15.797999999999998
2004-06-01 22:40:00,15.774000000000001
2004-06-01 22:45:00,15.778
2004-06-01 22:50:00,15.772
2004-06-01 22:55:00,15.662
2004-06-01 23:00:00,15.563999999999998
2004-06-01 23:05:00,15.522
2004-06-01 23:10:00,15.475999999999999
2004-06-01 23:15:00,15.484
2004-06-01 23:20:00,15.434000000000001
2004-06-01 23:25:00,15.392000000000001
2004-06-01 23:30:00,15.41
2004-06-01 23:35:00,15.398000000000001
2004-06-01 23:40:00,15.376
2004-06-01 23:45:00,15.36
2004-06-01 23:50:00,15.347999999999999
2004-06-01 23:55:00,15.336000000000002
2004-06-02 00:00:00,15.278
2004-06-02 00:05:00,15.362
2004-06-02 00:10:00,15.422
2004-06-02 00:15:00,15.452000000000002
2004-06-02 00:20:00,15.466
2004-06-02 00:25:00,15.474
2004-06-02 00:30:00,15.488
2004-06-02 00:35:00,15.504
2004-06-02 00:40:00,15.568000000000001
2004-06-02 00:45:00,15.518
2004-06-02 00:50:00,15.45
2004-06-02 00:55:00,15.419999999999998
2004-06-02 01:00:00,15.35
2004-06-02 01:05:00,15.126
2004-06-02 01:10:00,15.072
2004-06-02 01:15:00,15.069999999999999
2004-06-02 01:20:00,15.041999999999998
2004-06-02 01:25:00,14.931999999999999
2004-06-02 01:30:00,14.925999999999998
2004-06-02 01:35:00,14.854
2004-06-02 01:40:00,14.919999999999998
2004-06-02 01:45:00,14.942000000000002
2004-06-02 01:50:00,14.913999999999998
2004-06-02 01:55:00,14.908000000000001
2004-06-02 02:00:00,14.801999999999998
2004-06-02 02:05:00,14.766
2004-06-02 02:10:00,14.764
2004-06-02 02:15:00,14.812000000000001
2004-06-02 02:20:00,14.852
2004-06-02 02:25:00,14.847999999999999
2004-06-02 02:30:00,14.828
2004-06-02 02:35:00,14.741999999999999
2004-06-02 02:40:00,14.75
2004-06-02 02:45:00,14.658000000000001
2004-06-02 02:50:00,14.613999999999999
2004-06-02 02:55:00,14.634
2004-06-02 03:00:00,14.680000000000001
2004-06-02 03:05:00,14.663999999999998
2004-06-02 03:10:00,14.575999999999999
2004-06-02 03:15:00,14.422
2004-06-02 03:20:00,14.324000000000002
2004-06-02 03:25:00,14.252
2004-06-02 03:30:00,14.196000000000002
2004-06-02 03:35:00,13.936000000000002
2004-06-02 03:40:00,13.75
2004-06-02 03:45:00,13.654
2004-06-02 03:50:00,13.586000000000002
2004-06-02 03:55:00,13.472
2004-06-02 04:00:00,13.452000000000002
2004-06-02 04:05:00,13.396
2004-06-02 04:10:00,13.386000000000001
2004-06-02 04:15:00,13.372
2004-06-02 04:20:00,13.398
2004-06-02 04:25:00,13.424000000000001
2004-06-02 04:30:00,13.464000000000002
2004-06-02 04:35:00,13.463999999999999
2004-06-02 04:40:00,13.462
2004-06-02 04:45:00,13.466
2004-06-02 04:50:00,13.41
2004-06-02 04:55:00,13.498
2004-06-02 05:00:00,13.540000000000001
2004-06-02 05:05:00,13.528
2004-06-02 05:10:00,13.459999999999999
2004-06-02 05:15:00,13.459999999999999
2004-06-02 05:20:00,13.478
2004-06-02 05:25:00,13.52
2004-06-02 05:30:00,13.556000000000001
2004-06-02 05:35:00,13.584
2004-06-02 05:40:00,13.572
2004-06-02 05:45:00,13.569999999999999
2004-06-02 05:50:00,13.616
2004-06-02 05:55:00,13.646
2004-06-02 06:00:00,13.693999999999999
2004-06-02 06:05:00,13.716
2004-06-02 06:10:00,13.681999999999999
2004-06-02 06:15:00,13.63
2004-06-02 06:20:00,13.809999999999999
2004-06-02 06:25:00,13.994
2004-06-02 06:30:00,14.152000000000001
2004-06-02 06:35:00,14.162
2004-06-02 06:40:00,14.284
2004-06-02 06:45:00,14.306000000000001
2004-06-02 06:50:00,14.4
2004-06-02 06:55:00,14.624
2004-06-02 07:00:00,14.644
2004-06-02 07:05:00,14.768
2004-06-02 07:10:00,14.9
2004-06-02 07:15:00,14.868
2004-06-02 07:20:00,15.057999999999998
2004-06-02 07:25:00,15.038
2004-06-02 07:30:00,15.01
2004-06-02 07:35:00,15.197999999999999
2004-06-02 07:40:00,15.178
2004-06-02 07:45:00,15.288
2004-06-02 07:50:00,15.384
2004-06-02 07:55:00,15.35
2004-06-02 08:00:00,15.272
2004-06-02 08:05:00,15.302000000000001
2004-06-02 08:10:00,15.374
2004-06-02 08:15:00,15.398000000000001
2004-06-02 08:20:00,15.607999999999999
2004-06-02 08:25:00,15.663999999999998
2004-06-02 08:30:00,15.742
2004-06-02 08:35:00,15.868
2004-06-02 08:40:00,15.957999999999998
2004-06-02 08:45:00,15.848000000000003
2004-06-02 08:50:00,15.8
2004-06-02 08:55:00,15.738
2004-06-02 09:00:00,15.818000000000001
2004-06-02 09:05:00,15.894
2004-06-02 09:10:00,15.872
2004-06-02 09:15:00,16.012
2004-06-02 09:20:00,16.125999999999998
2004-06-02 09:25:00,16.253999999999998
2004-06-02 09:30:00,16.054
2004-06-02 09:35:00,16.298
2004-06-02 09:40:00,16.454
2004-06-02 09:45:00,16.5
2004-06-02 09:50:00,16.4
2004-06-02 09:55:00,16.292
2004-06-02 10:00:00,16.174
2004-06-02 10:05:00,16.094
2004-06-02 10:10:00,16.058
2004-06-02 10:15:00,16.15
2004-06-02 10:20:00,16.432
2004-06-02 10:25:00,16.72
2004-06-02 10:30:00,16.918
2004-06-02 10:35:00,17.042
2004-06-02 10:40:00,17.238
2004-06-02 10:45:00,17.328
2004-06-02 10:50:00,17.168
2004-06-02 10:55:00,17.492
2004-06-02 11:00:00,17.413999999999998
2004-06-02 11:05:00,17.508000000000003
2004-06-02 11:10:00,17.722
2004-06-02 11:15:00,17.622
2004-06-02 11:20:00,18.016
2004-06-02 11:25:00,18.086000000000002
2004-06-02 11:30:00,18.224
2004-06-02 11:35:00,18.130000000000003
2004-06-02 11:40:00,18.041999999999998
2004-06-02 11:45:00,18.146
2004-06-02 11:50:00,18.580000000000002
2004-06-02 11:55:00,18.4
2004-06-02 12:00:00,18.25
2004-06-02 12:05:00,18.520000000000003
2004-06-02 12:10:00,18.678
2004-06-02 12:15:00,18.644
2004-06-02 12:20:00,18.826
2004-06-02 12:25:00,18.464
2004-06-02 12:30:00,18.512
2004-06-02 12:35:00,18.6
2004-06-02 12:40:00,18.742
2004-06-02 12:45:00,18.96
2004-06-02 12:50:00,19.036
2004-06-02 12:55:00,19.002000000000002
2004-06-02 13:00:00,19.504
2004-06-02 13:05:00,19.130000000000003
2004-06-02 13:10:00,18.726
2004-06-02 13:15:00,19.052
2004-06-02 13:20:00,19.492
2004-06-02 13:25:00,19.34
2004-06-02 13:30:00,19.448
2004-06-02 13:35:00,19.490000000000002
2004-06-02 13:40:00,19.73
2004-06-02 13:45:00,19.516
2004-06-02 13:50:00,19.612000000000002
2004-06-02 13:55:00,19.692
2004-06-02 14:00:00,20.086000000000002
2004-06-02 14:05:00,20.352
2004-06-02 14:10:00,20.009999999999998
2004-06-02 14:15:00,19.918
2004-06-02 14:20:00,19.924
2004-06-02 14:25:00,20.002
2004-06-02 14:30:00,19.834
2004-06-02 14:35:00,20.196
2004-06-02 14:40:00,20.014
2004-06-02 14:45:00,20.218
2004-06-02 14:50:00,20.212
2004-06-02 14:55:00,20.356
2004-06-02 15:00:00,20.094
2004-06-02 15:05:00,20.198
2004-06-02 15:10:00,20.188
2004-06-02 15:15:00,20.052
2004-06-02 15:20:00,20.276
2004-06-02 15:25:00,20.394
2004-06-02 15:30:00,20.008
2004-06-02 15:35:00,20.178
2004-06-02 15:40:00,20.072
2004-06-02 15:45:00,20.074
2004-06-02 15:50:00,20.137999999999998
2004-06-02 15:55:00,20.542
2004-06-02 16:00:00,20.536
2004-06-02 16:05:00,20.657999999999998
2004-06-02 16:10:00,20.362000000000002
2004-06-02 16:15:00,20.344
2004-06-02 16:20:00,20.476
2004-06-02 16:25:00,20.631999999999998
2004-06-02 16:30:00,20.432
2004-06-02 16:35:00,20.518
2004-06-02 16:40:00,20.88
2004-06-02 16:45:00,20.642000000000003
2004-06-02 16:50:00,20.386000000000003
2004-06-02 16:55:00,20.738
2004-06-02 17:00:00,20.637999999999998
2004-06-02 17:05:00,20.65
2004-06-02 17:10:00,20.528
2004-06-02 17:15:00,20.496
2004-06-02 17:20:00,20.482
2004-06-02 17:25:00,20.238
2004-06-02 17:30:00,20.29
2004-06-02 17:35:00,20.214000000000002
2004-06-02 17:40:00,20.134
2004-06-02 17:45:00,20.15
2004-06-02 17:50:00,20.128
2004-06-02 17:55:00,20.218
2004-06-02 18:00:00,20.076
2004-06-02 18:05:00,20.052
2004-06-02 18:10:00,20.022
2004-06-02 18:15:00,19.857999999999997
2004-06-02 18:20:00,19.772
2004-06-02 18:25:00,19.674
2004-06-02 18:30:00,19.59
2004-06-02 18:35:00,19.53
2004-06-02 18:40:00,19.508000000000003
2004-06-02 18:45:00,19.486
2004-06-02 18:50:00,19.436
2004-06-02 18:55:00,19.362000000000002
2004-06-02 19:00:00,19.258
2004-06-02 19:05:00,19.228
2004-06-02 19:10:00,19.168
2004-06-02 19:15:00,19.104
2004-06-02 19:20:00,19.026000000000003
2004-06-02 19:25:00,18.974
2004-06-02 19:30:00,18.902
2004-06-02 19:35:00,18.816
2004-06-02 19:40:00,18.758000000000003
2004-06-02 19:45:00,18.676
2004-06-02 19:50:00,18.458
2004-06-02 19:55:00,18.394
2004-06-02 20:00:00,18.212
2004-06-02 20:05:00,18.086000000000002
2004-06-02 20:10:00,18.002
2004-06-02 20:15:00,17.863999999999997
2004-06-02 20:20:00,17.791999999999998
2004-06-02 20:25:00,17.756
2004-06-02 20:30:00,17.628
2004-06-02 20:35:00,17.630000000000003
2004-06-02 20:40:00,17.574
2004-06-02 20:45:00,17.556
2004-06-02 20:50:00,17.534
2004-06-02 20:55:00,17.491999999999997
2004-06-02 21:00:00,17.436
2004-06-02 21:05:00,17.401999999999997
2004-06-02 21:10:00,17.380000000000003
2004-06-02 21:15:00,17.339999999999996
2004-06-02 21:20:00,17.26
2004-06-02 21:25:00,17.156
2004-06-02 21:30:00,17.078
2004-06-02 21:35:00,17.002000000000002
2004-06-02 21:40:00,16.97
2004-06-02 21:45:00,16.924
2004-06-02 21:50:00,16.898
2004-06-02 21:55:00,16.886000000000003
2004-06-02 22:00:00,16.944
2004-06-02 22:05:00,16.868000000000002
2004-06-02 22:10:00,16.854000000000003
2004-06-02 22:15:00,16.784
2004-06-02 22:20:00,16.714000000000002
2004-06-02 22:25:00,16.622
2004-06-02 22:30:00,16.53
2004-06-02 22:35:00,16.39
2004-06-02 22:40:00,16.282
2004-06-02 22:45:00,16.184
2004-06-02 22:50:00,16.112000000000002
2004-06-02 22:55:00,16.03
2004-06-02 23:00:00,15.913999999999998
2004-06-02 23:05:00,15.813999999999998
2004-06-02 23:10:00,15.74
2004-06-02 23:15:00,15.708000000000002
2004-06-02 23:20:00,15.624
2004-06-02 23:25:00,15.540000000000001
2004-06-02 23:30:00,15.475999999999999
2004-06-02 23:35:00,15.416
2004-06-02 23:40:00,15.34
2004-06-02 23:45:00,15.312000000000001
2004-06-02 23:50:00,15.27
2004-06-02 23:55:00,15.206
2004-06-03 00:00:00,15.203999999999999
2004-06-03 00:05:00,15.197999999999999
2004-06-03 00:10:00,15.202000000000002
2004-06-03 00:15:00,15.209999999999999
2004-06-03 00:20:00,15.212
2004-06-03 00:25:00,15.232
2004-06-03 00:30:00,15.24
2004-06-03 00:35:00,15.172
2004-06-03 00:40:00,15.184000000000001
2004-06-03 00:45:00,15.236
2004-06-03 00:50:00,15.203999999999999
2004-06-03 00:55:00,15.148
2004-06-03 01:00:00,15.024000000000001
2004-06-03 01:05:00,14.95
2004-06-03 01:10:00,14.888
2004-06-03 01:15:00,14.834
2004-06-03 01:20:00,14.830000000000002
2004-06-03 01:25:00,14.828
2004-06-03 01:30:00,14.830000000000002
2004-06-03 01:35:00,14.851999999999999
2004-06-03 01:40:00,14.824000000000002
2004-06-03 01:45:00,14.758000000000001
2004-06-03 01:50:00,14.675999999999998
2004-06-03 01:55:00,14.693999999999999
2004-06-03 02:00:00,14.642000000000001
2004-06-03 02:05:00,14.475999999999999
2004-06-03 02:10:00,14.532
2004-06-03 02:15:00,14.51
2004-06-03 02:20:00,14.482
2004-06-03 02:25:00,14.462
2004-06-03 02:30:00,14.446000000000002
2004-06-03 02:35:00,14.459999999999999
2004-06-03 02:40:00,14.472
2004-06-03 02:45:00,14.486
2004-06-03 02:50:00,14.425999999999998
2004-06-03 02:55:00,14.469999999999999
2004-06-03 03:00:00,14.447999999999999
2004-06-03 03:05:00,14.386000000000001
2004-06-03 03:10:00,14.37
2004-06-03 03:15:00,14.297999999999998
2004-06-03 03:20:00,14.214000000000002
2004-06-03 03:25:00,14.128
2004-06-03 03:30:00,14.124
2004-06-03 03:35:00,14.046000000000001
2004-06-03 03:40:00,14.014
2004-06-03 03:45:00,13.969999999999999
2004-06-03 03:50:00,13.912
2004-06-03 03:55:00,13.95
2004-06-03 04:00:00,13.878
2004-06-03 04:05:00,13.836000000000002
2004-06-03 04:10:00,13.768
2004-06-03 04:15:00,13.687999999999999
2004-06-03 04:20:00,13.624
2004-06-03 04:25:00,13.604
2004-06-03 04:30:00,13.535999999999998
2004-06-03 04:35:00,13.562000000000001
2004-06-03 04:40:00,13.59
2004-06-03 04:45:00,13.557999999999998
2004-06-03 04:50:00,13.59
2004-06-03 04:55:00,13.636000000000001
2004-06-03 05:00:00,13.681999999999999
2004-06-03 05:05:00,13.648
2004-06-03 05:10:00,13.624
2004-06-03 05:15:00,13.559999999999999
2004-06-03 05:20:00,13.553999999999998
2004-06-03 05:25:00,13.55
2004-06-03 05:30:00,13.652000000000001
2004-06-03 05:35:00,13.819999999999999
2004-06-03 05:40:00,13.746
2004-06-03 05:45:00,13.772
2004-06-03 05:50:00,13.752
2004-06-03 05:55:00,13.854
2004-06-03 06:00:00,13.848000000000003
2004-06-03 06:05:00,13.825999999999999
2004-06-03 06:10:00,14.044
2004-06-03 06:15:00,14.23
2004-06-03 06:20:00,14.335999999999999
2004-06-03 06:25:00,14.4
2004-06-03 06:30:00,14.578
2004-06-03 06:35:00,14.491999999999999
2004-06-03 06:40:00,14.612
2004-06-03 06:45:00,14.792000000000002
2004-06-03 06:50:00,15.216
2004-06-03 06:55:00,15.13
2004-06-03 07:00:00,15.032
2004-06-03 07:05:00,14.9
2004-06-03 07:10:00,14.9
2004-06-03 07:15:00,14.953999999999999
2004-06-03 07:20:00,15.084
2004-06-03 07:25:00,15.303999999999998
2004-06-03 07:30:00,15.482
2004-06-03 07:35:00,15.502
2004-06-03 07:40:00,15.309999999999999
2004-06-03 07:45:00,15.374
2004-06-03 07:50:00,15.26
2004-06-03 07:55:00,15.048000000000002
2004-06-03 08:00:00,15.157999999999998
2004-06-03 08:05:00,15.568000000000001
2004-06-03 08:10:00,15.534
2004-06-03 08:15:00,15.388
2004-06-03 08:20:00,15.494
2004-06-03 08:25:00,15.756
2004-06-03 08:30:00,15.908000000000001
2004-06-03 08:35:00,16.128
2004-06-03 08:40:00,16.387999999999998
2004-06-03 08:45:00,16.6
2004-06-03 08:50:00,16.462
2004-06-03 08:55:00,16.407999999999998
2004-06-03 09:00:00,16.27
2004-06-03 09:05:00,16.406
2004-06-03 09:10:00,16.546
2004-06-03 09:15:00,16.622
2004-06-03 09:20:00,17.256
2004-06-03 09:25:00,17.195999999999998
2004-06-03 09:30:00,17.55
2004-06-03 09:35:00,17.686
2004-06-03 09:40:00,17.432
2004-06-03 09:45:00,17.47
2004-06-03 09:50:00,17.926
2004-06-03 09:55:00,18.016
2004-06-03 10:00:00,18.003999999999998
2004-06-03 10:05:00,17.714000000000002
2004-06-03 10:10:00,17.676
2004-06-03 10:15:00,17.8
2004-06-03 10:20:00,18.304000000000002
2004-06-03 10:25:00,18.554
2004-06-03 10:30:00,18.538
2004-06-03 10:35:00,18.740000000000002
2004-06-03 10:40:00,18.716
2004-06-03 10:45:00,18.936
2004-06-03 10:50:00,18.896
2004-06-03 10:55:00,19.168
2004-06-03 11:00:00,19.328
2004-06-03 11:05:00,19.068
2004-06-03 11:10:00,19.104
2004-06-03 11:15:00,19.172
2004-06-03 11:20:00,18.9
2004-06-03 11:25:00,18.77
2004-06-03 11:30:00,19.232
2004-06-03 11:35:00,19.216
2004-06-03 11:40:00,19.407999999999998
2004-06-03 11:45:00,19.362000000000002
2004-06-03 11:50:00,19.066
2004-06-03 11:55:00,19.296
2004-06-03 12:00:00,19.508
2004-06-03 12:05:00,19.566
2004-06-03 12:10:00,19.628
2004-06-03 12:15:00,19.503999999999998
2004-06-03 12:20:00,19.494
2004-06-03 12:25:00,19.832
2004-06-03 12:30:00,19.676
2004-06-03 12:35:00,19.884
2004-06-03 12:40:00,20.418
2004-06-03 12:45:00,19.990000000000002
2004-06-03 12:50:00,19.978
2004-06-03 12:55:00,19.759999999999998
2004-06-03 13:00:00,19.922
2004-06-03 13:05:00,20.28
2004-06-03 13:10:00,20.374000000000002
2004-06-03 13:15:00,20.018
2004-06-03 13:20:00,19.944
2004-06-03 13:25:00,20.14
2004-06-03 13:30:00,20.308
2004-06-03 13:35:00,20.095999999999997
2004-06-03 13:40:00,20.066
2004-06-03 13:45:00,20.184
2004-06-03 13:50:00,20.106
2004-06-03 13:55:00,20.274
2004-06-03 14:00:00,20.369999999999997
2004-06-03 14:05:00,20.556
2004-06-03 14:10:00,20.36
2004-06-03 14:15:00,20.104
2004-06-03 14:20:00,20.336000000000002
2004-06-03 14:25:00,20.564
2004-06-03 14:30:00,20.328
2004-06-03 14:35:00,20.556
2004-06-03 14:40:00,20.558
2004-06-03 14:45:00,20.348
2004-06-03 14:50:00,20.284
2004-06-03 14:55:00,20.542
2004-06-03 15:00:00,20.502000000000002
2004-06-03 15:05:00,20.418
2004-06-03 15:10:00,20.284
2004-06-03 15:15:00,20.394
2004-06-03 15:20:00,20.558
2004-06-03 15:25:00,20.285999999999998
2004-06-03 15:30:00,20.306
2004-06-03 15:35:00,20.378
2004-06-03 15:40:00,20.242
2004-06-03 15:45:00,20.268
2004-06-03 15:50:00,20.518
2004-06-03 15:55:00,20.448
2004-06-03 16:00:00,20.65
2004-06-03 16:05:00,20.526
2004-06-03 16:10:00,20.2
2004-06-03 16:15:00,20.28
2004-06-03 16:20:00,20.486
2004-06-03 16:25:00,20.119999999999997
2004-06-03 16:30:00,20.182
2004-06-03 16:35:00,20.43
2004-06-03 16:40:00,20.554
2004-06-03 16:45:00,20.548000000000002
2004-06-03 16:50:00,20.488
2004-06-03 16:55:00,20.666
2004-06-03 17:00:00,20.648000000000003
2004-06-03 17:05:00,20.619999999999997
2004-06-03 17:10:00,20.732
2004-06-03 17:15:00,20.746000000000002
2004-06-03 17:20:00,20.644
2004-06-03 17:25:00,20.872
2004-06-03 17:30:00,20.878
2004-06-03 17:35:00,20.782
2004-06-03 17:40:00,20.96
2004-06-03 17:45:00,20.746
2004-06-03 17:50:00,20.59
2004-06-03 17:55:00,20.566
2004-06-03 18:00:00,20.44
2004-06-03 18:05:00,20.204
2004-06-03 18:10:00,20.096
2004-06-03 18:15:00,20.119999999999997
2004-06-03 18:20:00,20.22
2004-06-03 18:25:00,20.068
2004-06-03 18:30:00,19.936
2004-06-03 18:35:00,19.926
2004-06-03 18:40:00,19.886000000000003
2004-06-03 18:45:00,19.878
2004-06-03 18:50:00,19.863999999999997
2004-06-03 18:55:00,19.735999999999997
2004-06-03 19:00:00,19.708000000000002
2004-06-03 19:05:00,19.668
2004-06-03 19:10:00,19.526
2004-06-03 19:15:00,19.486
2004-06-03 19:20:00,19.392000000000003
2004-06-03 19:25:00,19.298
2004-06-03 19:30:00,19.178
2004-06-03 19:35:00,19.122
2004-06-03 19:40:00,19.024
2004-06-03 19:45:00,18.932
2004-06-03 19:50:00,18.868000000000002
2004-06-03 19:55:00,18.778
2004-06-03 20:00:00,18.716
2004-06-03 20:05:00,18.656
2004-06-03 20:10:00,18.580000000000002
2004-06-03 20:15:00,18.506
2004-06-03 20:20:00,18.41
2004-06-03 20:25:00,18.286
2004-06-03 20:30:00,18.174
2004-06-03 20:35:00,18.076
2004-06-03 20:40:00,18.084
2004-06-03 20:45:00,17.968
2004-06-03 20:50:00,17.85
2004-06-03 20:55:00,17.728
2004-06-03 21:00:00,17.654
2004-06-03 21:05:00,17.528
2004-06-03 21:10:00,17.432
2004-06-03 21:15:00,17.362000000000002
2004-06-03 21:20:00,17.264
2004-06-03 21:25:00,17.194
2004-06-03 21:30:00,17.128
2004-06-03 21:35:00,17.056
2004-06-03 21:40:00,16.974
2004-06-03 21:45:00,16.919999999999998
2004-06-03 21:50:00,16.828
2004-06-03 21:55:00,16.676
2004-06-03 22:00:00,16.606
2004-06-03 22:05:00,16.528
2004-06-03 22:10:00,16.413999999999998
2004-06-03 22:15:00,16.302
2004-06-03 22:20:00,16.208000000000002
2004-06-03 22:25:00,16.124000000000002
2004-06-03 22:30:00,16.044
2004-06-03 22:35:00,15.931999999999999
2004-06-03 22:40:00,15.84
2004-06-03 22:45:00,15.74
2004-06-03 22:50:00,15.703999999999999
2004-06-03 22:55:00,15.684000000000001
2004-06-03 23:00:00,15.6
2004-06-03 23:05:00,15.547999999999998
2004-06-03 23:10:00,15.488
2004-06-03 23:15:00,15.412
2004-06-03 23:20:00,15.382
2004-06-03 23:25:00,15.366
2004-06-03 23:30:00,15.309999999999999
2004-06-03 23:35:00,15.186000000000002
2004-06-03 23:40:00,15.112
2004-06-03 23:45:00,15.122
2004-06-03 23:50:00,15.024000000000001
2004-06-03 23:55:00,14.975999999999999
2004-06-04 00:00:00,14.925999999999998
2004-06-04 00:05:00,14.872
2004-06-04 00:10:00,14.77
2004-06-04 00:15:00,14.713999999999999
2004-06-04 00:20:00,14.652000000000001
2004-06-04 00:25:00,14.6
2004-06-04 00:30:00,14.528
2004-06-04 00:35:00,14.484
2004-06-04 00:40:00,14.463999999999999
2004-06-04 00:45:00,14.4
2004-06-04 00:50:00,14.378
2004-06-04 00:55:00,14.224
2004-06-04 01:00:00,14.168000000000001
2004-06-04 01:05:00,14.148
2004-06-04 01:10:00,14.034
2004-06-04 01:15:00,13.978
2004-06-04 01:20:00,13.918000000000001
2004-06-04 01:25:00,13.857999999999999
2004-06-04 01:30:00,13.766
2004-06-04 01:35:00,13.62
2004-06-04 01:40:00,13.538
2004-06-04 01:45:00,13.506
2004-06-04 01:50:00,13.447999999999999
2004-06-04 01:55:00,13.440000000000001
2004-06-04 02:00:00,13.382
2004-06-04 02:05:00,13.234
2004-06-04 02:10:00,13.27
2004-06-04 02:15:00,13.248
2004-06-04 02:20:00,13.23
2004-06-04 02:25:00,13.26
2004-06-04 02:30:00,13.252
2004-06-04 02:35:00,13.206
2004-06-04 02:40:00,13.138
2004-06-04 02:45:00,13.13
2004-06-04 02:50:00,13.202000000000002
2004-06-04 02:55:00,13.102
2004-06-04 03:00:00,13.012
2004-06-04 03:05:00,12.908000000000001
2004-06-04 03:10:00,12.886000000000001
2004-06-04 03:15:00,12.87
2004-06-04 03:20:00,12.830000000000002
2004-06-04 03:25:00,12.766
2004-06-04 03:30:00,12.687999999999999
2004-06-04 03:35:00,12.702
2004-06-04 03:40:00,12.706
2004-06-04 03:45:00,12.681999999999999
2004-06-04 03:50:00,12.658
2004-06-04 03:55:00,12.656
2004-06-04 04:00:00,12.756
2004-06-04 04:05:00,12.712
2004-06-04 04:10:00,12.604
2004-06-04 04:15:00,12.564
2004-06-04 04:20:00,12.462
2004-06-04 04:25:00,12.378
2004-06-04 04:30:00,12.436
2004-06-04 04:35:00,12.392
2004-06-04 04:40:00,12.228
2004-06-04 04:45:00,12.214
2004-06-04 04:50:00,12.309999999999999
2004-06-04 04:55:00,12.336
2004-06-04 05:00:00,12.222
2004-06-04 05:05:00,12.190000000000001
2004-06-04 05:10:00,12.338
2004-06-04 05:15:00,12.302000000000001
2004-06-04 05:20:00,12.290000000000001
2004-06-04 05:25:00,12.306000000000001
2004-06-04 05:30:00,12.484
2004-06-04 05:35:00,12.629999999999999
2004-06-04 05:40:00,12.654
2004-06-04 05:45:00,12.931999999999999
2004-06-04 05:50:00,12.75
2004-06-04 05:55:00,12.931999999999999
2004-06-04 06:00:00,12.878
2004-06-04 06:05:00,12.830000000000002
2004-06-04 06:10:00,12.996
2004-06-04 06:15:00,13.25
2004-06-04 06:20:00,13.436000000000002
2004-06-04 06:25:00,13.575999999999999
2004-06-04 06:30:00,13.836000000000002
2004-06-04 06:35:00,13.95
2004-06-04 06:40:00,13.841999999999999
2004-06-04 06:45:00,13.844
2004-06-04 06:50:00,14.338
2004-06-04 06:55:00,14.697999999999999
2004-06-04 07:00:00,14.572
2004-06-04 07:05:00,14.666
2004-06-04 07:10:00,15.068000000000001
2004-06-04 07:15:00,15.1
2004-06-04 07:20:00,15.026
2004-06-04 07:25:00,15.069999999999999
2004-06-04 07:30:00,15.248
2004-06-04 07:35:00,15.14
2004-06-04 07:40:00,15.468
2004-06-04 07:45:00,15.431999999999999
2004-06-04 07:50:00,15.716
2004-06-04 07:55:00,15.959999999999999
2004-06-04 08:00:00,16.125999999999998
2004-06-04 08:05:00,16.204
2004-06-04 08:10:00,16.594
2004-06-04 08:15:00,16.672
2004-06-04 08:20:00,16.48
2004-06-04 08:25:00,16.936
2004-06-04 08:30:00,16.824
2004-06-04 08:35:00,16.782
2004-06-04 08:40:00,16.742
2004-06-04 08:45:00,16.622
2004-06-04 08:50:00,16.774
2004-06-04 08:55:00,17.186
2004-06-04 09:00:00,16.81
2004-06-04 09:05:00,16.966
2004-06-04 09:10:00,17.106
2004-06-04 09:15:00,17.368000000000002
2004-06-04 09:20:00,17.678
2004-06-04 09:25:00,17.904000000000003
2004-06-04 09:30:00,17.718
2004-06-04 09:35:00,17.954
2004-06-04 09:40:00,18.107999999999997
2004-06-04 09:45:00,18.04
2004-06-04 09:50:00,18.008000000000003
2004-06-04 09:55:00,18.266
2004-06-04 10:00:00,18.05
2004-06-04 10:05:00,18.328
2004-06-04 10:10:00,18.178
2004-06-04 10:15:00,18.576
2004-06-04 10:20:00,18.65
2004-06-04 10:25:00,18.740000000000002
2004-06-04 10:30:00,19.080000000000002
2004-06-04 10:35:00,18.863999999999997
2004-06-04 10:40:00,19.148000000000003
2004-06-04 10:45:00,19.228
2004-06-04 10:50:00,19.438
2004-06-04 10:55:00,19.544
2004-06-04 11:00:00,19.792
2004-06-04 11:05:00,19.596
2004-06-04 11:10:00,19.518
2004-06-04 11:15:00,19.8
2004-06-04 11:20:00,19.738
2004-06-04 11:25:00,19.669999999999998
2004-06-04 11:30:00,19.886000000000003
2004-06-04 11:35:00,19.946
2004-06-04 11:40:00,20.112000000000002
2004-06-04 11:45:00,20.631999999999998
2004-06-04 11:50:00,20.494
2004-06-04 11:55:00,20.5
2004-06-04 12:00:00,20.45
2004-06-04 12:05:00,20.546
2004-06-04 12:10:00,20.857999999999997
2004-06-04 12:15:00,20.880000000000003
2004-06-04 12:20:00,21.244
2004-06-04 12:25:00,21.625999999999998
2004-06-04 12:30:00,21.058
2004-06-04 12:35:00,21.125999999999998
2004-06-04 12:40:00,21.098000000000003
2004-06-04 12:45:00,21.204
2004-06-04 12:50:00,20.97
2004-06-04 12:55:00,21.332
2004-06-04 13:00:00,21.602
2004-06-04 13:05:00,21.625999999999998
2004-06-04 13:10:00,21.594
2004-06-04 13:15:00,21.374000000000002
2004-06-04 13:20:00,21.576
2004-06-04 13:25:00,21.636000000000003
2004-06-04 13:30:00,21.694
2004-06-04 13:35:00,21.718
2004-06-04 13:40:00,21.646
2004-06-04 13:45:00,21.68
2004-06-04 13:50:00,22.23
2004-06-04 13:55:00,22.369999999999997
2004-06-04 14:00:00,22.274
2004-06-04 14:05:00,22.366
2004-06-04 14:10:00,22.108
2004-06-04 14:15:00,22.226
2004-06-04 14:20:00,22.024
2004-06-04 14:25:00,22.164
2004-06-04 14:30:00,22.514
2004-06-04 14:35:00,22.018
2004-06-04 14:40:00,22.31
2004-06-04 14:45:00,22.404
2004-06-04 14:50:00,22.47
2004-06-04 14:55:00,22.666
2004-06-04 15:00:00,22.824
2004-06-04 15:05:00,22.406
2004-06-04 15:10:00,22.644
2004-06-04 15:15:00,22.564
2004-06-04 15:20:00,22.752
2004-06-04 15:25:00,22.66
2004-06-04 15:30:00,23.096
2004-06-04 15:35:00,23.342000000000002
2004-06-04 15:40:00,23.058
2004-06-04 15:45:00,22.722
2004-06-04 15:50:00,22.712
2004-06-04 15:55:00,22.86
2004-06-04 16:00:00,23.27
2004-06-04 16:05:00,22.954
2004-06-04 16:10:00,22.808
2004-06-04 16:15:00,23.052
2004-06-04 16:20:00,22.966
2004-06-04 16:25:00,22.85
2004-06-04 16:30:00,22.881999999999998
2004-06-04 16:35:00,22.926
2004-06-04 16:40:00,22.828
2004-06-04 16:45:00,22.842
2004-06-04 16:50:00,22.759999999999998
2004-06-04 16:55:00,22.806
2004-06-04 17:00:00,22.79
2004-06-04 17:05:00,22.976
2004-06-04 17:10:00,23.05
2004-06-04 17:15:00,22.834
2004-06-04 17:20:00,22.832
2004-06-04 17:25:00,22.968
2004-06-04 17:30:00,22.862000000000002
2004-06-04 17:35:00,22.762
2004-06-04 17:40:00,22.704
2004-06-04 17:45:00,22.894
2004-06-04 17:50:00,22.838
2004-06-04 17:55:00,22.718
2004-06-04 18:00:00,22.696
2004-06-04 18:05:00,22.631999999999998
2004-06-04 18:10:00,22.458
2004-06-04 18:15:00,22.5
2004-06-04 18:20:00,22.384
2004-06-04 18:25:00,22.402
2004-06-04 18:30:00,22.468
2004-06-04 18:35:00,22.4
2004-06-04 18:40:00,22.124000000000002
2004-06-04 18:45:00,21.962
2004-06-04 18:50:00,21.9
2004-06-04 18:55:00,21.848
2004-06-04 19:00:00,21.818
2004-06-04 19:05:00,21.776
2004-06-04 19:10:00,21.646
2004-06-04 19:15:00,21.682
2004-06-04 19:20:00,21.624000000000002
2004-06-04 19:25:00,21.542
2004-06-04 19:30:00,21.424
2004-06-04 19:35:00,21.298000000000002
2004-06-04 19:40:00,21.272
2004-06-04 19:45:00,21.15
2004-06-04 19:50:00,21.038
2004-06-04 19:55:00,20.944
2004-06-04 20:00:00,20.913999999999998
2004-06-04 20:05:00,20.869999999999997
2004-06-04 20:10:00,20.822
2004-06-04 20:15:00,20.798
2004-06-04 20:20:00,20.794
2004-06-04 20:25:00,20.756
2004-06-04 20:30:00,20.657999999999998
2004-06-04 20:35:00,20.524
2004-06-04 20:40:00,20.458000000000002
2004-06-04 20:45:00,20.478
2004-06-04 20:50:00,20.43
2004-06-04 20:55:00,20.362000000000002
2004-06-04 21:00:00,20.246000000000002
2004-06-04 21:05:00,20.169999999999998
2004-06-04 21:10:00,20.119999999999997
2004-06-04 21:15:00,20.096
2004-06-04 21:20:00,20.064
2004-06-04 21:25:00,20.026
2004-06-04 21:30:00,19.972
2004-06-04 21:35:00,19.919999999999998
2004-06-04 21:40:00,19.83
2004-06-04 21:45:00,19.78
2004-06-04 21:50:00,19.729999999999997
2004-06-04 21:55:00,19.651999999999997
2004-06-04 22:00:00,19.566
2004-06-04 22:05:00,19.458
2004-06-04 22:10:00,19.448
2004-06-04 22:15:00,19.426
2004-06-04 22:20:00,19.407999999999998
2004-06-04 22:25:00,19.346
2004-06-04 22:30:00,19.312
2004-06-04 22:35:00,19.288
2004-06-04 22:40:00,19.27
2004-06-04 22:45:00,19.178
2004-06-04 22:50:00,19.131999999999998
2004-06-04 22:55:00,19.101999999999997
2004-06-04 23:00:00,19.052
2004-06-04 23:05:00,19.003999999999998
2004-06-04 23:10:00,18.932
2004-06-04 23:15:00,18.951999999999998
2004-06-04 23:20:00,18.880000000000003
2004-06-04 23:25:00,18.838
2004-06-04 23:30:00,18.832
2004-06-04 23:35:00,18.782
2004-06-04 23:40:00,18.663999999999998
2004-06-04 23:45:00,18.39
2004-06-04 23:50:00,18.328
2004-06-04 23:55:00,18.304
2004-06-05 00:00:00,18.19
2004-06-05 00:05:00,17.898
2004-06-05 00:10:00,17.572
2004-06-05 00:15:00,17.363999999999997
2004-06-05 00:20:00,17.162
2004-06-05 00:25:00,17.002
2004-06-05 00:30:00,16.924
2004-06-05 00:35:00,16.772
2004-06-05 00:40:00,16.694
2004-06-05 00:45:00,16.72
2004-06-05 00:50:00,16.782
2004-06-05 00:55:00,16.732
2004-06-05 01:00:00,16.512
2004-06-05 01:05:00,16.518
2004-06-05 01:10:00,16.684
2004-06-05 01:15:00,16.594
2004-06-05 01:20:00,16.466
2004-06-05 01:25:00,16.476
2004-06-05 01:30:00,16.392000000000003
2004-06-05 01:35:00,16.302
2004-06-05 01:40:00,16.3
2004-06-05 01:45:00,16.296
2004-06-05 01:50:00,16.34
2004-06-05 01:55:00,16.387999999999998
2004-06-05 02:00:00,16.434
2004-06-05 02:05:00,16.468
2004-06-05 02:10:00,16.394
2004-06-05 02:15:00,16.32
2004-06-05 02:20:00,16.296
2004-06-05 02:25:00,16.302
2004-06-05 02:30:00,16.334
2004-06-05 02:35:00,16.247999999999998
2004-06-05 02:40:00,16.154
2004-06-05 02:45:00,16.134
2004-06-05 02:50:00,16.240000000000002
2004-06-05 02:55:00,16.31
2004-06-05 03:00:00,16.363999999999997
2004-06-05 03:05:00,16.384
2004-06-05 03:10:00,16.356
2004-06-05 03:15:00,16.328
2004-06-05 03:20:00,16.288
2004-06-05 03:25:00,16.298
2004-06-05 03:30:00,16.288
2004-06-05 03:35:00,16.278
2004-06-05 03:40:00,16.308
2004-06-05 03:45:00,16.32
2004-06-05 03:50:00,16.31
2004-06-05 03:55:00,16.282
2004-06-05 04:00:00,16.259999999999998
2004-06-05 04:05:00,16.28
2004-06-05 04:10:00,16.248
2004-06-05 04:15:00,16.15
2004-06-05 04:20:00,16.212
2004-06-05 04:25:00,16.32
2004-06-05 04:30:00,16.364
2004-06-05 04:35:00,16.342
2004-06-05 04:40:00,16.345999999999997
2004-06-05 04:45:00,16.308
2004-06-05 04:50:00,16.136000000000003
2004-06-05 04:55:00,15.937999999999999
2004-06-05 05:00:00,15.857999999999999
2004-06-05 05:05:00,15.876
2004-06-05 05:10:00,15.852
2004-06-05 05:15:00,15.858
2004-06-05 05:20:00,15.856
2004-06-05 05:25:00,15.866
2004-06-05 05:30:00,15.874
2004-06-05 05:35:00,15.76
2004-06-05 05:40:00,15.632
2004-06-05 05:45:00,15.552000000000001
2004-06-05 05:50:00,15.638
2004-06-05 05:55:00,15.772
2004-06-05 06:00:00,15.86
2004-06-05 06:05:00,16.15
2004-06-05 06:10:00,16.36
2004-06-05 06:15:00,16.568
2004-06-05 06:20:00,16.663999999999998
2004-06-05 06:25:00,16.65
2004-06-05 06:30:00,16.722
2004-06-05 06:35:00,16.79
2004-06-05 06:40:00,17.026
2004-06-05 06:45:00,17.224
2004-06-05 06:50:00,17.246
2004-06-05 06:55:00,17.490000000000002
2004-06-05 07:00:00,17.834
2004-06-05 07:05:00,18.029999999999998
2004-06-05 07:10:00,18.375999999999998
2004-06-05 07:15:00,18.330000000000002
2004-06-05 07:20:00,18.27
2004-06-05 07:25:00,18.418
2004-06-05 07:30:00,18.924
2004-06-05 07:35:00,19.306
2004-06-05 07:40:00,19.65
2004-06-05 07:45:00,19.576
2004-06-05 07:50:00,19.91
2004-06-05 07:55:00,20.07
2004-06-05 08:00:00,20.11
2004-06-05 08:05:00,20.306
2004-06-05 08:10:00,20.374000000000002
2004-06-05 08:15:00,20.7
2004-06-05 08:20:00,20.842
2004-06-05 08:25:00,20.712
2004-06-05 08:30:00,20.65
2004-06-05 08:35:00,20.9
2004-06-05 08:40:00,21.028
2004-06-05 08:45:00,20.96
2004-06-05 08:50:00,21.130000000000003
2004-06-05 08:55:00,21.392000000000003
2004-06-05 09:00:00,21.186
2004-06-05 09:05:00,21.058
2004-06-05 09:10:00,21.128
2004-06-05 09:15:00,21.491999999999997
2004-06-05 09:20:00,21.56
2004-06-05 09:25:00,21.380000000000003
2004-06-05 09:30:00,21.607999999999997
2004-06-05 09:35:00,21.419999999999998
2004-06-05 09:40:00,21.663999999999998
2004-06-05 09:45:00,21.772
2004-06-05 09:50:00,22.03
2004-06-05 09:55:00,22.06
2004-06-05 10:00:00,22.062
2004-06-05 10:05:00,21.978
2004-06-05 10:10:00,21.997999999999998
2004-06-05 10:15:00,22.036
2004-06-05 10:20:00,22.186
2004-06-05 10:25:00,22.384
2004-06-05 10:30:00,22.724
2004-06-05 10:35:00,22.96
2004-06-05 10:40:00,22.668
2004-06-05 10:45:00,22.55
2004-06-05 10:50:00,22.986
2004-06-05 10:55:00,22.7
2004-06-05 11:00:00,22.694
2004-06-05 11:05:00,22.802
2004-06-05 11:10:00,22.830000000000002
2004-06-05 11:15:00,23.112000000000002
2004-06-05 11:20:00,23.454
2004-06-05 11:25:00,23.112000000000002
2004-06-05 11:30:00,23.312
2004-06-05 11:35:00,23.516000000000002
2004-06-05 11:40:00,23.452
2004-06-05 11:45:00,23.646
2004-06-05 11:50:00,23.606
2004-06-05 11:55:00,23.634
2004-06-05 12:00:00,23.806
2004-06-05 12:05:00,23.598000000000003
2004-06-05 12:10:00,23.413999999999998
2004-06-05 12:15:00,23.576
2004-06-05 12:20:00,23.808
2004-06-05 12:25:00,23.872
2004-06-05 12:30:00,23.662
2004-06-05 12:35:00,23.612000000000002
2004-06-05 12:40:00,23.774
2004-06-05 12:45:00,23.880000000000003
2004-06-05 12:50:00,23.866
2004-06-05 12:55:00,24.130000000000003
2004-06-05 13:00:00,24.162
2004-06-05 13:05:00,23.997999999999998
2004-06-05 13:10:00,23.906
2004-06-05 13:15:00,24.542
2004-06-05 13:20:00,24.312
2004-06-05 13:25:00,24.357999999999997
2004-06-05 13:30:00,24.55
2004-06-05 13:35:00,24.736
2004-06-05 13:40:00,24.722
2004-06-05 13:45:00,24.774
2004-06-05 13:50:00,25.094
2004-06-05 13:55:00,24.886000000000003
2004-06-05 14:00:00,24.674
2004-06-05 14:05:00,24.656
2004-06-05 14:10:00,24.714
2004-06-05 14:15:00,25.11
2004-06-05 14:20:00,24.684
2004-06-05 14:25:00,24.826
2004-06-05 14:30:00,25.006
2004-06-05 14:35:00,24.962
2004-06-05 14:40:00,25.128
2004-06-05 14:45:00,25.076
2004-06-05 14:50:00,25.428
2004-06-05 14:55:00,25.238
2004-06-05 15:00:00,25.158
2004-06-05 15:05:00,25.194
2004-06-05 15:10:00,25.318
2004-06-05 15:15:00,25.206
2004-06-05 15:20:00,25.348000000000003
2004-06-05 15:25:00,24.934
2004-06-05 15:30:00,24.966
2004-06-05 15:35:00,24.956
2004-06-05 15:40:00,25.028
2004-06-05 15:45:00,24.814
2004-06-05 15:50:00,24.874000000000002
2004-06-05 15:55:00,24.906
2004-06-05 16:00:00,25.28
2004-06-05 16:05:00,25.284
2004-06-05 16:10:00,25.012
2004-06-05 16:15:00,25.242
2004-06-05 16:20:00,24.814
2004-06-05 16:25:00,24.674
2004-06-05 16:30:00,24.944
2004-06-05 16:35:00,25.102
2004-06-05 16:40:00,25.298000000000002
2004-06-05 16:45:00,24.966
2004-06-05 16:50:00,24.994
2004-06-05 16:55:00,25.008000000000003
2004-06-05 17:00:00,24.904
2004-06-05 17:05:00,24.880000000000003
2004-06-05 17:10:00,25.064
2004-06-05 17:15:00,25.246000000000002
2004-06-05 17:20:00,25.186
2004-06-05 17:25:00,25.062
2004-06-05 17:30:00,25.142000000000003
2004-06-05 17:35:00,24.996000000000002
2004-06-05 17:40:00,25.046
2004-06-05 17:45:00,24.95
2004-06-05 17:50:00,24.818
2004-06-05 17:55:00,24.674
2004-06-05 18:00:00,24.814
2004-06-05 18:05:00,24.808
2004-06-05 18:10:00,24.804
2004-06-05 18:15:00,24.68
2004-06-05 18:20:00,24.678
2004-06-05 18:25:00,24.728
2004-06-05 18:30:00,24.598000000000003
2004-06-05 18:35:00,24.466
2004-06-05 18:40:00,24.43
2004-06-05 18:45:00,24.381999999999998
2004-06-05 18:50:00,24.34
2004-06-05 18:55:00,24.29
2004-06-05 19:00:00,24.21
2004-06-05 19:05:00,24.195999999999998
2004-06-05 19:10:00,24.036
2004-06-05 19:15:00,23.93
2004-06-05 19:20:00,23.833999999999996
2004-06-05 19:25:00,23.740000000000002
2004-06-05 19:30:00,23.652
2004-06-05 19:35:00,23.578
2004-06-05 19:40:00,23.516
2004-06-05 19:45:00,23.38
2004-06-05 19:50:00,23.240000000000002
2004-06-05 19:55:00,23.174
2004-06-05 20:00:00,23.054
2004-06-05 20:05:00,22.970000000000002
2004-06-05 20:10:00,22.913999999999998
2004-06-05 20:15:00,22.816
2004-06-05 20:20:00,22.728
2004-06-05 20:25:00,22.637999999999998
2004-06-05 20:30:00,22.596
2004-06-05 20:35:00,22.566
2004-06-05 20:40:00,22.45
2004-06-05 20:45:00,22.374000000000002
2004-06-05 20:50:00,22.375999999999998
2004-06-05 20:55:00,22.426
2004-06-05 21:00:00,22.338
2004-06-05 21:05:00,22.224
2004-06-05 21:10:00,22.142000000000003
2004-06-05 21:15:00,22.044
2004-06-05 21:20:00,21.945999999999998
2004-06-05 21:25:00,21.85
2004-06-05 21:30:00,21.812
2004-06-05 21:35:00,21.77
2004-06-05 21:40:00,21.726
2004-06-05 21:45:00,21.622
2004-06-05 21:50:00,21.518
2004-06-05 21:55:00,21.416000000000004
2004-06-05 22:00:00,21.316
2004-06-05 22:05:00,21.258
2004-06-05 22:10:00,21.137999999999998
2004-06-05 22:15:00,21.012
2004-06-05 22:20:00,20.924
2004-06-05 22:25:00,20.736
2004-06-05 22:30:00,20.588
2004-06-05 22:35:00,20.496000000000002
2004-06-05 22:40:00,20.4
2004-06-05 22:45:00,20.332
2004-06-05 22:50:00,20.268
2004-06-05 22:55:00,20.182
2004-06-05 23:00:00,20.130000000000003
2004-06-05 23:05:00,20.066
2004-06-05 23:10:00,20.024
2004-06-05 23:15:00,19.906
2004-06-05 23:20:00,19.854000000000003
2004-06-05 23:25:00,19.832
2004-06-05 23:30:00,19.784
2004-06-05 23:35:00,19.734
2004-06-05 23:40:00,19.692
2004-06-05 23:45:00,19.631999999999998
2004-06-05 23:50:00,19.558
2004-06-05 23:55:00,19.474
2004-06-06 00:00:00,19.404
2004-06-06 00:05:00,19.32
2004-06-06 00:10:00,19.334
2004-06-06 00:15:00,19.206
2004-06-06 00:20:00,19.09
2004-06-06 00:25:00,18.998
2004-06-06 00:30:00,18.962
2004-06-06 00:35:00,18.96
2004-06-06 00:40:00,18.956
2004-06-06 00:45:00,18.922
2004-06-06 00:50:00,18.732
2004-06-06 00:55:00,18.592000000000002
2004-06-06 01:00:00,18.432
2004-06-06 01:05:00,18.462
2004-06-06 01:10:00,18.414
2004-06-06 01:15:00,18.35
2004-06-06 01:20:00,18.314
2004-06-06 01:25:00,18.258
2004-06-06 01:30:00,18.188
2004-06-06 01:35:00,18.144
2004-06-06 01:40:00,18.137999999999998
2004-06-06 01:45:00,18.082
2004-06-06 01:50:00,18.066
2004-06-06 01:55:00,18.058
2004-06-06 02:00:00,18.003999999999998
2004-06-06 02:05:00,17.966
2004-06-06 02:10:00,17.907999999999998
2004-06-06 02:15:00,17.887999999999998
2004-06-06 02:20:00,17.878
2004-06-06 02:25:00,17.792
2004-06-06 02:30:00,17.729999999999997
2004-06-06 02:35:00,17.686
2004-06-06 02:40:00,17.642000000000003
2004-06-06 02:45:00,17.580000000000002
2004-06-06 02:50:00,17.509999999999998
2004-06-06 02:55:00,17.526
2004-06-06 03:00:00,17.554
2004-06-06 03:05:00,17.509999999999998
2004-06-06 03:10:00,17.45
2004-06-06 03:15:00,17.387999999999998
2004-06-06 03:20:00,17.286
2004-06-06 03:25:00,17.19
2004-06-06 03:30:00,17.136000000000003
2004-06-06 03:35:00,17.096
2004-06-06 03:40:00,17.016
2004-06-06 03:45:00,16.894
2004-06-06 03:50:00,16.75
2004-06-06 03:55:00,16.631999999999998
2004-06-06 04:00:00,16.619999999999997
2004-06-06 04:05:00,16.426
2004-06-06 04:10:00,16.296
2004-06-06 04:15:00,16.253999999999998
2004-06-06 04:20:00,16.172
2004-06-06 04:25:00,16.082
2004-06-06 04:30:00,16.19
2004-06-06 04:35:00,16.214000000000002
2004-06-06 04:40:00,16.226
2004-06-06 04:45:00,16.314
2004-06-06 04:50:00,16.286
2004-06-06 04:55:00,16.18
2004-06-06 05:00:00,16.07
2004-06-06 05:05:00,16.088
2004-06-06 05:10:00,16.026
2004-06-06 05:15:00,16.038
2004-06-06 05:20:00,16.178
2004-06-06 05:25:00,16.318
2004-06-06 05:30:00,16.354
2004-06-06 05:35:00,16.381999999999998
2004-06-06 05:40:00,16.572
2004-06-06 05:45:00,16.613999999999997
2004-06-06 05:50:00,16.631999999999998
2004-06-06 05:55:00,16.708
2004-06-06 06:00:00,16.966
2004-06-06 06:05:00,17.058
2004-06-06 06:10:00,17.408
2004-06-06 06:15:00,17.758
2004-06-06 06:20:00,17.798000000000002
2004-06-06 06:25:00,18.13
2004-06-06 06:30:00,18.448
2004-06-06 06:35:00,18.488
2004-06-06 06:40:00,18.528
2004-06-06 06:45:00,18.562
2004-06-06 06:50:00,18.87
2004-06-06 06:55:00,18.752000000000002
2004-06-06 07:00:00,18.968
2004-06-06 07:05:00,19.026
2004-06-06 07:10:00,18.966
2004-06-06 07:15:00,19.064
2004-06-06 07:20:00,19.2
2004-06-06 07:25:00,19.324
2004-06-06 07:30:00,19.294
2004-06-06 07:35:00,19.580000000000002
2004-06-06 07:40:00,19.73
2004-06-06 07:45:00,19.866
2004-06-06 07:50:00,19.916
2004-06-06 07:55:00,20.504
2004-06-06 08:00:00,20.696
2004-06-06 08:05:00,20.478
2004-06-06 08:10:00,20.407999999999998
2004-06-06 08:15:00,20.508
2004-06-06 08:20:00,20.541999999999998
2004-06-06 08:25:00,21.102
2004-06-06 08:30:00,20.916
2004-06-06 08:35:00,20.806
2004-06-06 08:40:00,21.144
2004-06-06 08:45:00,21.198
2004-06-06 08:50:00,21.208
2004-06-06 08:55:00,21.28
2004-06-06 09:00:00,21.418
2004-06-06 09:05:00,21.601999999999997
2004-06-06 09:10:00,21.796
2004-06-06 09:15:00,21.89
2004-06-06 09:20:00,22.04
2004-06-06 09:25:00,21.976
2004-06-06 09:30:00,22.192
2004-06-06 09:35:00,22.358
2004-06-06 09:40:00,22.651999999999997
2004-06-06 09:45:00,22.734
2004-06-06 09:50:00,22.622
2004-06-06 09:55:00,22.976
2004-06-06 10:00:00,23.02
2004-06-06 10:05:00,23.232
2004-06-06 10:10:00,23.228
2004-06-06 10:15:00,23.002000000000002
2004-06-06 10:20:00,22.972
2004-06-06 10:25:00,23.18
2004-06-06 10:30:00,23.712
2004-06-06 10:35:00,23.512
2004-06-06 10:40:00,23.445999999999998
2004-06-06 10:45:00,23.59
2004-06-06 10:50:00,23.994
2004-06-06 10:55:00,24.22
2004-06-06 11:00:00,23.875999999999998
2004-06-06 11:05:00,23.972
2004-06-06 11:10:00,23.962
2004-06-06 11:15:00,24.188
2004-06-06 11:20:00,24.25
2004-06-06 11:25:00,24.406
2004-06-06 11:30:00,24.326
2004-06-06 11:35:00,24.496000000000002
2004-06-06 11:40:00,24.518
2004-06-06 11:45:00,24.648000000000003
2004-06-06 11:50:00,25.756
2004-06-06 11:55:00,25.344
2004-06-06 12:00:00,25.092000000000002
2004-06-06 12:05:00,25.266
2004-06-06 12:10:00,25.438
2004-06-06 12:15:00,25.566
2004-06-06 12:20:00,25.497999999999998
2004-06-06 12:25:00,25.212
2004-06-06 12:30:00,25.25
2004-06-06 12:35:00,25.509999999999998
2004-06-06 12:40:00,25.689999999999998
2004-06-06 12:45:00,25.618000000000002
2004-06-06 12:50:00,25.857999999999997
2004-06-06 12:55:00,26.374000000000002
2004-06-06 13:00:00,26.254
2004-06-06 13:05:00,25.76
2004-06-06 13:10:00,26.176
2004-06-06 13:15:00,26.274
2004-06-06 13:20:00,26.004
2004-06-06 13:25:00,25.983999999999998
2004-06-06 13:30:00,26.65
2004-06-06 13:35:00,26.208
2004-06-06 13:40:00,26.094
2004-06-06 13:45:00,26.642000000000003
2004-06-06 13:50:00,27.05
2004-06-06 13:55:00,27.028
2004-06-06 14:00:00,26.682
2004-06-06 14:05:00,26.996
2004-06-06 14:10:00,27.038
2004-06-06 14:15:00,26.836000000000002
2004-06-06 14:20:00,26.812
2004-06-06 14:25:00,26.945999999999998
2004-06-06 14:30:00,26.868000000000002
2004-06-06 14:35:00,27.077999999999996
2004-06-06 14:40:00,27.080000000000002
2004-06-06 14:45:00,27.189999999999998
2004-06-06 14:50:00,26.994
2004-06-06 14:55:00,27.04
2004-06-06 15:00:00,27.03
2004-06-06 15:05:00,27.380000000000003
2004-06-06 15:10:00,27.5
2004-06-06 15:15:00,27.308
2004-06-06 15:20:00,27.326
2004-06-06 15:25:00,27.556
2004-06-06 15:30:00,27.342000000000002
2004-06-06 15:35:00,27.308
2004-06-06 15:40:00,27.392000000000003
2004-06-06 15:45:00,27.368000000000002
2004-06-06 15:50:00,27.356
2004-06-06 15:55:00,27.631999999999998
2004-06-06 16:00:00,27.722
2004-06-06 16:05:00,28.058
2004-06-06 16:10:00,28.236
2004-06-06 16:15:00,28.21
2004-06-06 16:20:00,28.226
2004-06-06 16:25:00,28.026
2004-06-06 16:30:00,28.444
2004-06-06 16:35:00,27.895999999999997
2004-06-06 16:40:00,28.064
2004-06-06 16:45:00,27.9
2004-06-06 16:50:00,27.892000000000003
2004-06-06 16:55:00,28.182
2004-06-06 17:00:00,27.922000000000004
2004-06-06 17:05:00,27.704
2004-06-06 17:10:00,27.806
2004-06-06 17:15:00,27.677999999999997
2004-06-06 17:20:00,27.524
2004-06-06 17:25:00,27.434000000000005
2004-06-06 17:30:00,27.532
2004-06-06 17:35:00,27.46
2004-06-06 17:40:00,27.606
2004-06-06 17:45:00,27.708
2004-06-06 17:50:00,27.68
2004-06-06 17:55:00,27.514
2004-06-06 18:00:00,27.689999999999998
2004-06-06 18:05:00,27.554000000000002
2004-06-06 18:10:00,27.302
2004-06-06 18:15:00,27.26
2004-06-06 18:20:00,27.224
2004-06-06 18:25:00,27.084000000000003
2004-06-06 18:30:00,26.948
2004-06-06 18:35:00,26.887999999999998
2004-06-06 18:40:00,26.804000000000002
2004-06-06 18:45:00,26.669999999999998
2004-06-06 18:50:00,26.645999999999997
2004-06-06 18:55:00,26.654000000000003
2004-06-06 19:00:00,26.634000000000004
2004-06-06 19:05:00,26.57
2004-06-06 19:10:00,26.502
2004-06-06 19:15:00,26.43
2004-06-06 19:20:00,26.326
2004-06-06 19:25:00,26.227999999999998
2004-06-06 19:30:00,25.698
2004-06-06 19:35:00,24.82
2004-06-06 19:40:00,24.342000000000002
2004-06-06 19:45:00,24.113999999999997
2004-06-06 19:50:00,23.894
2004-06-06 19:55:00,23.669999999999998
2004-06-06 20:00:00,23.438
2004-06-06 20:05:00,23.214
2004-06-06 20:10:00,23.072
2004-06-06 20:15:00,22.96
2004-06-06 20:20:00,22.814
2004-06-06 20:25:00,22.666
2004-06-06 20:30:00,22.548
2004-06-06 20:35:00,22.33
2004-06-06 20:40:00,22.148
2004-06-06 20:45:00,21.996000000000002
2004-06-06 20:50:00,21.846
2004-06-06 20:55:00,21.788
2004-06-06 21:00:00,21.674
2004-06-06 21:05:00,21.562
2004-06-06 21:10:00,21.4
2004-06-06 21:15:00,21.284
2004-06-06 21:20:00,21.172
2004-06-06 21:25:00,21.056
2004-06-06 21:30:00,20.96
2004-06-06 21:35:00,20.834
2004-06-06 21:40:00,20.684
2004-06-06 21:45:00,20.518
2004-06-06 21:50:00,20.356
2004-06-06 21:55:00,20.238
2004-06-06 22:00:00,20.118000000000002
2004-06-06 22:05:00,19.992
2004-06-06 22:10:00,19.886
2004-06-06 22:15:00,19.75
2004-06-06 22:20:00,19.618000000000002
2004-06-06 22:25:00,19.518
2004-06-06 22:30:00,19.326
2004-06-06 22:35:00,19.23
2004-06-06 22:40:00,19.130000000000003
2004-06-06 22:45:00,19.0
2004-06-06 22:50:00,18.892
2004-06-06 22:55:00,18.774
2004-06-06 23:00:00,18.672
2004-06-06 23:05:00,18.604000000000003
2004-06-06 23:10:00,18.536
2004-06-06 23:15:00,18.520000000000003
2004-06-06 23:20:00,18.524
2004-06-06 23:25:00,18.41
2004-06-06 23:30:00,18.387999999999998
2004-06-06 23:35:00,18.39
2004-06-06 23:40:00,18.356
2004-06-06 23:45:00,18.36
2004-06-06 23:50:00,18.378
2004-06-06 23:55:00,18.395999999999997
2004-06-07 00:00:00,18.424
2004-06-07 00:05:00,18.336
2004-06-07 00:10:00,18.272
2004-06-07 00:15:00,18.442
2004-06-07 00:20:00,18.758000000000003
2004-06-07 00:25:00,19.106
2004-06-07 00:30:00,19.345999999999997
2004-06-07 00:35:00,19.444
2004-06-07 00:40:00,19.378
2004-06-07 00:45:00,19.218
2004-06-07 00:50:00,19.062
2004-06-07 00:55:00,19.014
2004-06-07 01:00:00,19.058
2004-06-07 01:05:00,19.084
2004-06-07 01:10:00,19.184
2004-06-07 01:15:00,19.266
2004-06-07 01:20:00,19.202
2004-06-07 01:25:00,19.146
2004-06-07 01:30:00,19.044
2004-06-07 01:35:00,18.93
2004-06-07 01:40:00,18.82
2004-06-07 01:45:00,18.872
2004-06-07 01:50:00,19.05
2004-06-07 01:55:00,19.116
2004-06-07 02:00:00,19.119999999999997
2004-06-07 02:05:00,19.162
2004-06-07 02:10:00,19.19
2004-06-07 02:15:00,19.226
2004-06-07 02:20:00,19.274
2004-06-07 02:25:00,19.248
2004-06-07 02:30:00,19.233999999999998
2004-06-07 02:35:00,19.202
2004-06-07 02:40:00,19.112000000000002
2004-06-07 02:45:00,19.036
2004-06-07 02:50:00,19.014
2004-06-07 02:55:00,19.018
2004-06-07 03:00:00,19.034
2004-06-07 03:05:00,19.042
2004-06-07 03:10:00,19.024
2004-06-07 03:15:00,18.956
2004-06-07 03:20:00,18.9
2004-06-07 03:25:00,18.852
2004-06-07 03:30:00,18.776
2004-06-07 03:35:00,18.747999999999998
2004-06-07 03:40:00,18.714
2004-06-07 03:45:00,18.698
2004-06-07 03:50:00,18.724
2004-06-07 03:55:00,18.698
2004-06-07 04:00:00,18.78
2004-06-07 04:05:00,18.887999999999998
2004-06-07 04:10:00,18.901999999999997
2004-06-07 04:15:00,18.908
2004-06-07 04:20:00,18.934
2004-06-07 04:25:00,18.988
2004-06-07 04:30:00,19.116
2004-06-07 04:35:00,19.130000000000003
2004-06-07 04:40:00,19.064
2004-06-07 04:45:00,18.894
2004-06-07 04:50:00,18.71
2004-06-07 04:55:00,18.509999999999998
2004-06-07 05:00:00,18.384
2004-06-07 05:05:00,18.446
2004-06-07 05:10:00,18.442
2004-06-07 05:15:00,18.490000000000002
2004-06-07 05:20:00,18.558
2004-06-07 05:25:00,18.669999999999998
2004-06-07 05:30:00,18.759999999999998
2004-06-07 05:35:00,18.874000000000002
2004-06-07 05:40:00,18.938
2004-06-07 05:45:00,18.952
2004-06-07 05:50:00,19.003999999999998
2004-06-07 05:55:00,19.137999999999998
2004-06-07 06:00:00,19.29
2004-06-07 06:05:00,19.408
2004-06-07 06:10:00,19.491999999999997
2004-06-07 06:15:00,19.478
2004-06-07 06:20:00,19.534
2004-06-07 06:25:00,19.594
2004-06-07 06:30:00,19.726
2004-06-07 06:35:00,19.756
2004-06-07 06:40:00,19.924
2004-06-07 06:45:00,19.89
2004-06-07 06:50:00,20.044
2004-06-07 06:55:00,20.074
2004-06-07 07:00:00,20.108
2004-06-07 07:05:00,20.156
2004-06-07 07:10:00,20.222
2004-06-07 07:15:00,20.262
2004-06-07 07:20:00,20.328
2004-06-07 07:25:00,20.363999999999997
2004-06-07 07:30:00,20.386000000000003
2004-06-07 07:35:00,20.472
2004-06-07 07:40:00,20.674
2004-06-07 07:45:00,20.786
2004-06-07 07:50:00,20.71
2004-06-07 07:55:00,20.990000000000002
2004-06-07 08:00:00,21.137999999999998
2004-06-07 08:05:00,21.274
2004-06-07 08:10:00,21.240000000000002
2004-06-07 08:15:00,21.394
2004-06-07 08:20:00,21.578
2004-06-07 08:25:00,21.607999999999997
2004-06-07 08:30:00,21.808
2004-06-07 08:35:00,21.644
2004-06-07 08:40:00,21.754
2004-06-07 08:45:00,21.952
2004-06-07 08:50:00,22.107999999999997
2004-06-07 08:55:00,22.112000000000002
2004-06-07 09:00:00,22.228
2004-06-07 09:05:00,22.184
2004-06-07 09:10:00,22.236
2004-06-07 09:15:00,22.322
2004-06-07 09:20:00,22.172
2004-06-07 09:25:00,22.438
2004-06-07 09:30:00,22.474
2004-06-07 09:35:00,22.476
2004-06-07 09:40:00,22.412
2004-06-07 09:45:00,22.616000000000003
2004-06-07 09:50:00,22.836
2004-06-07 09:55:00,23.157999999999998
2004-06-07 10:00:00,23.514
2004-06-07 10:05:00,23.258
2004-06-07 10:10:00,23.078
2004-06-07 10:15:00,23.336000000000002
2004-06-07 10:20:00,23.814
2004-06-07 10:25:00,23.759999999999998
2004-06-07 10:30:00,23.678
2004-06-07 10:35:00,24.034
2004-06-07 10:40:00,23.91
2004-06-07 10:45:00,23.906
2004-06-07 10:50:00,23.878
2004-06-07 10:55:00,24.222
2004-06-07 11:00:00,24.214
2004-06-07 11:05:00,24.322
2004-06-07 11:10:00,24.372
2004-06-07 11:15:00,24.636000000000003
2004-06-07 11:20:00,25.062
2004-06-07 11:25:00,25.404
2004-06-07 11:30:00,24.951999999999998
2004-06-07 11:35:00,25.168
2004-06-07 11:40:00,25.339999999999996
2004-06-07 11:45:00,25.266
2004-06-07 11:50:00,25.582
2004-06-07 11:55:00,25.792
2004-06-07 12:00:00,25.692
2004-06-07 12:05:00,25.630000000000003
2004-06-07 12:10:00,25.838
2004-06-07 12:15:00,25.830000000000002
2004-06-07 12:20:00,26.052
2004-06-07 12:25:00,25.774
2004-06-07 12:30:00,26.024
2004-06-07 12:35:00,26.106
2004-06-07 12:40:00,26.115999999999996
2004-06-07 12:45:00,25.933999999999997
2004-06-07 12:50:00,25.868000000000002
2004-06-07 12:55:00,26.432
2004-06-07 13:00:00,26.424
2004-06-07 13:05:00,26.442
2004-06-07 13:10:00,26.786
2004-06-07 13:15:00,26.762
2004-06-07 13:20:00,26.676
2004-06-07 13:25:00,26.516000000000002
2004-06-07 13:30:00,26.462
2004-06-07 13:35:00,26.506
2004-06-07 13:40:00,26.401999999999997
2004-06-07 13:45:00,26.363999999999997
2004-06-07 13:50:00,26.380000000000003
2004-06-07 13:55:00,26.35
2004-06-07 14:00:00,26.404000000000003
2004-06-07 14:05:00,26.163999999999998
2004-06-07 14:10:00,26.672000000000004
2004-06-07 14:15:00,26.568
2004-06-07 14:20:00,26.474
2004-06-07 14:25:00,26.532
2004-06-07 14:30:00,26.542
2004-06-07 14:35:00,26.314
2004-06-07 14:40:00,26.344
2004-06-07 14:45:00,26.136000000000003
2004-06-07 14:50:00,26.188
2004-06-07 14:55:00,26.381999999999998
2004-06-07 15:00:00,26.25
2004-06-07 15:05:00,26.318
2004-06-07 15:10:00,26.354000000000003
2004-06-07 15:15:00,26.483999999999998
2004-06-07 15:20:00,26.778000000000002
2004-06-07 15:25:00,26.422000000000004
2004-06-07 15:30:00,26.238
2004-06-07 15:35:00,26.268
2004-06-07 15:40:00,26.353999999999996
2004-06-07 15:45:00,26.144
2004-06-07 15:50:00,26.222
2004-06-07 15:55:00,26.22
2004-06-07 16:00:00,26.119999999999997
2004-06-07 16:05:00,26.142000000000003
2004-06-07 16:10:00,26.002
2004-06-07 16:15:00,25.868000000000002
2004-06-07 16:20:00,25.630000000000003
2004-06-07 16:25:00,25.419999999999998
2004-06-07 16:30:00,25.3
2004-06-07 16:35:00,25.286
2004-06-07 16:40:00,25.357999999999997
2004-06-07 16:45:00,25.162
2004-06-07 16:50:00,25.066
2004-06-07 16:55:00,25.076
2004-06-07 17:00:00,25.23
2004-06-07 17:05:00,25.424
2004-06-07 17:10:00,25.137999999999998
2004-06-07 17:15:00,24.830000000000002
2004-06-07 17:20:00,24.726
2004-06-07 17:25:00,24.606
2004-06-07 17:30:00,24.654
2004-06-07 17:35:00,24.706
2004-06-07 17:40:00,24.56
2004-06-07 17:45:00,24.434
2004-06-07 17:50:00,24.375999999999998
2004-06-07 17:55:00,24.246000000000002
2004-06-07 18:00:00,24.128
2004-06-07 18:05:00,23.990000000000002
2004-06-07 18:10:00,23.898000000000003
2004-06-07 18:15:00,23.786
2004-06-07 18:20:00,23.613999999999997
2004-06-07 18:25:00,23.509999999999998
2004-06-07 18:30:00,23.304000000000002
2004-06-07 18:35:00,23.142000000000003
2004-06-07 18:40:00,23.056
2004-06-07 18:45:00,22.962
2004-06-07 18:50:00,22.866
2004-06-07 18:55:00,22.834
2004-06-07 19:00:00,22.61
2004-06-07 19:05:00,22.472
2004-06-07 19:10:00,22.419999999999998
2004-06-07 19:15:00,22.351999999999997
2004-06-07 19:20:00,22.274
2004-06-07 19:25:00,22.164
2004-06-07 19:30:00,22.082
2004-06-07 19:35:00,22.0
2004-06-07 19:40:00,21.918
2004-06-07 19:45:00,21.844
2004-06-07 19:50:00,21.768
2004-06-07 19:55:00,21.684
2004-06-07 20:00:00,21.594
2004-06-07 20:05:00,21.54
2004-06-07 20:10:00,21.28
2004-06-07 20:15:00,21.21
2004-06-07 20:20:00,21.116
2004-06-07 20:25:00,21.074
2004-06-07 20:30:00,21.056
2004-06-07 20:35:00,21.068
2004-06-07 20:40:00,21.02
2004-06-07 20:45:00,20.982
2004-06-07 20:50:00,20.972
2004-06-07 20:55:00,20.996
2004-06-07 21:00:00,21.052
2004-06-07 21:05:00,20.802
2004-06-07 21:10:00,20.68
2004-06-07 21:15:00,20.458000000000002
2004-06-07 21:20:00,20.395999999999997
2004-06-07 21:25:00,20.428
2004-06-07 21:30:00,20.41
2004-06-07 21:35:00,20.35
2004-06-07 21:40:00,20.342000000000002
2004-06-07 21:45:00,20.326
2004-06-07 21:50:00,20.44
2004-06-07 21:55:00,20.345999999999997
2004-06-07 22:00:00,20.252000000000002
2004-06-07 22:05:00,20.134
2004-06-07 22:10:00,20.19
2004-06-07 22:15:00,20.148
2004-06-07 22:20:00,19.946
2004-06-07 22:25:00,19.816
2004-06-07 22:30:00,19.880000000000003
2004-06-07 22:35:00,19.924
2004-06-07 22:40:00,19.806
2004-06-07 22:45:00,19.856
2004-06-07 22:50:00,19.704
2004-06-07 22:55:00,19.598
2004-06-07 23:00:00,19.506
2004-06-07 23:05:00,19.472
2004-06-07 23:10:00,19.5
2004-06-07 23:15:00,19.416
2004-06-07 23:20:00,19.378
2004-06-07 23:25:00,19.272
2004-06-07 23:30:00,19.172
2004-06-07 23:35:00,19.098000000000003
2004-06-07 23:40:00,19.054
2004-06-07 23:45:00,19.062
2004-06-07 23:50:00,18.808
2004-06-07 23:55:00,18.718
2004-06-08 00:00:00,18.676
2004-06-08 00:05:00,18.604000000000003
2004-06-08 00:10:00,18.544
2004-06-08 00:15:00,18.512
2004-06-08 00:20:00,18.464
2004-06-08 00:25:00,18.404
2004-06-08 00:30:00,18.32
2004-06-08 00:35:00,18.23
2004-06-08 00:40:00,18.146
2004-06-08 00:45:00,18.064
2004-06-08 00:50:00,18.012
2004-06-08 00:55:00,17.964
2004-06-08 01:00:00,17.906
2004-06-08 01:05:00,17.918
2004-06-08 01:10:00,17.830000000000002
2004-06-08 01:15:00,17.688
2004-06-08 01:20:00,17.552
2004-06-08 01:25:00,17.462
2004-06-08 01:30:00,17.413999999999998
2004-06-08 01:35:00,17.314
2004-06-08 01:40:00,17.314
2004-06-08 01:45:00,17.272
2004-06-08 01:50:00,17.206
2004-06-08 01:55:00,17.068
2004-06-08 02:00:00,17.012
2004-06-08 02:05:00,16.94
2004-06-08 02:10:00,16.857999999999997
2004-06-08 02:15:00,16.894
2004-06-08 02:20:00,16.752
2004-06-08 02:25:00,16.684
2004-06-08 02:30:00,16.666
2004-06-08 02:35:00,16.546
2004-06-08 02:40:00,16.503999999999998
2004-06-08 02:45:00,16.466
2004-06-08 02:50:00,16.488
2004-06-08 02:55:00,16.418
2004-06-08 03:00:00,16.363999999999997
2004-06-08 03:05:00,16.332
2004-06-08 03:10:00,16.286
2004-06-08 03:15:00,16.148
2004-06-08 03:20:00,16.014
2004-06-08 03:25:00,15.942000000000002
2004-06-08 03:30:00,16.0
2004-06-08 03:35:00,16.216
2004-06-08 03:40:00,16.1
2004-06-08 03:45:00,16.076
2004-06-08 03:50:00,15.99
2004-06-08 03:55:00,15.904
2004-06-08 04:00:00,15.862
2004-06-08 04:05:00,15.898
2004-06-08 04:10:00,15.912
2004-06-08 04:15:00,15.872
2004-06-08 04:20:00,15.806000000000001
2004-06-08 04:25:00,15.738
2004-06-08 04:30:00,16.05
2004-06-08 04:35:00,16.306
2004-06-08 04:40:00,16.106
2004-06-08 04:45:00,15.978
2004-06-08 04:50:00,15.846
2004-06-08 04:55:00,15.802000000000001
2004-06-08 05:00:00,15.834
2004-06-08 05:05:00,16.020000000000003
2004-06-08 05:10:00,16.134
2004-06-08 05:15:00,16.234
2004-06-08 05:20:00,16.362000000000002
2004-06-08 05:25:00,16.416
2004-06-08 05:30:00,16.336000000000002
2004-06-08 05:35:00,16.240000000000002
2004-06-08 05:40:00,16.381999999999998
2004-06-08 05:45:00,16.458
2004-06-08 05:50:00,16.532
2004-06-08 05:55:00,16.718
2004-06-08 06:00:00,16.776
2004-06-08 06:05:00,17.046
2004-06-08 06:10:00,17.363999999999997
2004-06-08 06:15:00,17.36
2004-06-08 06:20:00,17.536
2004-06-08 06:25:00,17.532
2004-06-08 06:30:00,17.7
2004-06-08 06:35:00,17.872
2004-06-08 06:40:00,18.113999999999997
2004-06-08 06:45:00,18.228
2004-06-08 06:50:00,18.419999999999998
2004-06-08 06:55:00,18.351999999999997
2004-06-08 07:00:00,18.724
2004-06-08 07:05:00,18.656
2004-06-08 07:10:00,18.834
2004-06-08 07:15:00,18.948
2004-06-08 07:20:00,18.868000000000002
2004-06-08 07:25:00,18.972
2004-06-08 07:30:00,19.148000000000003
2004-06-08 07:35:00,19.526
2004-06-08 07:40:00,19.468
2004-06-08 07:45:00,19.826
2004-06-08 07:50:00,19.81
2004-06-08 07:55:00,19.822
2004-06-08 08:00:00,19.938
2004-06-08 08:05:00,20.346
2004-06-08 08:10:00,20.286
2004-06-08 08:15:00,20.464
2004-06-08 08:20:00,20.878
2004-06-08 08:25:00,20.902
2004-06-08 08:30:00,20.66
2004-06-08 08:35:00,20.881999999999998
2004-06-08 08:40:00,21.43
2004-06-08 08:45:00,21.645999999999997
2004-06-08 08:50:00,21.676
2004-06-08 08:55:00,21.598000000000003
2004-06-08 09:00:00,21.586000000000002
2004-06-08 09:05:00,21.868000000000002
2004-06-08 09:10:00,22.054
2004-06-08 09:15:00,21.862000000000002
2004-06-08 09:20:00,22.068
2004-06-08 09:25:00,22.276
2004-06-08 09:30:00,22.456
2004-06-08 09:35:00,22.744
2004-06-08 09:40:00,22.968
2004-06-08 09:45:00,22.948
2004-06-08 09:50:00,23.036
2004-06-08 09:55:00,23.196
2004-06-08 10:00:00,23.796
2004-06-08 10:05:00,23.57
2004-06-08 10:10:00,23.534
2004-06-08 10:15:00,23.818
2004-06-08 10:20:00,24.16
2004-06-08 10:25:00,24.116
2004-06-08 10:30:00,24.182
2004-06-08 10:35:00,24.494
2004-06-08 10:40:00,24.234
2004-06-08 10:45:00,24.186
2004-06-08 10:50:00,24.396
2004-06-08 10:55:00,24.28
2004-06-08 11:00:00,24.392000000000003
2004-06-08 11:05:00,24.758
2004-06-08 11:10:00,24.8
2004-06-08 11:15:00,24.688
2004-06-08 11:20:00,24.881999999999998
2004-06-08 11:25:00,24.868000000000002
2004-06-08 11:30:00,25.25
2004-06-08 11:35:00,25.448
2004-06-08 11:40:00,25.48
2004-06-08 11:45:00,25.894
2004-06-08 11:50:00,25.607999999999997
2004-06-08 11:55:00,25.845999999999997
2004-06-08 12:00:00,25.784000000000002
2004-06-08 12:05:00,26.422000000000004
2004-06-08 12:10:00,26.054000000000002
2004-06-08 12:15:00,26.169999999999998
2004-06-08 12:20:00,26.157999999999998
2004-06-08 12:25:00,26.294
2004-06-08 12:30:00,26.776
2004-06-08 12:35:00,26.772000000000002
2004-06-08 12:40:00,26.698
2004-06-08 12:45:00,26.884000000000004
2004-06-08 12:50:00,27.056
2004-06-08 12:55:00,27.131999999999998
2004-06-08 13:00:00,27.407999999999998
2004-06-08 13:05:00,27.404000000000003
2004-06-08 13:10:00,27.234
2004-06-08 13:15:00,27.316000000000003
2004-06-08 13:20:00,27.288
2004-06-08 13:25:00,27.404000000000003
2004-06-08 13:30:00,27.544
2004-06-08 13:35:00,27.676
2004-06-08 13:40:00,27.401999999999997
2004-06-08 13:45:00,28.022000000000002
2004-06-08 13:50:00,28.189999999999998
2004-06-08 13:55:00,28.068
2004-06-08 14:00:00,28.018
2004-06-08 14:05:00,28.214
2004-06-08 14:10:00,27.977999999999998
2004-06-08 14:15:00,27.764
2004-06-08 14:20:00,27.956
2004-06-08 14:25:00,28.15
2004-06-08 14:30:00,28.445999999999998
2004-06-08 14:35:00,28.2
2004-06-08 14:40:00,27.972
2004-06-08 14:45:00,28.127999999999997
2004-06-08 14:50:00,27.752
2004-06-08 14:55:00,27.880000000000003
2004-06-08 15:00:00,27.748
2004-06-08 15:05:00,27.663999999999998
2004-06-08 15:10:00,27.57
2004-06-08 15:15:00,27.927999999999997
2004-06-08 15:20:00,27.758
2004-06-08 15:25:00,27.601999999999997
2004-06-08 15:30:00,27.848000000000003
2004-06-08 15:35:00,28.07
2004-06-08 15:40:00,28.008
2004-06-08 15:45:00,27.889999999999997
2004-06-08 15:50:00,27.812
2004-06-08 15:55:00,27.724
2004-06-08 16:00:00,27.492
2004-06-08 16:05:00,27.657999999999998
2004-06-08 16:10:00,27.546
2004-06-08 16:15:00,27.536
2004-06-08 16:20:00,27.462
2004-06-08 16:25:00,27.442
2004-06-08 16:30:00,27.588
2004-06-08 16:35:00,27.472
2004-06-08 16:40:00,27.492
2004-06-08 16:45:00,27.380000000000003
2004-06-08 16:50:00,27.465999999999998
2004-06-08 16:55:00,27.218
2004-06-08 17:00:00,27.194
2004-06-08 17:05:00,27.238
2004-06-08 17:10:00,27.022000000000002
2004-06-08 17:15:00,27.018
2004-06-08 17:20:00,26.832
2004-06-08 17:25:00,26.892000000000003
2004-06-08 17:30:00,26.865999999999996
2004-06-08 17:35:00,26.839999999999996
2004-06-08 17:40:00,26.621999999999996
2004-06-08 17:45:00,26.548000000000002
2004-06-08 17:50:00,26.54
2004-06-08 17:55:00,26.387999999999998
2004-06-08 18:00:00,26.145999999999997
2004-06-08 18:05:00,26.006
2004-06-08 18:10:00,25.889999999999997
2004-06-08 18:15:00,25.738
2004-06-08 18:20:00,25.648000000000003
2004-06-08 18:25:00,25.462
2004-06-08 18:30:00,25.259999999999998
2004-06-08 18:35:00,25.15
2004-06-08 18:40:00,24.894
2004-06-08 18:45:00,24.782
2004-06-08 18:50:00,24.669999999999998
2004-06-08 18:55:00,24.518
2004-06-08 19:00:00,24.306
2004-06-08 19:05:00,24.19
2004-06-08 19:10:00,24.01
2004-06-08 19:15:00,23.948
2004-06-08 19:20:00,23.785999999999998
2004-06-08 19:25:00,23.619999999999997
2004-06-08 19:30:00,23.509999999999998
2004-06-08 19:35:00,23.346
2004-06-08 19:40:00,23.22
2004-06-08 19:45:00,23.082
2004-06-08 19:50:00,22.944
2004-06-08 19:55:00,22.830000000000002
2004-06-08 20:00:00,22.688
2004-06-08 20:05:00,22.552
2004-06-08 20:10:00,22.474
2004-06-08 20:15:00,22.394
2004-06-08 20:20:00,22.314
2004-06-08 20:25:00,22.246000000000002
2004-06-08 20:30:00,22.119999999999997
2004-06-08 20:35:00,22.0
2004-06-08 20:40:00,21.884
2004-06-08 20:45:00,21.72
2004-06-08 20:50:00,21.592
2004-06-08 20:55:00,21.5
2004-06-08 21:00:00,21.454
2004-06-08 21:05:00,21.336000000000002
2004-06-08 21:10:00,21.182
2004-06-08 21:15:00,21.088
2004-06-08 21:20:00,20.9
2004-06-08 21:25:00,20.79
2004-06-08 21:30:00,20.66
2004-06-08 21:35:00,20.509999999999998
2004-06-08 21:40:00,20.384
2004-06-08 21:45:00,20.252
2004-06-08 21:50:00,20.134
2004-06-08 21:55:00,20.044
2004-06-08 22:00:00,19.986
2004-06-08 22:05:00,19.84
2004-06-08 22:10:00,19.774
2004-06-08 22:15:00,19.688
2004-06-08 22:20:00,19.604
2004-06-08 22:25:00,19.522
2004-06-08 22:30:00,19.428
2004-06-08 22:35:00,19.354
2004-06-08 22:40:00,19.292
2004-06-08 22:45:00,19.324
2004-06-08 22:50:00,19.284
2004-06-08 22:55:00,19.214
2004-06-08 23:00:00,19.088
2004-06-08 23:05:00,18.992
2004-06-08 23:10:00,18.954
2004-06-08 23:15:00,18.862000000000002
2004-06-08 23:20:00,18.768
2004-06-08 23:25:00,18.7
2004-06-08 23:30:00,18.634
2004-06-08 23:35:00,18.57
2004-06-08 23:40:00,18.502
2004-06-08 23:45:00,18.43
2004-06-08 23:50:00,18.412
2004-06-08 23:55:00,18.396
2004-06-09 00:00:00,18.314
2004-06-09 00:05:00,18.178
2004-06-09 00:10:00,18.119999999999997
2004-06-09 00:15:00,18.054
2004-06-09 00:20:00,18.086000000000002
2004-06-09 00:25:00,18.184
2004-06-09 00:30:00,18.226
2004-06-09 00:35:00,18.21
2004-06-09 00:40:00,18.19
2004-06-09 00:45:00,18.208000000000002
2004-06-09 00:50:00,18.176
2004-06-09 00:55:00,18.148
2004-06-09 01:00:00,18.096
2004-06-09 01:05:00,18.074
2004-06-09 01:10:00,18.02
2004-06-09 01:15:00,17.93
2004-06-09 01:20:00,17.881999999999998
2004-06-09 01:25:00,17.836000000000002
2004-06-09 01:30:00,17.822
2004-06-09 01:35:00,17.794
2004-06-09 01:40:00,17.668
2004-06-09 01:45:00,17.618000000000002
2004-06-09 01:50:00,17.6
2004-06-09 01:55:00,17.582
2004-06-09 02:00:00,17.572
2004-06-09 02:05:00,17.534
2004-06-09 02:10:00,17.564
2004-06-09 02:15:00,17.5
2004-06-09 02:20:00,17.452
2004-06-09 02:25:00,17.426000000000002
2004-06-09 02:30:00,17.348
2004-06-09 02:35:00,17.286
2004-06-09 02:40:00,17.242
2004-06-09 02:45:00,17.234
2004-06-09 02:50:00,17.162
2004-06-09 02:55:00,17.151999999999997
2004-06-09 03:00:00,17.082
2004-06-09 03:05:00,17.107999999999997
2004-06-09 03:10:00,17.094
2004-06-09 03:15:00,17.082
2004-06-09 03:20:00,17.044
2004-06-09 03:25:00,17.054
2004-06-09 03:30:00,17.018
2004-06-09 03:35:00,17.028
2004-06-09 03:40:00,17.058
2004-06-09 03:45:00,17.07
2004-06-09 03:50:00,17.014
2004-06-09 03:55:00,17.028
2004-06-09 04:00:00,16.996000000000002
2004-06-09 04:05:00,16.868000000000002
2004-06-09 04:10:00,16.86
2004-06-09 04:15:00,16.881999999999998
2004-06-09 04:20:00,16.868000000000002
2004-06-09 04:25:00,16.892
2004-06-09 04:30:00,16.89
2004-06-09 04:35:00,16.838
2004-06-09 04:40:00,16.86
2004-06-09 04:45:00,16.94
2004-06-09 04:50:00,16.887999999999998
2004-06-09 04:55:00,16.9
2004-06-09 05:00:00,16.952
2004-06-09 05:05:00,16.912
2004-06-09 05:10:00,16.932
2004-06-09 05:15:00,16.846
2004-06-09 05:20:00,16.919999999999998
2004-06-09 05:25:00,17.098000000000003
2004-06-09 05:30:00,16.884
2004-06-09 05:35:00,17.008000000000003
2004-06-09 05:40:00,17.146
2004-06-09 05:45:00,17.362000000000002
2004-06-09 05:50:00,17.518
2004-06-09 05:55:00,17.57
2004-06-09 06:00:00,17.53
2004-06-09 06:05:00,17.656
2004-06-09 06:10:00,17.814
2004-06-09 06:15:00,17.944
2004-06-09 06:20:00,18.07
2004-06-09 06:25:00,18.434
2004-06-09 06:30:00,18.678
2004-06-09 06:35:00,18.726
2004-06-09 06:40:00,18.856
2004-06-09 06:45:00,18.898000000000003
2004-06-09 06:50:00,19.026
2004-06-09 06:55:00,19.119999999999997
2004-06-09 07:00:00,19.472
2004-06-09 07:05:00,19.79
2004-06-09 07:10:00,19.919999999999998
2004-06-09 07:15:00,20.0
2004-06-09 07:20:00,20.258
2004-06-09 07:25:00,20.568
2004-06-09 07:30:00,20.796
2004-06-09 07:35:00,20.772
2004-06-09 07:40:00,21.06
2004-06-09 07:45:00,21.268
2004-06-09 07:50:00,21.601999999999997
2004-06-09 07:55:00,21.695999999999998
2004-06-09 08:00:00,22.054000000000002
2004-06-09 08:05:00,22.21
2004-06-09 08:10:00,22.31
2004-06-09 08:15:00,22.302
2004-06-09 08:20:00,22.494
2004-06-09 08:25:00,23.107999999999997
2004-06-09 08:30:00,22.752
2004-06-09 08:35:00,22.802
2004-06-09 08:40:00,22.956
2004-06-09 08:45:00,23.548000000000002
2004-06-09 08:50:00,23.34
2004-06-09 08:55:00,23.634
2004-06-09 09:00:00,23.836000000000002
2004-06-09 09:05:00,24.062
2004-06-09 09:10:00,24.1
2004-06-09 09:15:00,24.308
2004-06-09 09:20:00,24.351999999999997
2004-06-09 09:25:00,24.346
2004-06-09 09:30:00,24.956
2004-06-09 09:35:00,24.932
2004-06-09 09:40:00,25.022
2004-06-09 09:45:00,24.956
2004-06-09 09:50:00,25.242
2004-06-09 09:55:00,25.535999999999998
2004-06-09 10:00:00,25.648000000000003
2004-06-09 10:05:00,25.7
2004-06-09 10:10:00,25.818
2004-06-09 10:15:00,26.168
2004-06-09 10:20:00,26.208
2004-06-09 10:25:00,26.077999999999996
2004-06-09 10:30:00,26.472
2004-06-09 10:35:00,26.612000000000002
2004-06-09 10:40:00,26.613999999999997
2004-06-09 10:45:00,26.684000000000005
2004-06-09 10:50:00,26.872000000000003
2004-06-09 10:55:00,26.75
2004-06-09 11:00:00,26.977999999999998
2004-06-09 11:05:00,26.982
2004-06-09 11:10:00,27.169999999999998
2004-06-09 11:15:00,27.298000000000002
2004-06-09 11:20:00,27.488
2004-06-09 11:25:00,27.522000000000002
2004-06-09 11:30:00,27.621999999999996
2004-06-09 11:35:00,27.851999999999997
2004-06-09 11:40:00,27.842000000000002
2004-06-09 11:45:00,28.088
2004-06-09 11:50:00,28.060000000000002
2004-06-09 11:55:00,28.524
2004-06-09 12:00:00,28.054000000000002
2004-06-09 12:05:00,27.974
2004-06-09 12:10:00,28.404000000000003
2004-06-09 12:15:00,28.462
2004-06-09 12:20:00,28.54
2004-06-09 12:25:00,28.562
2004-06-09 12:30:00,28.625999999999998
2004-06-09 12:35:00,28.856
2004-06-09 12:40:00,29.080000000000002
2004-06-09 12:45:00,28.834000000000003
2004-06-09 12:50:00,28.810000000000002
2004-06-09 12:55:00,29.060000000000002
2004-06-09 13:00:00,28.887999999999998
2004-06-09 13:05:00,29.25
2004-06-09 13:10:00,29.218
2004-06-09 13:15:00,29.266
2004-06-09 13:20:00,29.188
2004-06-09 13:25:00,29.22
2004-06-09 13:30:00,29.186
2004-06-09 13:35:00,29.26
2004-06-09 13:40:00,29.326
2004-06-09 13:45:00,29.386000000000003
2004-06-09 13:50:00,29.526
2004-06-09 13:55:00,29.869999999999997
2004-06-09 14:00:00,29.822000000000003
2004-06-09 14:05:00,29.724
2004-06-09 14:10:00,29.808
2004-06-09 14:15:00,29.772000000000002
2004-06-09 14:20:00,29.746000000000002
2004-06-09 14:25:00,29.784000000000002
2004-06-09 14:30:00,29.754
2004-06-09 14:35:00,30.0
2004-06-09 14:40:00,30.024
2004-06-09 14:45:00,30.124000000000002
2004-06-09 14:50:00,30.054000000000002
2004-06-09 14:55:00,29.972
2004-06-09 15:00:00,30.016
2004-06-09 15:05:00,30.274
2004-06-09 15:10:00,30.266000000000002
2004-06-09 15:15:00,30.028
2004-06-09 15:20:00,30.312
2004-06-09 15:25:00,30.034000000000002
2004-06-09 15:30:00,29.95
2004-06-09 15:35:00,30.088
2004-06-09 15:40:00,30.23
2004-06-09 15:45:00,30.026
2004-06-09 15:50:00,29.788
2004-06-09 15:55:00,29.839999999999996
2004-06-09 16:00:00,29.631999999999998
2004-06-09 16:05:00,29.8
2004-06-09 16:10:00,29.744
2004-06-09 16:15:00,29.582
2004-06-09 16:20:00,29.778000000000002
2004-06-09 16:25:00,29.863999999999997
2004-06-09 16:30:00,29.827999999999996
2004-06-09 16:35:00,29.556
2004-06-09 16:40:00,29.233999999999998
2004-06-09 16:45:00,29.226
2004-06-09 16:50:00,29.216
2004-06-09 16:55:00,29.028
2004-06-09 17:00:00,29.032
2004-06-09 17:05:00,29.122000000000003
2004-06-09 17:10:00,29.206
2004-06-09 17:15:00,29.03
2004-06-09 17:20:00,28.945999999999998
2004-06-09 17:25:00,28.827999999999996
2004-06-09 17:30:00,28.65
2004-06-09 17:35:00,28.5
2004-06-09 17:40:00,28.302
2004-06-09 17:45:00,28.168
2004-06-09 17:50:00,28.089999999999996
2004-06-09 17:55:00,28.038
2004-06-09 18:00:00,28.014
2004-06-09 18:05:00,27.922000000000004
2004-06-09 18:10:00,27.794
2004-06-09 18:15:00,27.714
2004-06-09 18:20:00,27.584000000000003
2004-06-09 18:25:00,27.524
2004-06-09 18:30:00,27.407999999999998
2004-06-09 18:35:00,27.262
2004-06-09 18:40:00,27.160000000000004
2004-06-09 18:45:00,27.026
2004-06-09 18:50:00,26.838
2004-06-09 18:55:00,26.642000000000003
2004-06-09 19:00:00,26.512
2004-06-09 19:05:00,26.35
2004-06-09 19:10:00,26.18
2004-06-09 19:15:00,25.936
2004-06-09 19:20:00,25.698
2004-06-09 19:25:00,25.552
2004-06-09 19:30:00,25.316
2004-06-09 19:35:00,25.124000000000002
2004-06-09 19:40:00,24.978
2004-06-09 19:45:00,24.844
2004-06-09 19:50:00,24.542
2004-06-09 19:55:00,24.294
2004-06-09 20:00:00,24.125999999999998
2004-06-09 20:05:00,23.9
2004-06-09 20:10:00,23.666
2004-06-09 20:15:00,23.592000000000002
2004-06-09 20:20:00,23.536
2004-06-09 20:25:00,23.386000000000003
2004-06-09 20:30:00,23.212
2004-06-09 20:35:00,23.098
2004-06-09 20:40:00,22.944
2004-06-09 20:45:00,22.78
2004-06-09 20:50:00,22.595999999999997
2004-06-09 20:55:00,22.508
2004-06-09 21:00:00,22.413999999999998
2004-06-09 21:05:00,22.27
2004-06-09 21:10:00,22.206
2004-06-09 21:15:00,22.03
2004-06-09 21:20:00,21.872
2004-06-09 21:25:00,21.648
2004-06-09 21:30:00,21.48
2004-06-09 21:35:00,21.375999999999998
2004-06-09 21:40:00,21.206
2004-06-09 21:45:00,21.151999999999997
2004-06-09 21:50:00,21.214
2004-06-09 21:55:00,21.082
2004-06-09 22:00:00,20.984
2004-06-09 22:05:00,20.863999999999997
2004-06-09 22:10:00,20.742
2004-06-09 22:15:00,20.546
2004-06-09 22:20:00,20.446
2004-06-09 22:25:00,20.46
2004-06-09 22:30:00,20.363999999999997
2004-06-09 22:35:00,20.222
2004-06-09 22:40:00,20.131999999999998
2004-06-09 22:45:00,19.974
2004-06-09 22:50:00,19.892000000000003
2004-06-09 22:55:00,19.866
2004-06-09 23:00:00,19.79
2004-06-09 23:05:00,19.734
2004-06-09 23:10:00,19.744
2004-06-09 23:15:00,19.716
2004-06-09 23:20:00,19.706
2004-06-09 23:25:00,19.706
2004-06-09 23:30:00,19.728
2004-06-09 23:35:00,19.71
2004-06-09 23:40:00,19.704
2004-06-09 23:45:00,19.676
2004-06-09 23:50:00,19.622
2004-06-09 23:55:00,19.544
2004-06-10 00:00:00,19.506
2004-06-10 00:05:00,19.426000000000002
2004-06-10 00:10:00,19.39
2004-06-10 00:15:00,19.318
2004-06-10 00:20:00,19.228
2004-06-10 00:25:00,19.084
2004-06-10 00:30:00,19.052
2004-06-10 00:35:00,19.068
2004-06-10 00:40:00,19.056
2004-06-10 00:45:00,19.052
2004-06-10 00:50:00,19.006
2004-06-10 00:55:00,18.972
2004-06-10 01:00:00,18.958
2004-06-10 01:05:00,18.934
2004-06-10 01:10:00,18.872
2004-06-10 01:15:00,18.79
2004-06-10 01:20:00,18.674
2004-06-10 01:25:00,18.602
2004-06-10 01:30:00,18.544
2004-06-10 01:35:00,18.548000000000002
2004-06-10 01:40:00,18.438
2004-06-10 01:45:00,18.387999999999998
2004-06-10 01:50:00,18.32
2004-06-10 01:55:00,18.264
2004-06-10 02:00:00,18.166
2004-06-10 02:05:00,18.192
2004-06-10 02:10:00,18.182
2004-06-10 02:15:00,18.182
2004-06-10 02:20:00,18.119999999999997
2004-06-10 02:25:00,18.024
2004-06-10 02:30:00,17.964
2004-06-10 02:35:00,17.878
2004-06-10 02:40:00,17.802
2004-06-10 02:45:00,17.724
2004-06-10 02:50:00,17.676
2004-06-10 02:55:00,17.598000000000003
2004-06-10 03:00:00,17.512
2004-06-10 03:05:00,17.41
2004-06-10 03:10:00,17.366
2004-06-10 03:15:00,17.312
2004-06-10 03:20:00,17.232
2004-06-10 03:25:00,17.228
2004-06-10 03:30:00,17.196
2004-06-10 03:35:00,17.178
2004-06-10 03:40:00,17.156
2004-06-10 03:45:00,17.148000000000003
2004-06-10 03:50:00,17.125999999999998
2004-06-10 03:55:00,17.084
2004-06-10 04:00:00,17.036
2004-06-10 04:05:00,17.022
2004-06-10 04:10:00,16.942
2004-06-10 04:15:00,16.916
2004-06-10 04:20:00,16.880000000000003
2004-06-10 04:25:00,16.913999999999998
2004-06-10 04:30:00,16.96
2004-06-10 04:35:00,16.904000000000003
2004-06-10 04:40:00,16.986
2004-06-10 04:45:00,16.938
2004-06-10 04:50:00,16.934
2004-06-10 04:55:00,16.986
2004-06-10 05:00:00,17.118000000000002
2004-06-10 05:05:00,17.16
2004-06-10 05:10:00,17.1
2004-06-10 05:15:00,17.182
2004-06-10 05:20:00,17.296
2004-06-10 05:25:00,17.328
2004-06-10 05:30:00,17.306
2004-06-10 05:35:00,17.508
2004-06-10 05:40:00,17.658
2004-06-10 05:45:00,17.854
2004-06-10 05:50:00,17.944
2004-06-10 05:55:00,18.048000000000002
2004-06-10 06:00:00,18.174
2004-06-10 06:05:00,18.29
2004-06-10 06:10:00,18.416
2004-06-10 06:15:00,18.522
2004-06-10 06:20:00,18.54
2004-06-10 06:25:00,18.708
2004-06-10 06:30:00,18.966
2004-06-10 06:35:00,19.184
2004-06-10 06:40:00,19.228
2004-06-10 06:45:00,19.401999999999997
2004-06-10 06:50:00,19.474
2004-06-10 06:55:00,19.55
2004-06-10 07:00:00,19.992
2004-06-10 07:05:00,20.134
2004-06-10 07:10:00,20.241999999999997
2004-06-10 07:15:00,20.44
2004-06-10 07:20:00,20.5
2004-06-10 07:25:00,20.784
2004-06-10 07:30:00,21.064
2004-06-10 07:35:00,21.258000000000003
2004-06-10 07:40:00,21.552
2004-06-10 07:45:00,21.722
2004-06-10 07:50:00,21.826
2004-06-10 07:55:00,22.086000000000002
2004-06-10 08:00:00,22.244
2004-06-10 08:05:00,22.363999999999997
2004-06-10 08:10:00,22.618000000000002
2004-06-10 08:15:00,22.75
2004-06-10 08:20:00,22.688
2004-06-10 08:25:00,23.086000000000002
2004-06-10 08:30:00,23.253999999999998
2004-06-10 08:35:00,23.15
2004-06-10 08:40:00,23.526
2004-06-10 08:45:00,23.556
2004-06-10 08:50:00,23.584
2004-06-10 08:55:00,23.756
2004-06-10 09:00:00,23.878
2004-06-10 09:05:00,24.042
2004-06-10 09:10:00,24.107999999999997
2004-06-10 09:15:00,24.478
2004-06-10 09:20:00,24.454
2004-06-10 09:25:00,24.528
2004-06-10 09:30:00,24.704
2004-06-10 09:35:00,24.744
2004-06-10 09:40:00,24.932
2004-06-10 09:45:00,25.062
2004-06-10 09:50:00,24.962
2004-06-10 09:55:00,25.246000000000002
2004-06-10 10:00:00,25.381999999999998
2004-06-10 10:05:00,25.396
2004-06-10 10:10:00,25.698
2004-06-10 10:15:00,25.714
2004-06-10 10:20:00,25.726
2004-06-10 10:25:00,25.7
2004-06-10 10:30:00,26.095999999999997
2004-06-10 10:35:00,26.526
2004-06-10 10:40:00,26.574
2004-06-10 10:45:00,26.363999999999997
2004-06-10 10:50:00,26.612000000000002
2004-06-10 10:55:00,26.798000000000002
2004-06-10 11:00:00,26.727999999999998
2004-06-10 11:05:00,26.816000000000003
2004-06-10 11:10:00,27.160000000000004
2004-06-10 11:15:00,27.014
2004-06-10 11:20:00,27.439999999999998
2004-06-10 11:25:00,27.774
2004-06-10 11:30:00,27.810000000000002
2004-06-10 11:35:00,27.758
2004-06-10 11:40:00,27.803999999999995
2004-06-10 11:45:00,27.6
2004-06-10 11:50:00,27.8
2004-06-10 11:55:00,27.892000000000003
2004-06-10 12:00:00,28.044
2004-06-10 12:05:00,28.224
2004-06-10 12:10:00,28.556
2004-06-10 12:15:00,28.508
2004-06-10 12:20:00,28.375999999999998
2004-06-10 12:25:00,28.422000000000004
2004-06-10 12:30:00,28.577999999999996
2004-06-10 12:35:00,28.728
2004-06-10 12:40:00,28.444
2004-06-10 12:45:00,28.919999999999998
2004-06-10 12:50:00,29.116000000000003
2004-06-10 12:55:00,28.818
2004-06-10 13:00:00,28.945999999999998
2004-06-10 13:05:00,29.103999999999996
2004-06-10 13:10:00,29.124000000000002
2004-06-10 13:15:00,29.095999999999997
2004-06-10 13:20:00,29.472
2004-06-10 13:25:00,30.157999999999998
2004-06-10 13:30:00,30.195999999999998
2004-06-10 13:35:00,30.856
2004-06-10 13:40:00,31.47
2004-06-10 13:45:00,31.368000000000002
2004-06-10 13:50:00,31.524
2004-06-10 13:55:00,31.462
2004-06-10 14:00:00,31.564
2004-06-10 14:05:00,31.622000000000003
2004-06-10 14:10:00,32.198
2004-06-10 14:15:00,32.57
2004-06-10 14:20:00,31.856
2004-06-10 14:25:00,31.958
2004-06-10 14:30:00,32.408
2004-06-10 14:35:00,31.625999999999998
2004-06-10 14:40:00,30.965999999999998
2004-06-10 14:45:00,32.06
2004-06-10 14:50:00,32.652
2004-06-10 14:55:00,32.768
2004-06-10 15:00:00,31.898000000000003
2004-06-10 15:05:00,31.406
2004-06-10 15:10:00,31.106
2004-06-10 15:15:00,31.653999999999996
2004-06-10 15:20:00,31.85
2004-06-10 15:25:00,32.438
2004-06-10 15:30:00,32.339999999999996
2004-06-10 15:35:00,32.472
2004-06-10 15:40:00,31.932
2004-06-10 15:45:00,31.768
2004-06-10 15:50:00,31.856
2004-06-10 15:55:00,31.772000000000002
2004-06-10 16:00:00,31.639999999999997
2004-06-10 16:05:00,31.815999999999995
2004-06-10 16:10:00,32.02
2004-06-10 16:15:00,31.907999999999998
2004-06-10 16:20:00,31.851999999999997
2004-06-10 16:25:00,31.672000000000004
2004-06-10 16:30:00,31.204
2004-06-10 16:35:00,30.55
2004-06-10 16:40:00,30.381999999999998
2004-06-10 16:45:00,30.7
2004-06-10 16:50:00,30.124000000000002
2004-06-10 16:55:00,29.892000000000003
2004-06-10 17:00:00,29.818
2004-06-10 17:05:00,29.865999999999996
2004-06-10 17:10:00,29.651999999999997
2004-06-10 17:15:00,29.477999999999998
2004-06-10 17:20:00,29.178000000000004
2004-06-10 17:25:00,29.288
2004-06-10 17:30:00,28.936
2004-06-10 17:35:00,28.904000000000003
2004-06-10 17:40:00,28.51
2004-06-10 17:45:00,28.28
2004-06-10 17:50:00,28.212
2004-06-10 17:55:00,28.058
2004-06-10 18:00:00,27.856
2004-06-10 18:05:00,27.715999999999998
2004-06-10 18:10:00,27.677999999999997
2004-06-10 18:15:00,27.589999999999996
2004-06-10 18:20:00,27.562
2004-06-10 18:25:00,27.29
2004-06-10 18:30:00,27.218
2004-06-10 18:35:00,27.036
2004-06-10 18:40:00,26.732
2004-06-10 18:45:00,26.49
2004-06-10 18:50:00,26.392000000000003
2004-06-10 18:55:00,26.28
2004-06-10 19:00:00,26.28
2004-06-10 19:05:00,26.189999999999998
2004-06-10 19:10:00,26.024
2004-06-10 19:15:00,25.919999999999998
2004-06-10 19:20:00,25.782
2004-06-10 19:25:00,25.827999999999996
2004-06-10 19:30:00,25.912
2004-06-10 19:35:00,25.936
2004-06-10 19:40:00,25.76
2004-06-10 19:45:00,25.52
2004-06-10 19:50:00,25.362000000000002
2004-06-10 19:55:00,25.304000000000002
2004-06-10 20:00:00,25.201999999999998
2004-06-10 20:05:00,25.169999999999998
2004-06-10 20:10:00,25.086
2004-06-10 20:15:00,25.035999999999998
2004-06-10 20:20:00,24.928
2004-06-10 20:25:00,24.898000000000003
2004-06-10 20:30:00,24.742
2004-06-10 20:35:00,24.642000000000003
2004-06-10 20:40:00,24.566
2004-06-10 20:45:00,24.509999999999998
2004-06-10 20:50:00,24.395999999999997
2004-06-10 20:55:00,24.31
2004-06-10 21:00:00,24.246
2004-06-10 21:05:00,24.144
2004-06-10 21:10:00,24.068
2004-06-10 21:15:00,23.85
2004-06-10 21:20:00,23.758
2004-06-10 21:25:00,23.674
2004-06-10 21:30:00,23.478
2004-06-10 21:35:00,23.43
2004-06-10 21:40:00,23.36
2004-06-10 21:45:00,23.259999999999998
2004-06-10 21:50:00,23.22
2004-06-10 21:55:00,23.172
2004-06-10 22:00:00,23.102
2004-06-10 22:05:00,23.09
2004-06-10 22:10:00,22.997999999999998
2004-06-10 22:15:00,22.806
2004-06-10 22:20:00,22.72
2004-06-10 22:25:00,22.66
2004-06-10 22:30:00,22.566
2004-06-10 22:35:00,22.43
2004-06-10 22:40:00,22.398
2004-06-10 22:45:00,22.3
2004-06-10 22:50:00,22.216
2004-06-10 22:55:00,22.23
2004-06-10 23:00:00,22.2
