Date,Zaehler,Temperature_C,Humidity_%
2004-06-01 00:00:00,3302.6666666666665,15.71,87.825
2004-06-01 01:00:00,3308.0,15.551999999999998,87.102
2004-06-01 02:00:00,3313.0,15.452000000000002,86.102
2004-06-01 03:00:00,3318.0,15.25,86.152
2004-06-01 04:00:00,3323.0,15.3,86.124
2004-06-01 05:00:00,3328.0,15.126,89.488
2004-06-01 06:00:00,3333.0,15.1,93.764
2004-06-01 07:00:00,3338.0,15.59,93.85
2004-06-01 08:00:00,3343.0,16.478,91.454
2004-06-01 09:00:00,3348.0,17.624,87.34
2004-06-01 10:00:00,3353.0,18.613999999999997,83.562
2004-06-01 11:00:00,3358.0,19.651999999999997,77.964
2004-06-01 12:00:00,3363.0,20.988,71.828
2004-06-01 13:00:00,3368.0,22.226,67.962
2004-06-01 14:00:00,3373.0,22.578,65.05
2004-06-01 15:00:00,3378.0,21.416,71.328
2004-06-01 16:00:00,3383.0,21.163999999999998,71.05
2004-06-01 17:00:00,3388.0,20.174,77.062
2004-06-01 18:00:00,3393.0,18.726,85.178
2004-06-01 19:00:00,3398.0,18.54,82.952
2004-06-01 20:00:00,3403.0,18.137999999999998,81.862
2004-06-01 21:00:00,3408.0,17.802,80.914
2004-06-01 22:00:00,3413.0,16.192,88.2
2004-06-01 23:00:00,3418.0,15.892000000000001,87.224
2004-06-02 00:00:00,3423.0,15.713999999999999,86.64
2004-06-02 01:00:00,3428.0,15.238,88.726
2004-06-02 02:00:00,3433.0,14.928,88.5
2004-06-02 03:00:00,3438.0,14.4,90.364
2004-06-02 04:00:00,3443.0,13.675999999999998,92.926
2004-06-02 05:00:00,3448.0,13.888,89.826
2004-06-02 06:00:00,3453.0,14.264,87.666
2004-06-02 07:00:00,3458.0,15.114,83.252
2004-06-02 08:00:00,3463.0,15.825999999999999,78.416
2004-06-02 09:00:00,3468.0,16.314,75.276
2004-06-02 10:00:00,3473.0,16.990000000000002,69.1
2004-06-02 11:00:00,3478.0,18.226,59.652
2004-06-02 12:00:00,1966.5,19.4375,53.86
2004-06-02 13:00:00,1971.0,19.964,53.688
2004-06-02 14:00:00,1976.0,20.774,49.989999999999995
2004-06-02 15:00:00,1981.0,20.701999999999998,50.102
2004-06-02 16:00:00,1986.0,21.089999999999996,49.378
2004-06-02 17:00:00,1991.0,20.714,51.312
2004-06-02 18:00:00,1996.0,19.912,53.95
2004-06-02 19:00:00,2001.0,19.05,57.763999999999996
2004-06-02 20:00:00,2006.0,18.09,61.94
2004-06-02 21:00:00,2011.0,17.55,63.327999999999996
2004-06-02 22:00:00,2016.0,16.666,67.902
2004-06-02 23:00:00,2021.0,15.664000000000001,73.84
2004-06-03 00:00:00,2026.0,15.274000000000001,78.064
2004-06-03 01:00:00,2031.0,14.99,79.962
2004-06-03 02:00:00,2036.0,14.478,80.526
2004-06-03 03:00:00,2041.0,14.2,81.286
2004-06-03 04:00:00,2046.0,13.725999999999999,81.964
2004-06-03 05:00:00,2051.0,13.764,82.888
2004-06-03 06:00:00,2056.0,14.552000000000001,81.216
2004-06-03 07:00:00,2061.0,15.652000000000001,77.27799999999999
2004-06-03 08:00:00,2066.0,16.264,72.8
2004-06-03 09:00:00,2071.0,17.401999999999997,67.212
2004-06-03 10:00:00,2076.0,18.839999999999996,56.251999999999995
2004-06-03 11:00:00,2081.0,19.7,49.302
2004-06-03 12:00:00,2086.0,20.424,45.164
2004-06-03 13:00:00,2091.0,21.0,41.688
2004-06-03 14:00:00,2096.0,21.604,40.839999999999996
2004-06-03 15:00:00,2101.0,20.962,42.6
2004-06-03 16:00:00,2106.0,21.178,42.686
2004-06-03 17:00:00,2111.0,21.625999999999998,41.114
2004-06-03 18:00:00,2116.0,20.526,45.512
2004-06-03 19:00:00,2121.0,19.438,49.513999999999996
2004-06-03 20:00:00,2126.0,18.44,54.188
2004-06-03 21:00:00,2131.0,17.314,58.016
2004-06-03 22:00:00,2136.0,16.142,62.676
2004-06-03 23:00:00,2141.0,15.3,65.826
2004-06-04 00:00:00,2146.0,14.626,67.714
2004-06-04 01:00:00,2151.0,13.902000000000001,69.638
2004-06-04 02:00:00,2156.0,13.225999999999999,72.116
2004-06-04 03:00:00,2161.0,12.825999999999999,73.452
2004-06-04 04:00:00,2166.0,12.388,75.226
2004-06-04 05:00:00,2171.0,12.762,74.476
2004-06-04 06:00:00,2176.0,14.126,70.49
2004-06-04 07:00:00,2181.0,15.526,67.002
2004-06-04 08:00:00,2186.0,17.076,61.778
2004-06-04 09:00:00,2191.0,18.314,56.678
2004-06-04 10:00:00,2196.0,19.663999999999998,54.589999999999996
2004-06-04 11:00:00,2201.0,20.887999999999998,50.714
2004-06-04 12:00:00,2206.0,22.064,49.376
2004-06-04 13:00:00,2211.0,23.162,46.228
2004-06-04 14:00:00,2216.0,23.938,42.702
2004-06-04 15:00:00,2221.0,24.014,42.688
2004-06-04 16:00:00,2226.0,24.214,42.089999999999996
2004-06-04 17:00:00,2231.0,23.863999999999997,42.352
2004-06-04 18:00:00,2236.0,23.026,45.498000000000005
2004-06-04 19:00:00,2241.0,21.776,50.5
2004-06-04 20:00:00,2246.0,20.814,53.412
2004-06-04 21:00:00,2251.0,20.088,56.251999999999995
2004-06-04 22:00:00,2256.0,19.426,59.001999999999995
2004-06-04 23:00:00,2261.0,18.863999999999997,60.852
2004-06-05 00:00:00,2266.0,17.902,65.4
2004-06-05 01:00:00,2271.0,16.864,70.576
2004-06-05 02:00:00,2276.0,16.490000000000002,71.126
2004-06-05 03:00:00,2281.0,16.452,71.276
2004-06-05 04:00:00,2286.0,16.238,72.264
2004-06-05 05:00:00,2291.0,16.266,73.05199999999999
2004-06-05 06:00:00,2296.0,17.412,68.752
2004-06-05 07:00:00,2301.0,19.328,62.302
2004-06-05 08:00:00,2306.0,21.413999999999998,55.016
2004-06-05 09:00:00,2311.0,22.802,51.239999999999995
2004-06-05 10:00:00,2316.0,23.578,49.74
2004-06-05 11:00:00,2321.0,24.298,46.964
2004-06-05 12:00:00,2326.0,24.688,46.452000000000005
2004-06-05 13:00:00,2331.0,25.738,44.001999999999995
2004-06-05 14:00:00,2336.0,26.29,40.888
2004-06-05 15:00:00,2341.0,26.363999999999997,41.75
2004-06-05 16:00:00,2346.0,26.0,43.80200000000001
2004-06-05 17:00:00,2351.0,26.314,42.65
2004-06-05 18:00:00,2356.0,25.276,45.564
2004-06-05 19:00:00,2361.0,24.024,49.88
2004-06-05 20:00:00,2366.0,22.826,54.464
2004-06-05 21:00:00,2371.0,21.964000000000002,56.513999999999996
2004-06-05 22:00:00,2376.0,20.952,60.05
2004-06-05 23:00:00,2381.0,19.938,64.05199999999999
2004-06-06 00:00:00,2386.0,18.95,68.53999999999999
2004-06-06 01:00:00,2391.0,18.264,70.464
2004-06-06 02:00:00,2396.0,17.576,72.662
2004-06-06 03:00:00,2401.0,16.964,75.152
2004-06-06 04:00:00,2406.0,16.312,76.688
2004-06-06 05:00:00,2411.0,16.814,75.102
2004-06-06 06:00:00,2416.0,18.662,67.4
2004-06-06 07:00:00,2421.0,20.95,56.114
2004-06-06 08:00:00,2426.0,22.15,51.112
2004-06-06 09:00:00,2431.0,23.113999999999997,45.989999999999995
2004-06-06 10:00:00,2436.0,24.454,42.352
2004-06-06 11:00:00,2441.0,25.454,36.024
2004-06-06 12:00:00,2446.0,26.413999999999998,34.538
2004-06-06 13:00:00,2451.0,27.651999999999997,32.692
2004-06-06 14:00:00,2456.0,28.2,30.637999999999998
2004-06-06 15:00:00,2461.0,28.8,29.926
2004-06-06 16:00:00,2466.0,28.74,28.477999999999998
2004-06-06 17:00:00,2471.0,28.776,27.451999999999998
2004-06-06 18:00:00,2476.0,27.601999999999997,29.926
2004-06-06 19:00:00,2481.0,26.4,34.7
2004-06-06 20:00:00,2486.0,23.439999999999998,38.964
2004-06-06 21:00:00,2491.0,21.752,41.44
2004-06-06 22:00:00,2496.0,20.276,48.038
2004-06-06 23:00:00,2501.0,19.163999999999998,54.938
2004-06-07 00:00:00,2506.0,19.202,52.616
2004-06-07 01:00:00,2511.0,19.338,51.788
2004-06-07 02:00:00,2516.0,19.413999999999998,52.61
2004-06-07 03:00:00,2521.0,19.2,53.3
2004-06-07 04:00:00,2526.0,19.188,53.251999999999995
2004-06-07 05:00:00,2531.0,19.163999999999998,55.501999999999995
2004-06-07 06:00:00,2536.0,20.490000000000002,53.576
2004-06-07 07:00:00,2541.0,21.35,53.474000000000004
2004-06-07 08:00:00,2546.0,22.362000000000002,51.676
2004-06-07 09:00:00,2551.0,23.162,50.15
2004-06-07 10:00:00,2556.0,24.413999999999998,49.226
2004-06-07 11:00:00,2561.0,25.752,45.726
2004-06-07 12:00:00,2566.0,26.588,41.364
2004-06-07 13:00:00,2571.0,27.315999999999995,38.5
2004-06-07 14:00:00,2576.0,27.3,37.678
2004-06-07 15:00:00,2581.0,27.389999999999997,37.251999999999995
2004-06-07 16:00:00,2586.0,26.651999999999997,36.914
2004-06-07 17:00:00,2591.0,25.564,36.954
2004-06-07 18:00:00,2596.0,24.137999999999998,38.040000000000006
2004-06-07 19:00:00,2601.0,22.740000000000002,40.412
2004-06-07 20:00:00,2606.0,21.678,43.564
2004-06-07 21:00:00,2611.0,20.94,44.426
2004-06-07 22:00:00,2616.0,20.302,44.214
2004-06-07 23:00:00,2621.0,19.7,46.562
2004-06-08 00:00:00,2626.0,18.89,50.428000000000004
2004-06-08 01:00:00,2631.0,18.014,54.376
2004-06-08 02:00:00,2636.0,17.152,63.263999999999996
2004-06-08 03:00:00,2641.0,16.552,70.826
2004-06-08 04:00:00,2646.0,16.238,72.054
2004-06-08 05:00:00,2651.0,16.7,72.812
2004-06-08 06:00:00,2656.0,18.266,69.80199999999999
2004-06-08 07:00:00,2661.0,20.076,65.78999999999999
2004-06-08 08:00:00,2666.0,21.488,62.826
2004-06-08 09:00:00,2671.0,23.264,55.54
2004-06-08 10:00:00,2676.0,24.776,50.089999999999996
2004-06-08 11:00:00,2681.0,26.137999999999998,45.912
2004-06-08 12:00:00,2686.0,27.476,41.89
2004-06-08 13:00:00,2691.0,28.342000000000002,36.564
2004-06-08 14:00:00,2696.0,29.564,33.226
2004-06-08 15:00:00,2701.0,29.326,31.714
2004-06-08 16:00:00,2706.0,28.964,33.164
2004-06-08 17:00:00,2711.0,28.25,34.464
2004-06-08 18:00:00,2716.0,26.451999999999998,36.876
2004-06-08 19:00:00,2721.0,24.389999999999997,39.464
2004-06-08 20:00:00,2726.0,22.913999999999998,41.616
2004-06-08 21:00:00,2731.0,21.564,45.852
2004-06-08 22:00:00,2736.0,20.238,48.1
2004-06-08 23:00:00,2741.0,19.338,50.525999999999996
2004-06-09 00:00:00,2746.0,18.64,52.763999999999996
2004-06-09 01:00:00,2751.0,18.401999999999997,53.374
2004-06-09 02:00:00,2756.0,17.951999999999998,55.94
2004-06-09 03:00:00,2761.0,17.613999999999997,57.664
2004-06-09 04:00:00,2766.0,17.39,59.025999999999996
2004-06-09 05:00:00,2771.0,17.814,56.552
2004-06-09 06:00:00,2776.0,19.478,52.114
2004-06-09 07:00:00,2781.0,21.562,45.912
2004-06-09 08:00:00,2786.0,23.926,37.728
2004-06-09 09:00:00,2791.0,25.738,33.864
2004-06-09 10:00:00,2796.0,27.45,29.139999999999997
2004-06-09 11:00:00,2801.0,28.863999999999997,27.076
2004-06-09 12:00:00,2806.0,29.676,24.128
2004-06-09 13:00:00,2811.0,30.5,22.0
2004-06-09 14:00:00,2816.0,31.002,21.938
2004-06-09 15:00:00,2821.0,31.451999999999998,20.674
2004-06-09 16:00:00,2826.0,31.124000000000002,17.189999999999998
2004-06-09 17:00:00,2831.0,30.038,20.488
2004-06-09 18:00:00,2836.0,28.338,19.386
2004-06-09 19:00:00,2841.0,26.366000000000003,21.312
2004-06-09 20:00:00,2846.0,24.174,31.827999999999996
2004-06-09 21:00:00,2851.0,22.436,41.888
2004-06-09 22:00:00,2856.0,21.214,45.638
2004-06-09 23:00:00,2861.0,20.264,47.288
2004-06-10 00:00:00,2866.0,19.764,48.464
2004-06-10 01:00:00,2871.0,19.139999999999997,49.724000000000004
2004-06-10 02:00:00,2876.0,18.613999999999997,51.314
2004-06-10 03:00:00,2881.0,17.875999999999998,56.262
2004-06-10 04:00:00,2886.0,17.514,59.45
2004-06-10 05:00:00,2891.0,18.102,59.702
2004-06-10 06:00:00,2896.0,19.613999999999997,56.862
2004-06-10 07:00:00,2901.0,21.774,49.14
2004-06-10 08:00:00,2906.0,24.076,42.114
2004-06-10 09:00:00,2911.0,25.752,41.29
2004-06-10 10:00:00,2916.0,27.276,39.778
2004-06-10 11:00:00,2921.0,28.726,36.602
2004-06-10 12:00:00,2926.0,30.076,34.589999999999996
2004-06-10 13:00:00,2931.0,30.875999999999998,34.188
2004-06-10 14:00:00,2936.0,32.013999999999996,31.939999999999998
2004-06-10 15:00:00,2941.0,31.976,32.802
2004-06-10 16:00:00,2946.0,31.839999999999996,33.25
2004-06-10 17:00:00,2951.0,29.564,36.202
2004-06-10 18:00:00,2956.0,27.824,38.6
2004-06-10 19:00:00,2961.0,26.312,40.489999999999995
2004-06-10 20:00:00,2966.0,25.389999999999997,41.914
2004-06-10 21:00:00,2971.0,24.328,47.102
2004-06-10 22:00:00,2976.0,23.174,52.501999999999995
2004-06-10 23:00:00,2981.0,22.363999999999997,56.364
2004-06-11 00:00:00,2986.0,21.838,57.715999999999994
2004-06-11 01:00:00,2991.0,21.351999999999997,59.738
2004-06-11 02:00:00,2996.0,21.188,72.826
2004-06-11 03:00:00,3001.0,20.464,84.014
2004-06-11 04:00:00,3006.0,19.34,85.338
2004-06-11 05:00:00,3011.0,19.528,84.352
2004-06-11 06:00:00,3016.0,19.976,83.114
2004-06-11 07:00:00,3021.0,20.562,81.076
2004-06-11 08:00:00,3026.0,21.164,79.564
2004-06-11 09:00:00,3031.0,21.852,76.25
2004-06-11 10:00:00,3036.0,22.578,74.014
2004-06-11 11:00:00,3041.0,24.476,64.916
2004-06-11 12:00:00,3046.0,26.74,54.525999999999996
2004-06-11 13:00:00,3051.0,28.375999999999998,45.576
2004-06-11 14:00:00,3056.0,29.363999999999997,47.338
2004-06-11 15:00:00,3061.0,29.088,48.05
2004-06-11 16:00:00,3066.0,29.026,47.974000000000004
2004-06-11 17:00:00,3071.0,28.901999999999997,49.314
2004-06-11 18:00:00,3076.0,28.052,51.65
2004-06-11 19:00:00,3081.0,26.877999999999997,55.577999999999996
2004-06-11 20:00:00,3086.0,24.026,64.938
2004-06-11 21:00:00,3091.0,21.326,80.116
2004-06-11 22:00:00,3096.0,20.636,87.414
2004-06-11 23:00:00,3101.0,20.124000000000002,90.976
2004-06-12 00:00:00,3106.0,19.812,89.726
2004-06-12 01:00:00,3111.0,19.226,87.638
2004-06-12 02:00:00,3116.0,18.79,86.724
2004-06-12 03:00:00,3121.0,18.502,85.866
2004-06-12 04:00:00,3126.0,18.25,85.24
2004-06-12 05:00:00,3131.0,18.226,84.7
2004-06-12 06:00:00,3136.0,18.676,81.726
2004-06-12 07:00:00,3141.0,19.247999999999998,79.824
2004-06-12 08:00:00,3146.0,20.402,75.114
2004-06-12 09:00:00,3151.0,21.764000000000003,69.912
2004-06-12 10:00:00,3156.0,23.45,64.014
2004-06-12 11:00:00,3161.0,24.276,56.102
2004-06-12 12:00:00,3166.0,25.14,54.04
2004-06-12 13:00:00,3171.0,26.174,47.552
2004-06-12 14:00:00,3176.0,26.774,45.212
2004-06-12 15:00:00,3181.0,26.802,44.114
2004-06-12 16:00:00,3186.0,26.839999999999996,42.089999999999996
2004-06-12 17:00:00,3191.0,26.201999999999998,42.702
2004-06-12 18:00:00,3196.0,25.326,42.79
2004-06-12 19:00:00,3201.0,23.94,45.428000000000004
2004-06-12 20:00:00,3206.0,22.535999999999998,50.436
2004-06-12 21:00:00,3211.0,21.426,50.864
2004-06-12 22:00:00,3216.0,20.753999999999998,51.224000000000004
2004-06-12 23:00:00,3221.0,19.701999999999998,52.424
2004-06-13 00:00:00,3226.0,18.863999999999997,52.35
2004-06-13 01:00:00,3231.0,17.812,53.088
2004-06-13 02:00:00,3236.0,17.038,52.888
2004-06-13 03:00:00,3241.0,16.4,54.402
2004-06-13 04:00:00,3246.0,15.588,57.676
2004-06-13 05:00:00,3251.0,15.788,58.5
2004-06-13 06:00:00,3256.0,16.95,56.338
2004-06-13 07:00:00,3261.0,18.375999999999998,51.826
2004-06-13 08:00:00,3266.0,19.913999999999998,44.814
2004-06-13 09:00:00,3271.0,20.826,42.488
2004-06-13 10:00:00,3276.0,21.5,39.324
2004-06-13 11:00:00,3281.0,22.062,38.89
2004-06-13 12:00:00,3286.0,22.901999999999997,37.976
2004-06-13 13:00:00,3291.0,23.302,35.79
2004-06-13 14:00:00,3296.0,24.202,34.376
2004-06-13 15:00:00,3301.0,24.04,34.564
2004-06-13 16:00:00,3306.0,23.288,34.726
2004-06-13 17:00:00,3311.0,23.439999999999998,34.54
2004-06-13 18:00:00,3316.0,22.59,35.978
2004-06-13 19:00:00,3321.0,21.552,40.286
2004-06-13 20:00:00,3326.0,20.35,45.013999999999996
2004-06-13 21:00:00,3331.0,19.274,48.089999999999996
2004-06-13 22:00:00,3336.0,18.228,51.25
2004-06-13 23:00:00,3341.0,17.35,52.089999999999996
2004-06-14 00:00:00,3346.0,16.451999999999998,55.312
2004-06-14 01:00:00,3351.0,15.526,59.263999999999996
2004-06-14 02:00:00,3356.0,14.764000000000001,62.176
2004-06-14 03:00:00,3361.0,14.24,64.276
2004-06-14 04:00:00,3366.0,13.713999999999999,66.264
2004-06-14 05:00:00,3371.0,13.912,66.026
2004-06-14 06:00:00,3376.0,15.152000000000001,62.812
2004-06-14 07:00:00,3381.0,16.14,60.128
2004-06-14 08:00:00,3386.0,17.764,54.124
2004-06-14 09:00:00,3391.0,19.188,49.474000000000004
2004-06-14 10:00:00,3396.0,20.276,46.04
2004-06-14 11:00:00,3401.0,21.089999999999996,42.864
2004-06-14 12:00:00,3406.0,22.012,39.5
2004-06-14 13:00:00,3411.0,22.476,37.702
2004-06-14 14:00:00,3416.0,22.613999999999997,37.964
2004-06-14 15:00:00,3421.0,23.3,36.75
2004-06-14 16:00:00,3426.0,23.788,36.652
2004-06-14 17:00:00,3431.0,23.625999999999998,38.04
2004-06-14 18:00:00,3436.0,22.7,41.45
2004-06-14 19:00:00,3441.0,21.714,44.266000000000005
2004-06-14 20:00:00,3446.0,20.728,47.589999999999996
2004-06-14 21:00:00,3451.0,19.613999999999997,50.814
2004-06-14 22:00:00,3456.0,18.94,53.102
2004-06-14 23:00:00,3461.0,18.1,55.914
2004-06-15 00:00:00,3466.0,17.4,58.426
2004-06-15 01:00:00,3471.0,16.928,60.501999999999995
2004-06-15 02:00:00,3476.0,15.988,65.752
2004-06-15 03:00:00,3481.0,15.15,70.314
2004-06-15 04:00:00,3486.0,14.725999999999999,73.264
2004-06-15 05:00:00,3491.0,15.14,72.752
2004-06-15 06:00:00,3496.0,16.589999999999996,69.338
2004-06-15 07:00:00,3501.0,18.076,64.364
2004-06-15 08:00:00,3506.0,19.5,59.452
2004-06-15 09:00:00,3511.0,20.913999999999998,56.652
2004-06-15 10:00:00,3516.0,22.264,52.227999999999994
2004-06-15 11:00:00,3521.0,23.65,47.586
2004-06-15 12:00:00,3526.0,24.352,43.94
2004-06-15 13:00:00,3531.0,25.163999999999998,41.588
2004-06-15 14:00:00,3536.0,25.689999999999998,38.726
2004-06-15 15:00:00,3541.0,25.974,37.576
2004-06-15 16:00:00,3546.0,25.75,37.914
2004-06-15 17:00:00,3551.0,25.788,37.466
2004-06-15 18:00:00,3556.0,25.114,39.227999999999994
2004-06-15 19:00:00,3561.0,24.302,42.2
2004-06-15 20:00:00,3566.0,23.05,47.364
2004-06-15 21:00:00,3571.0,22.2,50.598
2004-06-15 22:00:00,3576.0,21.438,51.69
2004-06-15 23:00:00,3581.0,20.612000000000002,54.476
2004-06-16 00:00:00,3586.0,19.478,60.592000000000006
2004-06-16 01:00:00,3591.0,18.528,67.3
2004-06-16 02:00:00,3596.0,17.54,74.478
2004-06-16 03:00:00,3601.0,16.964,78.164
2004-06-16 04:00:00,3606.0,17.052,78.676
2004-06-16 05:00:00,3611.0,17.55,78.088
2004-06-16 06:00:00,3616.0,18.112000000000002,77.752
2004-06-16 07:00:00,3621.0,18.704,77.226
2004-06-16 08:00:00,3626.0,19.6,74.164
2004-06-16 09:00:00,3631.0,21.202,68.902
2004-06-16 10:00:00,3636.0,22.714,63.75
2004-06-16 11:00:00,3641.0,23.902,59.827999999999996
2004-06-16 12:00:00,3646.0,25.214,54.814
2004-06-16 13:00:00,3651.0,26.052,51.516
2004-06-16 14:00:00,3656.0,26.726,48.263999999999996
2004-06-16 15:00:00,3661.0,27.716,41.788
2004-06-16 16:00:00,3666.0,28.0,39.052
2004-06-16 17:00:00,3671.0,28.29,38.438
2004-06-16 18:00:00,3676.0,27.002,42.013999999999996
2004-06-16 19:00:00,3681.0,25.426,54.074
2004-06-16 20:00:00,3686.0,23.15,67.664
2004-06-16 21:00:00,3691.0,22.088,70.816
2004-06-16 22:00:00,3696.0,21.178,73.914
2004-06-16 23:00:00,3701.0,20.326,77.054
2004-06-17 00:00:00,3706.0,19.552,79.776
2004-06-17 01:00:00,3711.0,18.838,82.676
2004-06-17 02:00:00,3716.0,18.152,85.24
2004-06-17 03:00:00,3721.0,17.7,86.962
2004-06-17 04:00:00,3726.0,17.226,88.65
2004-06-17 05:00:00,3731.0,17.702,86.626
2004-06-17 06:00:00,3736.0,19.288,79.538
2004-06-17 07:00:00,3741.0,20.4,74.55199999999999
2004-06-17 08:00:00,3746.0,21.776,68.014
2004-06-17 09:00:00,3751.0,23.613999999999997,57.102
2004-06-17 10:00:00,3756.0,25.002000000000002,48.739999999999995
2004-06-17 11:00:00,3761.0,25.85,44.404
2004-06-17 12:00:00,3766.0,27.45,39.478
2004-06-17 13:00:00,3771.0,28.127999999999997,38.464
2004-06-17 14:00:00,3776.0,28.977999999999998,35.5
2004-06-17 15:00:00,3781.0,29.124000000000002,33.902
2004-06-17 16:00:00,3786.0,29.538,31.85
2004-06-17 17:00:00,3791.0,29.201999999999998,31.426
2004-06-17 18:00:00,3796.0,28.377999999999997,33.976
2004-06-17 19:00:00,3801.0,26.964,37.376
2004-06-17 20:00:00,3806.0,25.701999999999998,40.974000000000004
2004-06-17 21:00:00,3811.0,24.404,44.964
2004-06-17 22:00:00,3816.0,23.226,49.614
2004-06-17 23:00:00,3821.0,21.774,55.602
2004-06-18 00:00:00,3826.0,20.724,58.8
2004-06-18 01:00:00,3831.0,19.738,65.726
2004-06-18 02:00:00,3836.0,18.752,70.09
2004-06-18 03:00:00,3841.0,18.378,69.928
2004-06-18 04:00:00,3846.0,18.088,70.502
2004-06-18 05:00:00,3851.0,18.426,70.276
2004-06-18 06:00:00,3856.0,20.014,66.138
2004-06-18 07:00:00,3861.0,21.740000000000002,60.624
2004-06-18 08:00:00,3866.0,23.45,53.748000000000005
2004-06-18 09:00:00,3871.0,24.526,48.077999999999996
2004-06-18 10:00:00,3876.0,25.701999999999998,46.528
2004-06-18 11:00:00,3881.0,26.712,45.29
2004-06-18 12:00:00,3886.0,27.502,42.738
2004-06-18 13:00:00,3891.0,28.264,38.588
2004-06-18 14:00:00,3896.0,29.05,35.513999999999996
2004-06-18 15:00:00,3901.0,29.477999999999998,33.288
2004-06-18 16:00:00,3906.0,29.088,33.976
2004-06-18 17:00:00,3911.0,28.764,33.976
2004-06-18 18:00:00,3916.0,27.562,36.79
2004-06-18 19:00:00,3921.0,26.312,40.414
2004-06-18 20:00:00,3926.0,25.226,43.912
2004-06-18 21:00:00,3931.0,23.901999999999997,48.528
2004-06-18 22:00:00,3936.0,22.104,55.552
2004-06-18 23:00:00,3941.0,20.838,61.064
2004-06-19 00:00:00,3946.0,20.212,59.926
2004-06-19 01:00:00,3951.0,18.74,61.8
2004-06-19 02:00:00,3956.0,17.476,64.414
2004-06-19 03:00:00,3961.0,16.363999999999997,71.638
2004-06-19 04:00:00,3966.0,15.738,75.776
2004-06-19 05:00:00,3971.0,15.904,74.1
2004-06-19 06:00:00,3976.0,15.912,72.814
2004-06-19 07:00:00,3981.0,15.913999999999998,73.152
2004-06-19 08:00:00,3986.0,15.937999999999999,71.526
2004-06-19 09:00:00,3991.0,15.652000000000001,77.328
2004-06-19 10:00:00,3996.0,16.15,77.362
2004-06-19 11:00:00,4001.0,17.702,67.752
2004-06-19 12:00:00,4006.0,18.69,61.888
2004-06-19 13:00:00,4011.0,19.264,60.15
2004-06-19 14:00:00,4016.0,19.387999999999998,61.924
2004-06-19 15:00:00,4021.0,19.652,61.726
2004-06-19 16:00:00,4026.0,17.902,80.412
2004-06-19 17:00:00,4031.0,18.052,79.576
2004-06-19 18:00:00,4036.0,17.412,82.888
2004-06-19 19:00:00,4041.0,16.387999999999998,88.64
2004-06-19 20:00:00,4046.0,16.666,81.09
2004-06-19 21:00:00,4051.0,15.975999999999999,77.84
2004-06-19 22:00:00,4056.0,15.578,77.388
2004-06-19 23:00:00,4061.0,15.552000000000001,74.464
2004-06-20 00:00:00,4066.0,15.678,74.916
2004-06-20 01:00:00,4071.0,15.402000000000001,76.412
2004-06-20 02:00:00,4076.0,15.214000000000002,76.274
2004-06-20 03:00:00,4081.0,14.502,81.814
2004-06-20 04:00:00,4086.0,14.328,84.164
2004-06-20 05:00:00,4091.0,14.565999999999999,83.404
2004-06-20 06:00:00,4096.0,14.975999999999999,81.216
2004-06-20 07:00:00,4101.0,15.540000000000001,77.126
2004-06-20 08:00:00,4106.0,16.401999999999997,70.452
2004-06-20 09:00:00,4111.0,17.25,59.438
2004-06-20 10:00:00,4116.0,17.1,55.827999999999996
2004-06-20 11:00:00,4121.0,18.625999999999998,48.128
2004-06-20 12:00:00,4126.0,19.84,42.25
2004-06-20 13:00:00,4131.0,19.438,45.288
2004-06-20 14:00:00,4136.0,18.188,54.44
2004-06-20 15:00:00,4141.0,19.59,45.525999999999996
2004-06-20 16:00:00,4146.0,18.616,49.088
2004-06-20 17:00:00,4151.0,18.302,51.976
2004-06-20 18:00:00,4156.0,17.863999999999997,52.676
2004-06-20 19:00:00,4161.0,17.276,55.1
2004-06-20 20:00:00,4166.0,16.652,58.126
2004-06-20 21:00:00,4171.0,15.702000000000002,59.552
2004-06-20 22:00:00,4176.0,14.802000000000001,61.564
2004-06-20 23:00:00,4181.0,14.264,62.426
2004-06-21 00:00:00,4186.0,13.802000000000001,65.076
2004-06-21 01:00:00,4191.0,13.516,66.876
2004-06-21 02:00:00,4196.0,13.262,68.824
2004-06-21 03:00:00,4201.0,12.704,71.416
2004-06-21 04:00:00,4206.0,12.114,76.30199999999999
2004-06-21 05:00:00,4211.0,12.476,74.638
2004-06-21 06:00:00,4216.0,14.152000000000001,66.376
2004-06-21 07:00:00,4221.0,16.276,60.266
2004-06-21 08:00:00,4226.0,17.852,55.14
2004-06-21 09:00:00,4231.0,18.990000000000002,47.778
2004-06-21 10:00:00,4236.0,19.964,45.638
2004-06-21 11:00:00,4241.0,20.625999999999998,45.752
2004-06-21 12:00:00,4246.0,22.214,40.398
2004-06-21 13:00:00,4251.0,23.0,39.236000000000004
2004-06-21 14:00:00,4256.0,23.625999999999998,39.054
2004-06-21 15:00:00,4261.0,23.814,39.69
2004-06-21 16:00:00,4266.0,24.29,38.802
2004-06-21 17:00:00,4271.0,23.862000000000002,39.888
2004-06-21 18:00:00,4276.0,23.324,41.774
2004-06-21 19:00:00,4281.0,22.401999999999997,46.714
2004-06-21 20:00:00,4286.0,21.752,51.864
2004-06-21 21:00:00,4291.0,20.678,58.3
2004-06-21 22:00:00,4296.0,19.913999999999998,67.0
2004-06-21 23:00:00,4301.0,19.428,70.75
2004-06-22 00:00:00,4306.0,18.64,77.376
2004-06-22 01:00:00,4311.0,18.19,83.638
2004-06-22 02:00:00,4316.0,18.226,84.564
2004-06-22 03:00:00,4321.0,18.326,83.664
2004-06-22 04:00:00,4326.0,18.19,85.30199999999999
2004-06-22 05:00:00,4331.0,18.613999999999997,82.838
2004-06-22 06:00:00,4336.0,19.54,76.088
2004-06-22 07:00:00,4341.0,19.928,72.39
2004-06-22 08:00:00,4346.0,20.9,70.952
2004-06-22 09:00:00,4351.0,22.676,64.94
2004-06-22 10:00:00,4356.0,24.538,59.376
2004-06-22 11:00:00,4361.0,26.1,53.128
2004-06-22 12:00:00,4366.0,26.926,52.352
2004-06-22 13:00:00,4371.0,26.839999999999996,52.902
2004-06-22 14:00:00,4376.0,26.45,52.727999999999994
2004-06-22 15:00:00,4381.0,26.302,52.20399999999999
2004-06-22 16:00:00,4386.0,26.026,53.339999999999996
2004-06-22 17:00:00,4391.0,25.052,57.414
2004-06-22 18:00:00,4396.0,23.363999999999997,64.35
2004-06-22 19:00:00,4401.0,21.764,70.288
2004-06-22 20:00:00,4406.0,21.002,75.128
2004-06-22 21:00:00,4411.0,20.75,79.488
2004-06-22 22:00:00,4416.0,20.512,81.276
2004-06-22 23:00:00,4421.0,20.378,82.628
2004-06-23 00:00:00,4426.0,20.188,83.238
2004-06-23 01:00:00,4431.0,19.928,84.788
2004-06-23 02:00:00,4436.0,19.8,85.338
2004-06-23 03:00:00,4441.0,19.488,86.55199999999999
2004-06-23 04:00:00,4446.0,19.238,87.338
2004-06-23 05:00:00,4451.0,19.302,86.714
2004-06-23 06:00:00,4456.0,20.062,83.652
2004-06-23 07:00:00,4461.0,21.362000000000002,77.752
2004-06-23 08:00:00,4466.0,22.438,73.264
2004-06-23 09:00:00,4471.0,24.125999999999998,65.526
2004-06-23 10:00:00,4476.0,25.163999999999998,59.412
2004-06-23 11:00:00,4481.0,25.052,56.89
2004-06-23 12:00:00,4486.0,25.137999999999998,57.738
2004-06-23 13:00:00,4491.0,25.651999999999997,55.838
2004-06-23 14:00:00,4496.0,25.252000000000002,56.262
2004-06-23 15:00:00,4501.0,24.35,58.3
2004-06-23 16:00:00,4506.0,23.552,58.013999999999996
2004-06-23 17:00:00,4511.0,23.214,56.766
2004-06-23 18:00:00,4516.0,22.901999999999997,56.565999999999995
2004-06-23 19:00:00,4521.0,22.338,55.564
2004-06-23 20:00:00,4526.0,21.936,56.938
2004-06-23 21:00:00,4531.0,21.55,57.552
2004-06-23 22:00:00,4536.0,21.014,58.338
2004-06-23 23:00:00,4541.0,20.5,61.013999999999996
2004-06-24 00:00:00,4546.0,19.952,64.44
2004-06-24 01:00:00,4551.0,19.59,64.014
2004-06-24 02:00:00,4556.0,19.076,66.062
2004-06-24 03:00:00,4561.0,18.6,68.988
2004-06-24 04:00:00,4566.0,18.014,72.928
2004-06-24 05:00:00,4571.0,17.94,74.84
2004-06-24 06:00:00,4576.0,18.19,74.588
2004-06-24 07:00:00,4581.0,18.676,71.428
2004-06-24 08:00:00,4586.0,18.538,71.924
2004-06-24 09:00:00,4591.0,19.35,67.138
2004-06-24 10:00:00,4596.0,19.5,67.69
2004-06-24 11:00:00,4601.0,20.576,62.751999999999995
2004-06-24 12:00:00,4606.0,20.740000000000002,62.114
2004-06-24 13:00:00,4611.0,22.1,57.513999999999996
2004-06-24 14:00:00,4616.0,22.863999999999997,55.964
2004-06-24 15:00:00,4621.0,23.15,55.25
2004-06-24 16:00:00,4626.0,23.712,54.676
2004-06-24 17:00:00,4631.0,23.662,54.738
2004-06-24 18:00:00,4636.0,23.478,55.465999999999994
2004-06-24 19:00:00,4641.0,22.726,58.238
2004-06-24 20:00:00,4646.0,22.45,60.302
2004-06-24 21:00:00,4651.0,22.002,61.7
2004-06-24 22:00:00,4656.0,21.574,62.95
2004-06-24 23:00:00,4661.0,20.704,66.702
2004-06-25 00:00:00,4666.0,20.363999999999997,67.712
2004-06-25 01:00:00,4671.0,19.69,72.674
2004-06-25 02:00:00,4676.0,19.101999999999997,75.35
2004-06-25 03:00:00,4681.0,18.826,76.588
2004-06-25 04:00:00,4686.0,18.363999999999997,76.538
2004-06-25 05:00:00,4691.0,17.778,75.764
2004-06-25 06:00:00,4696.0,17.901999999999997,73.026
2004-06-25 07:00:00,4701.0,17.916,71.726
2004-06-25 08:00:00,4706.0,18.674,67.25
2004-06-25 09:00:00,4711.0,20.84,59.436
2004-06-25 10:00:00,4716.0,22.25,54.763999999999996
2004-06-25 11:00:00,4721.0,23.564,50.739999999999995
2004-06-25 12:00:00,4726.0,24.89,47.5
2004-06-25 13:00:00,4731.0,25.938,45.224000000000004
2004-06-25 14:00:00,4736.0,26.413999999999998,43.278
2004-06-25 15:00:00,4741.0,27.214,41.392
2004-06-25 16:00:00,4746.0,27.776,39.564
2004-06-25 17:00:00,4751.0,27.326,39.966
2004-06-25 18:00:00,4756.0,26.413999999999998,42.614
2004-06-25 19:00:00,4761.0,25.689999999999998,45.176
2004-06-25 20:00:00,4766.0,24.913999999999998,47.690000000000005
2004-06-25 21:00:00,4771.0,24.166,50.952
2004-06-25 22:00:00,4776.0,23.538,52.589999999999996
2004-06-25 23:00:00,4781.0,22.662,53.726
2004-06-26 00:00:00,4786.0,21.651999999999997,59.564
2004-06-26 01:00:00,4791.0,20.79,66.4
2004-06-26 02:00:00,4796.0,19.875999999999998,72.30199999999999
2004-06-26 03:00:00,4801.0,19.137999999999998,75.288
2004-06-26 04:00:00,4806.0,18.326,78.364
2004-06-26 05:00:00,4811.0,19.002,73.488
2004-06-26 06:00:00,4816.0,20.95,63.688
2004-06-26 07:00:00,4821.0,23.502,51.326
2004-06-26 08:00:00,4826.0,25.826,45.138
2004-06-26 09:00:00,4831.0,27.913999999999998,41.7
2004-06-26 10:00:00,4836.0,29.639999999999997,38.39
2004-06-26 11:00:00,4841.0,31.512,35.1
2004-06-26 12:00:00,4846.0,32.912,32.676
2004-06-26 13:00:00,4851.0,34.064,30.252
2004-06-26 14:00:00,4856.0,34.577999999999996,29.676
2004-06-26 15:00:00,4861.0,35.426,28.564
2004-06-26 16:00:00,4866.0,35.75,28.438
2004-06-26 17:00:00,4871.0,34.989999999999995,29.913999999999998
2004-06-26 18:00:00,4876.0,32.562,34.666000000000004
2004-06-26 19:00:00,4881.0,30.064,41.164
2004-06-26 20:00:00,4886.0,28.312,45.388
2004-06-26 21:00:00,4891.0,26.826,50.964
2004-06-26 22:00:00,4896.0,25.663999999999998,55.224000000000004
2004-06-26 23:00:00,4901.0,24.886,58.152
2004-06-27 00:00:00,4906.0,24.488,60.552
2004-06-27 01:00:00,4911.0,23.226,70.49
2004-06-27 02:00:00,4916.0,21.124000000000002,80.25
2004-06-27 03:00:00,4921.0,20.476,81.716
2004-06-27 04:00:00,4926.0,19.802,83.676
2004-06-27 05:00:00,4931.0,19.839999999999996,83.228
2004-06-27 06:00:00,4936.0,20.576,79.34
2004-06-27 07:00:00,4941.0,21.674,72.614
2004-06-27 08:00:00,4946.0,23.088,66.576
2004-06-27 09:00:00,4951.0,24.588,61.604
2004-06-27 10:00:00,4956.0,25.887999999999998,57.312
2004-06-27 11:00:00,4961.0,27.389999999999997,52.827999999999996
2004-06-27 12:00:00,4966.0,28.988,49.077999999999996
2004-06-27 13:00:00,4971.0,29.926,46.352
2004-06-27 14:00:00,4976.0,30.814,43.501999999999995
2004-06-27 15:00:00,4981.0,31.326,43.412
2004-06-27 16:00:00,4986.0,31.49,44.428
2004-06-27 17:00:00,4991.0,30.924,46.204
2004-06-27 18:00:00,4996.0,29.976,47.4
2004-06-27 19:00:00,5001.0,28.601999999999997,50.064
2004-06-27 20:00:00,5006.0,27.312,52.525999999999996
2004-06-27 21:00:00,5011.0,26.163999999999998,55.827999999999996
2004-06-27 22:00:00,5016.0,25.302,59.538
2004-06-27 23:00:00,5021.0,24.314,63.910000000000004
2004-06-28 00:00:00,5026.0,23.738,65.526
2004-06-28 01:00:00,5031.0,23.688,64.814
2004-06-28 02:00:00,5036.0,23.238,67.088
2004-06-28 03:00:00,5041.0,22.826,68.238
2004-06-28 04:00:00,5046.0,22.288,68.026
2004-06-28 05:00:00,5051.0,21.716,67.664
2004-06-28 06:00:00,5056.0,21.113999999999997,71.364
2004-06-28 07:00:00,5061.0,21.566,68.514
2004-06-28 08:00:00,5066.0,22.3,66.514
2004-06-28 09:00:00,5071.0,23.964,61.938
2004-06-28 10:00:00,5076.0,25.166,58.188
2004-06-28 11:00:00,5081.0,26.477999999999998,52.726
2004-06-28 12:00:00,5086.0,27.926,46.152
2004-06-28 13:00:00,5091.0,28.826,43.464
2004-06-28 14:00:00,5096.0,29.201999999999998,42.988
2004-06-28 15:00:00,5101.0,29.564,41.614
2004-06-28 16:00:00,5106.0,29.363999999999997,41.762
2004-06-28 17:00:00,5111.0,28.788,41.85
2004-06-28 18:00:00,5116.0,26.887999999999998,43.614
2004-06-28 19:00:00,5121.0,25.338,44.7
2004-06-28 20:00:00,5126.0,24.002,45.216
2004-06-28 21:00:00,5131.0,23.401999999999997,44.498000000000005
2004-06-28 22:00:00,5136.0,22.714,44.824
2004-06-28 23:00:00,5141.0,21.976,46.902
2004-06-29 00:00:00,5146.0,21.9,48.062
2004-06-29 01:00:00,5151.0,21.326,51.076
2004-06-29 02:00:00,5156.0,21.0,53.436
2004-06-29 03:00:00,5161.0,20.714000000000002,55.788
2004-06-29 04:00:00,5166.0,20.404,57.025999999999996
2004-06-29 05:00:00,5171.0,20.214,56.938
2004-06-29 06:00:00,5176.0,20.55,56.038
2004-06-29 07:00:00,5181.0,21.576,52.788
2004-06-29 08:00:00,5186.0,23.19,48.888
2004-06-29 09:00:00,5191.0,24.875999999999998,40.438
2004-06-29 10:00:00,5196.0,26.176,34.754000000000005
2004-06-29 11:00:00,5201.0,26.712,34.578
2004-06-29 12:00:00,5206.0,28.038,30.026
2004-06-29 13:00:00,5211.0,29.174,24.314
2004-06-29 14:00:00,5216.0,29.826,19.84
2004-06-29 15:00:00,5221.0,30.151999999999997,21.926
2004-06-29 16:00:00,5226.0,30.278,20.026
2004-06-29 17:00:00,5231.0,30.502,19.451999999999998
2004-06-29 18:00:00,5236.0,29.304000000000002,22.252
2004-06-29 19:00:00,5241.0,27.839999999999996,24.3
2004-06-29 20:00:00,5246.0,26.088,29.014
2004-06-29 21:00:00,5251.0,25.29,30.688
2004-06-29 22:00:00,5256.0,24.688,33.664
2004-06-29 23:00:00,5261.0,22.863999999999997,41.013999999999996
2004-06-30 00:00:00,5266.0,21.151999999999997,50.788
2004-06-30 01:00:00,5271.0,19.851999999999997,55.766
2004-06-30 02:00:00,5276.0,19.274,59.29
2004-06-30 03:00:00,5281.0,18.766,62.476
2004-06-30 04:00:00,5286.0,17.9,65.154
2004-06-30 05:00:00,5291.0,18.401999999999997,61.739999999999995
2004-06-30 06:00:00,5296.0,20.378,57.438
2004-06-30 07:00:00,5301.0,22.65,51.6
2004-06-30 08:00:00,5306.0,24.976,45.102
2004-06-30 09:00:00,5311.0,27.363999999999997,37.226
2004-06-30 10:00:00,5316.0,29.088,30.627999999999997
2004-06-30 11:00:00,5321.0,29.9,28.177999999999997
2004-06-30 12:00:00,5326.0,30.802,29.736
2004-06-30 13:00:00,5331.0,31.875999999999998,26.887999999999998
2004-06-30 14:00:00,5336.0,32.513999999999996,24.528
2004-06-30 15:00:00,5341.0,32.826,23.826
2004-06-30 16:00:00,5346.0,32.362,25.326
2004-06-30 17:00:00,5351.0,31.887999999999998,28.887999999999998
2004-06-30 18:00:00,5356.0,29.839999999999996,39.440000000000005
2004-06-30 19:00:00,5361.0,26.877999999999997,51.338
2004-06-30 20:00:00,5366.0,25.238,47.05
2004-06-30 21:00:00,5371.0,23.9,42.314
2004-06-30 22:00:00,5376.0,22.125999999999998,48.938
