<?xml version="1.0" encoding="UTF-8"?>
<metadata>
  <presentation>
    <nom>MTO-MAT</nom>
    <definition>Mean (1 min. average) meteorological measurement on the mast located on terrace roofs.&#xD;
1) in the central site, rue d'alsace-lorraine.&#xD;
2) in Paul Sabatier University campus</definition>
    <destination>SGBD</destination>
    <categorie>SURF_FIXE</categorie>
    <contacts>
      <personne>
        <nom>Bergue</nom>
        <prenom>Paul</prenom>
        <organisme>Météo-France/CNRM</organisme>
        <mail>paul.bergue@meteo.fr</mail>
        <mdp>ber48</mdp>
        <role>tech</role>
      </personne>
      <personne>
        <nom>Legain</nom>
        <prenom>Dominique</prenom>
        <organisme>Météo-France/CNRM</organisme>
        <mail>dominique.legain@meteo.fr</mail>
        <mdp>DLcap2004</mdp>
        <role>default</role>
      </personne>
    </contacts>
  </presentation>
  <description>
    <organisme>Météo-France/CNRM</organisme>
    <pi>
      <nom />
      <prenom />
      <organisme />
      <mail />
      <mdp />
      <role>pi</role>
    </pi>
    <technicien>
      <nom>Bergue</nom>
      <prenom>Paul</prenom>
      <organisme>Météo-France/CNRM</organisme>
      <mail>paul.bergue@meteo.fr</mail>
      <mdp>ber48</mdp>
      <role>tech</role>
    </technicien>
    <format>text</format>
    <repartition>one file/month</repartition>
  </description>
  <contenu_prevu>
    <liste_plateformes>
      <plateforme>
        <nom>Toulouse-Alsace</nom>
        <desc>Toit-terrasse du magasin Monoprix situé rue Alsace-lorraine, dans le centre de Toulouse.&#xD;
 L'altitude indiquée est celle de la terrasse du batiment, et toutes les hauteurs d'instrument sont données relativement à cette terrasse, qui est située 21.15 m au-dessus du niveau de la rue.</desc>
        <liste_images>
          <image />
        </liste_images>
        <lat_min>43.60341552</lat_min>
        <lon_min>1.44657637</lon_min>
        <alt_min>164.88</alt_min>
        <lat_max>43.60341552</lat_max>
        <lon_max>1.44657637</lon_max>
        <alt_max>164.88</alt_max>
      </plateforme>
      <plateforme>
        <nom>Toulouse-UPS</nom>
        <desc>Toit-terrasse du bâtiment de physique du campus de l'université Paul sabatier.</desc>
        <liste_images>
          <image />
        </liste_images>
        <lat_min>43.5604833333</lat_min>
        <lon_min>1.4694</lon_min>
        <alt_min>0.0</alt_min>
        <lat_max>43.5604833333</lat_max>
        <lon_max>1.4694</lon_max>
        <alt_max>0.0</alt_max>
      </plateforme>
    </liste_plateformes>
    <liste_params>
      <param>
        <nom>Température de l'air</nom>
        <abrev>Tpr_air</abrev>
        <unite>°C</unite>
      </param>
      <param>
        <nom>Humidité relative de l'air</nom>
        <abrev>Hum_rel_air</abrev>
        <unite>%</unite>
      </param>
      <param>
        <nom>Pression de l'air au point de mesure</nom>
        <abrev>Pre_air_loc</abrev>
        <unite>hPa</unite>
      </param>
      <param>
        <nom>Rayonnement global descendant</nom>
        <abrev>ray_glo_desc</abrev>
        <unite>W/m2</unite>
      </param>
      <param>
        <nom>Rayonnement global montant</nom>
        <abrev>ray_glo_mont</abrev>
        <unite>W/m2</unite>
      </param>
      <param>
        <nom>Rayonnement IR descendant</nom>
        <abrev>ray_IR_desc</abrev>
        <unite>W/m2</unite>
      </param>
      <param>
        <nom>Rayonnement IR montant</nom>
        <abrev>ray_IR_mont</abrev>
        <unite>W/m2</unite>
      </param>
      <param>
        <nom>Intensité de précipitation</nom>
        <abrev>precip_intens</abrev>
        <unite>mm/h</unite>
      </param>
      <param>
        <nom>direction d'où vient le vent</nom>
        <abrev>dir_vent_moy</abrev>
        <unite>degree</unite>
      </param>
      <param>
        <nom>vitesse du vent moyen</nom>
        <abrev>vit_vent_moy</abrev>
        <unite>m/s</unite>
      </param>
      <param>
        <nom>Concentration de CO2 dans l'air</nom>
        <abrev>Conc_CO2</abrev>
        <unite>g/m3</unite>
      </param>
    </liste_params>
    <liste_capteurs>
      <capteur>
        <type>thermo-hygromètre</type>
        <fabriquant>VAISALA</fabriquant>
        <modele>HMP233</modele>
        <num_serie>S3830005</num_serie>
        <etalonnage />
        <plateforme>Toulouse-Alsace</plateforme>
      </capteur>
      <capteur>
        <type>Barometer</type>
        <fabriquant>Vaisala</fabriquant>
        <modele>PTB220</modele>
        <num_serie>Y3210011</num_serie>
        <etalonnage />
        <plateforme>Toulouse-Alsace</plateforme>
      </capteur>
      <capteur>
        <type>Analyseur de gaz</type>
        <fabriquant>LiCor</fabriquant>
        <modele>7500</modele>
        <num_serie>75H-0477</num_serie>
        <etalonnage />
        <plateforme>Toulouse-Alsace</plateforme>
      </capteur>
      <capteur>
        <type />
        <fabriquant>Kipp et Zonen</fabriquant>
        <modele>CNR1</modele>
        <num_serie>030700</num_serie>
        <etalonnage />
        <plateforme>Toulouse-Alsace</plateforme>
      </capteur>
    </liste_capteurs>
  </contenu_prevu>
  <integration>
    <integrateur>
      <nom />
      <prenom />
      <organisme />
      <mail />
      <mdp />
      <role>default</role>
    </integrateur>
    <date_d>
      <date />
      <heure />
    </date_d>
    <date_f>
      <date />
      <heure />
    </date_f>
    <nb_fichiers>0</nb_fichiers>
  </integration>
</metadata>

