cur_datetime,sensWaste,MeteoData.Tatm,MeteoData.Pre,TempProf_cur[1],PresProf_cur[1],TempProf_cur[0],PresProf_cur[0],
2004-06-01 00:05:00,10.347,287.334,99731.472,292.117,292.275,100302.152,100313.886,
2004-06-01 00:10:00,0.479,287.334,99729.111,290.643,290.833,100303.126,100314.920,
2004-06-01 00:15:00,0.479,287.334,99726.750,291.310,291.547,100302.863,100314.628,
2004-06-01 00:20:00,3.941,287.334,99724.389,291.979,292.220,100302.535,100314.273,
2004-06-01 00:25:00,3.109,287.334,99722.028,291.874,292.074,100302.478,100314.221,
2004-06-01 00:30:00,2.969,287.334,99719.667,291.964,292.179,100302.403,100314.143,
2004-06-01 00:35:00,1.169,287.333,99717.306,291.795,291.991,100302.415,100314.162,
2004-06-01 00:40:00,0.947,287.333,99714.944,291.859,292.067,100302.340,100314.084,
2004-06-01 00:45:00,0.479,287.333,99712.583,291.761,291.952,100302.297,100314.045,
2004-06-01 00:50:00,0.479,287.333,99710.222,291.855,292.056,100302.179,100313.923,
2004-06-01 00:55:00,0.239,287.333,99707.861,291.795,291.978,100302.092,100313.838,
2004-06-01 01:00:00,0.239,287.333,99705.500,291.900,292.093,100301.936,100313.678,
2004-06-01 01:05:00,0.239,287.342,99703.931,291.803,291.979,100302.021,100313.768,
2004-06-01 01:10:00,0.239,287.351,99702.361,291.804,291.994,100302.136,100313.882,
2004-06-01 01:15:00,0.239,287.360,99700.792,291.579,291.754,100302.327,100314.082,
2004-06-01 01:20:00,0.239,287.369,99699.222,291.568,291.760,100302.436,100314.192,
2004-06-01 01:25:00,0.239,287.378,99697.653,291.411,291.587,100302.572,100314.334,
2004-06-01 01:30:00,0.239,287.387,99696.083,291.441,291.632,100302.647,100314.407,
2004-06-01 01:35:00,0.239,287.396,99694.514,291.296,291.471,100302.765,100314.533,
2004-06-01 01:40:00,0.239,287.405,99692.944,291.329,291.519,100302.832,100314.597,
2004-06-01 01:45:00,0.239,287.414,99691.375,291.187,291.360,100302.942,100314.714,
2004-06-01 01:50:00,0.239,287.423,99689.806,291.228,291.417,100302.999,100314.769,
2004-06-01 01:55:00,0.060,287.432,99688.236,291.090,291.262,100303.100,100314.875,
2004-06-01 02:00:00,0.060,287.441,99686.667,291.139,291.327,100303.147,100314.920,
2004-06-01 02:05:00,0.060,287.444,99685.875,291.019,291.189,100303.183,100314.962,
2004-06-01 02:10:00,0.060,287.446,99685.083,291.108,291.295,100303.149,100314.924,
2004-06-01 02:15:00,0.060,287.448,99684.292,291.008,291.175,100303.162,100314.941,
2004-06-01 02:20:00,0.060,287.450,99683.500,291.097,291.281,100303.131,100314.906,
2004-06-01 02:25:00,0.060,287.453,99682.708,290.980,291.144,100303.156,100314.936,
2004-06-01 02:30:00,0.060,287.455,99681.917,291.064,291.246,100303.130,100314.906,
2004-06-01 02:35:00,0.060,287.457,99681.125,290.944,291.106,100303.156,100314.938,
2004-06-01 02:40:00,0.060,287.460,99680.333,291.035,291.214,100303.128,100314.906,
2004-06-01 02:45:00,0.060,287.462,99679.542,290.914,291.073,100303.154,100314.937,
2004-06-01 02:50:00,0.060,287.464,99678.750,291.009,291.187,100303.125,100314.904,
2004-06-01 02:55:00,0.060,287.466,99677.958,290.886,291.043,100303.152,100314.936,
2004-06-01 03:00:00,0.060,287.469,99677.167,290.984,291.161,100303.122,100314.902,
2004-06-01 03:05:00,0.060,287.468,99678.042,290.870,291.025,100303.111,100314.896,
2004-06-01 03:10:00,0.060,287.467,99678.917,290.994,291.168,100303.027,100314.807,
2004-06-01 03:15:00,0.060,287.466,99679.792,290.893,291.045,100302.998,100314.782,
2004-06-01 03:20:00,0.060,287.465,99680.667,291.020,291.192,100302.911,100314.690,
2004-06-01 03:25:00,0.060,287.464,99681.542,290.910,291.058,100302.887,100314.670,
2004-06-01 03:30:00,0.060,287.463,99682.417,291.033,291.202,100302.803,100314.580,
2004-06-01 03:35:00,0.060,287.462,99683.292,290.922,291.067,100302.777,100314.560,
2004-06-01 03:40:00,0.060,287.462,99684.167,291.049,291.216,100302.689,100314.467,
2004-06-01 03:45:00,0.060,287.461,99685.042,290.938,291.082,100302.661,100314.443,
2004-06-01 03:50:00,0.060,287.460,99685.917,291.070,291.234,100302.570,100314.347,
2004-06-01 03:55:00,0.239,287.459,99686.792,290.959,291.100,100302.540,100314.321,
2004-06-01 04:00:00,0.239,287.458,99687.667,291.093,291.255,100302.446,100314.222,
2004-06-01 04:05:00,0.239,287.467,99687.667,290.938,291.076,100302.584,100314.367,
2004-06-01 04:10:00,0.239,287.476,99687.667,290.982,291.144,100302.708,100314.488,
2004-06-01 04:15:00,0.239,287.486,99687.667,290.761,290.902,100302.888,100314.677,
2004-06-01 04:20:00,0.239,287.495,99687.667,290.821,290.987,100302.966,100314.752,
2004-06-01 04:25:00,0.239,287.504,99687.667,290.656,290.799,100303.078,100314.871,
2004-06-01 04:30:00,0.239,287.513,99687.667,290.751,290.917,100303.110,100314.900,
2004-06-01 04:35:00,0.239,287.523,99687.667,290.589,290.731,100303.201,100314.997,
2004-06-01 04:40:00,0.239,287.532,99687.667,290.681,290.846,100303.221,100315.014,
2004-06-01 04:45:00,0.239,287.541,99687.667,290.512,290.654,100303.303,100315.103,
2004-06-01 04:50:00,0.239,287.550,99687.667,290.604,290.770,100303.314,100315.110,
2004-06-01 04:55:00,1.615,287.559,99687.667,290.436,290.577,100303.388,100315.190,
2004-06-01 05:00:00,1.615,287.569,99687.667,290.535,290.700,100303.384,100315.183,
2004-06-01 05:05:00,1.615,287.585,99689.319,290.354,290.494,100303.497,100315.303,
2004-06-01 05:10:00,1.615,287.600,99690.972,290.430,290.595,100303.547,100315.349,
2004-06-01 05:15:00,1.615,287.616,99692.625,290.242,290.382,100303.656,100315.467,
2004-06-01 05:20:00,1.615,287.632,99694.278,290.326,290.491,100303.683,100315.490,
2004-06-01 05:25:00,1.615,287.648,99695.931,290.152,290.292,100303.775,100315.589,
2004-06-01 05:30:00,1.615,287.664,99697.583,290.332,290.504,100303.775,100315.581,
2004-06-01 05:35:00,1.615,287.680,99699.236,289.678,289.791,100304.018,100315.853,
2004-06-01 05:40:00,1.615,287.695,99700.889,289.949,290.120,100304.002,100315.824,
2004-06-01 05:45:00,1.615,287.711,99702.542,289.419,289.527,100304.206,100316.050,
2004-06-01 05:50:00,1.615,287.727,99704.194,289.792,289.960,100304.137,100315.965,
2004-06-01 05:55:00,5.623,287.743,99705.847,289.329,289.435,100304.301,100316.150,
2004-06-01 06:00:00,5.623,287.759,99707.500,289.872,290.049,100304.143,100315.968,
2004-06-01 06:05:00,5.623,287.805,99709.000,289.350,289.458,100304.350,100316.197,
2004-06-01 06:10:00,5.623,287.850,99710.500,289.753,289.922,100304.250,100316.080,
2004-06-01 06:15:00,5.623,287.896,99712.000,289.341,289.450,100304.409,100316.257,
2004-06-01 06:20:00,5.623,287.942,99713.500,289.955,290.142,100304.224,100316.045,
2004-06-01 06:25:00,5.623,287.988,99715.000,289.514,289.630,100304.389,100316.229,
2004-06-01 06:30:00,5.623,288.033,99716.500,290.081,290.277,100304.228,100316.045,
2004-06-01 06:35:00,5.623,288.079,99718.000,289.602,289.718,100304.401,100316.238,
2004-06-01 06:40:00,5.623,288.125,99719.500,290.211,290.420,100304.239,100316.049,
2004-06-01 06:45:00,5.623,288.170,99721.000,289.662,289.777,100304.428,100316.262,
2004-06-01 06:50:00,5.623,288.216,99722.500,290.300,290.517,100304.261,100316.068,
2004-06-01 06:55:00,5.982,288.262,99724.000,289.715,289.829,100304.458,100316.290,
2004-06-01 07:00:00,5.982,288.308,99725.500,290.364,290.586,100304.292,100316.096,
2004-06-01 07:05:00,5.982,288.370,99729.069,289.756,289.868,100304.479,100316.310,
2004-06-01 07:10:00,5.982,288.432,99732.639,290.487,290.716,100304.255,100316.054,
2004-06-01 07:15:00,5.982,288.495,99736.208,289.915,290.027,100304.394,100316.219,
2004-06-01 07:20:00,5.982,288.557,99739.778,290.716,290.956,100304.144,100315.934,
2004-06-01 07:25:00,5.982,288.620,99743.347,290.083,290.192,100304.288,100316.106,
2004-06-01 07:30:00,5.982,288.682,99746.917,290.928,291.180,100304.031,100315.812,
2004-06-01 07:35:00,5.982,288.745,99750.486,290.247,290.353,100304.179,100315.990,
2004-06-01 07:40:00,7.110,288.807,99754.056,291.132,291.396,100303.916,100315.688,
2004-06-01 07:45:00,5.982,288.869,99757.625,290.400,290.502,100304.067,100315.872,
2004-06-01 07:50:00,9.876,288.932,99761.194,291.316,291.590,100303.805,100315.569,
2004-06-01 07:55:00,5.743,288.994,99764.764,290.554,290.654,100303.946,100315.744,
2004-06-01 08:00:00,5.743,289.057,99768.333,291.500,291.783,100303.689,100315.445,
2004-06-01 08:05:00,5.743,289.178,99768.653,290.703,290.799,100303.762,100315.555,
2004-06-01 08:10:00,5.743,289.299,99768.972,291.732,292.021,100303.360,100315.107,
2004-06-01 08:15:00,5.743,289.420,99769.292,290.913,291.003,100303.400,100315.185,
2004-06-01 08:20:00,5.743,289.541,99769.611,291.989,292.284,100302.984,100314.721,
2004-06-01 08:25:00,5.743,289.663,99769.931,291.138,291.221,100303.026,100314.801,
2004-06-01 08:30:00,9.524,289.784,99770.250,292.251,292.550,100302.602,100314.328,
2004-06-01 08:35:00,6.548,289.905,99770.569,291.377,291.453,100302.626,100314.392,
2004-06-01 08:40:00,13.651,290.026,99770.889,292.495,292.795,100302.214,100313.930,
2004-06-01 08:45:00,10.807,290.148,99771.208,291.616,291.686,100302.222,100313.978,
2004-06-01 08:50:00,17.886,290.269,99771.528,292.742,293.041,100301.807,100313.514,
2004-06-01 08:55:00,11.033,290.390,99771.847,291.862,291.926,100301.809,100313.556,
2004-06-01 09:00:00,17.815,290.511,99772.167,292.972,293.268,100301.418,100313.115,
2004-06-01 09:05:00,14.913,290.634,99772.333,292.097,292.156,100301.389,100313.126,
2004-06-01 09:10:00,22.182,290.757,99772.500,293.260,293.555,100300.915,100312.601,
2004-06-01 09:15:00,19.655,290.879,99772.667,292.405,292.458,100300.842,100312.567,
2004-06-01 09:20:00,26.807,291.002,99772.833,293.560,293.849,100300.372,100312.046,
2004-06-01 09:25:00,24.196,291.125,99773.000,292.700,292.747,100300.306,100312.019,
2004-06-01 09:30:00,31.078,291.248,99773.167,293.824,294.106,100299.856,100311.519,
2004-06-01 09:35:00,28.528,291.370,99773.333,292.976,293.019,100299.791,100311.493,
2004-06-01 09:40:00,35.208,291.493,99773.500,294.073,294.348,100299.353,100311.007,
2004-06-01 09:45:00,32.693,291.616,99773.667,293.235,293.275,100299.290,100310.982,
2004-06-01 09:50:00,39.166,291.739,99773.833,294.301,294.568,100298.865,100310.510,
2004-06-01 09:55:00,36.993,291.861,99774.000,293.482,293.520,100298.800,100310.482,
2004-06-01 10:00:00,43.300,291.984,99774.167,294.519,294.777,100298.384,100310.021,
2004-06-01 10:05:00,40.561,292.045,99773.639,293.703,293.739,100298.411,100310.084,
2004-06-01 10:10:00,45.423,292.106,99773.111,294.621,294.870,100298.188,100309.820,
2004-06-01 10:15:00,42.255,292.167,99772.583,293.809,293.847,100298.293,100309.962,
2004-06-01 10:20:00,47.169,292.228,99772.056,294.721,294.973,100298.070,100309.698,
2004-06-01 10:25:00,44.207,292.289,99771.528,293.921,293.960,100298.155,100309.819,
2004-06-01 10:30:00,49.236,292.350,99771.000,294.834,295.086,100297.917,100309.541,
2004-06-01 10:35:00,46.383,292.411,99770.472,294.049,294.088,100297.994,100309.653,
2004-06-01 10:40:00,51.345,292.472,99769.944,294.947,295.198,100297.759,100309.378,
2004-06-01 10:45:00,48.532,292.533,99769.417,294.173,294.212,100297.834,100309.489,
2004-06-01 10:50:00,53.415,292.594,99768.889,295.056,295.304,100297.604,100309.220,
2004-06-01 10:55:00,50.078,292.655,99768.361,294.290,294.329,100297.681,100309.331,
2004-06-01 11:00:00,54.814,292.715,99767.833,295.150,295.396,100297.461,100309.073,
2004-06-01 11:05:00,52.187,292.812,99766.264,294.414,294.453,100297.456,100309.101,
2004-06-01 11:10:00,57.343,292.909,99764.694,295.300,295.540,100297.114,100308.719,
2004-06-01 11:15:00,55.064,293.005,99763.125,294.595,294.631,100297.062,100308.699,
2004-06-01 11:20:00,59.997,293.102,99761.556,295.441,295.670,100296.728,100308.328,
2004-06-01 11:25:00,57.765,293.198,99759.986,294.766,294.801,100296.681,100308.311,
2004-06-01 11:30:00,62.426,293.295,99758.417,295.569,295.788,100296.363,100307.958,
2004-06-01 11:35:00,60.316,293.391,99756.847,294.927,294.960,100296.314,100307.938,
2004-06-01 11:40:00,64.769,293.488,99755.278,295.690,295.899,100296.006,100307.597,
2004-06-01 11:45:00,62.759,293.584,99753.708,295.077,295.110,100295.955,100307.573,
2004-06-01 11:50:00,66.975,293.681,99752.139,295.799,295.998,100295.659,100307.245,
2004-06-01 11:55:00,64.192,293.777,99750.569,295.216,295.249,100295.606,100307.218,
2004-06-01 12:00:00,68.145,293.874,99749.000,295.901,296.092,100295.323,100306.905,
2004-06-01 12:05:00,66.182,293.961,99745.653,295.347,295.379,100295.264,100306.871,
2004-06-01 12:10:00,69.821,294.048,99742.306,295.996,296.179,100294.986,100306.565,
2004-06-01 12:15:00,67.929,294.136,99738.958,295.467,295.499,100294.927,100306.530,
2004-06-01 12:20:00,71.426,294.223,99735.611,296.087,296.262,100294.655,100306.231,
2004-06-01 12:25:00,69.644,294.310,99732.264,295.583,295.615,100294.593,100306.191,
2004-06-01 12:30:00,72.993,294.397,99728.917,296.174,296.342,100294.328,100305.900,
2004-06-01 12:35:00,71.307,294.485,99725.569,295.695,295.727,100294.263,100305.857,
2004-06-01 12:40:00,74.554,294.572,99722.222,296.262,296.423,100294.001,100305.571,
2004-06-01 12:45:00,72.980,294.659,99718.875,295.808,295.839,100293.932,100305.522,
2004-06-01 12:50:00,76.044,294.746,99715.528,296.342,296.496,100293.680,100305.246,
2004-06-01 12:55:00,73.110,294.834,99712.181,295.911,295.942,100293.609,100305.194,
2004-06-01 13:00:00,76.000,294.921,99708.833,296.417,296.563,100293.367,100304.931,
2004-06-01 13:05:00,74.225,294.933,99706.833,295.993,296.024,100293.357,100304.940,
2004-06-01 13:10:00,77.988,294.946,99704.833,296.579,296.723,100293.075,100304.632,
2004-06-01 13:15:00,77.875,294.958,99702.833,296.293,296.320,100292.919,100304.489,
2004-06-01 13:20:00,81.798,294.971,99700.833,296.891,297.022,100292.604,100304.149,
2004-06-01 13:25:00,81.328,294.983,99698.833,296.599,296.624,100292.475,100304.033,
2004-06-01 13:30:00,84.296,294.995,99696.833,297.098,297.219,100292.231,100303.768,
2004-06-01 13:35:00,83.265,295.008,99694.833,296.777,296.801,100292.160,100303.711,
2004-06-01 13:40:00,85.464,295.020,99692.833,297.198,297.313,100291.979,100303.512,
2004-06-01 13:45:00,84.065,295.032,99690.833,296.857,296.880,100291.948,100303.496,
2004-06-01 13:50:00,85.898,295.045,99688.833,297.247,297.359,100291.800,100303.332,
2004-06-01 13:55:00,83.504,295.057,99686.833,296.882,296.905,100291.796,100303.344,
2004-06-01 14:00:00,85.130,295.070,99684.833,297.258,297.371,100291.671,100303.202,
2004-06-01 14:05:00,85.564,294.960,99685.083,296.816,296.840,100291.922,100303.472,
2004-06-01 14:10:00,90.914,294.851,99685.333,297.254,297.374,100291.934,100303.465,
2004-06-01 14:15:00,91.943,294.742,99685.583,296.819,296.843,100292.136,100303.686,
2004-06-01 14:20:00,97.186,294.632,99685.833,297.262,297.382,100292.157,100303.688,
2004-06-01 14:25:00,98.120,294.523,99686.083,296.807,296.832,100292.365,100303.916,
2004-06-01 14:30:00,103.377,294.414,99686.333,297.250,297.371,100292.394,100303.925,
2004-06-01 14:35:00,104.387,294.305,99686.583,296.785,296.812,100292.599,100304.150,
2004-06-01 14:40:00,109.660,294.195,99686.833,297.248,297.370,100292.605,100304.137,
2004-06-01 14:45:00,110.482,294.086,99687.083,296.785,296.814,100292.799,100304.350,
2004-06-01 14:50:00,115.882,293.977,99687.333,297.261,297.383,100292.787,100304.318,
2004-06-01 14:55:00,121.179,293.867,99687.583,296.792,296.823,100292.978,100304.528,
2004-06-01 15:00:00,126.877,293.758,99687.833,297.289,297.411,100292.928,100304.458,
2004-06-01 15:05:00,125.181,293.731,99688.792,296.850,296.882,100293.005,100304.553,
2004-06-01 15:10:00,126.179,293.705,99689.750,297.193,297.311,100293.049,100304.583,
2004-06-01 15:15:00,125.505,293.678,99690.708,296.878,296.916,100293.054,100304.601,
2004-06-01 15:20:00,128.146,293.651,99691.667,297.323,297.443,100292.939,100304.468,
2004-06-01 15:25:00,128.463,293.624,99692.625,297.091,297.128,100292.842,100304.381,
2004-06-01 15:30:00,131.309,293.598,99693.583,297.527,297.639,100292.687,100304.207,
2004-06-01 15:35:00,131.455,293.571,99694.542,297.308,297.345,100292.613,100304.144,
2004-06-01 15:40:00,134.165,293.544,99695.500,297.711,297.817,100292.461,100303.975,
2004-06-01 15:45:00,134.406,293.517,99696.458,297.521,297.558,100292.386,100303.908,
2004-06-01 15:50:00,137.214,293.491,99697.417,297.910,298.010,100292.213,100303.720,
2004-06-01 15:55:00,151.364,293.464,99698.375,297.754,297.791,100292.126,100303.640,
2004-06-01 16:00:00,154.714,293.437,99699.333,298.159,298.253,100291.889,100303.386,
2004-06-01 16:05:00,153.513,293.365,99702.056,298.024,298.062,100291.854,100303.357,
2004-06-01 16:10:00,154.151,293.292,99704.778,298.333,298.422,100291.772,100303.262,
2004-06-01 16:15:00,152.238,293.219,99707.500,298.155,298.195,100291.818,100303.316,
2004-06-01 16:20:00,152.174,293.146,99710.222,298.401,298.491,100291.796,100303.283,
2004-06-01 16:25:00,149.902,293.074,99712.944,298.193,298.234,100291.872,100303.369,
2004-06-01 16:30:00,149.609,293.001,99715.667,298.422,298.515,100291.872,100303.358,
2004-06-01 16:35:00,147.174,292.928,99718.389,298.191,298.233,100291.962,100303.458,
2004-06-01 16:40:00,146.818,292.855,99721.111,298.422,298.520,100291.970,100303.457,
2004-06-01 16:45:00,144.220,292.782,99723.833,298.167,298.211,100292.072,100303.569,
2004-06-01 16:50:00,143.824,292.710,99726.556,298.403,298.506,100292.089,100303.576,
2004-06-01 16:55:00,158.420,292.637,99729.278,298.121,298.166,100292.205,100303.704,
2004-06-01 17:00:00,158.693,292.564,99732.000,298.404,298.512,100292.159,100303.646,
2004-06-01 17:05:00,109.134,292.447,99736.292,298.182,298.227,100291.950,100303.447,
2004-06-01 17:10:00,88.186,292.330,99740.583,296.772,296.879,100294.071,100305.621,
2004-06-01 17:15:00,82.971,292.213,99744.875,296.168,296.277,100294.612,100306.186,
2004-06-01 17:20:00,80.267,292.096,99749.167,296.163,296.353,100295.037,100306.610,
2004-06-01 17:25:00,75.370,291.979,99753.458,295.520,295.629,100295.470,100307.069,
2004-06-01 17:30:00,73.698,291.862,99757.750,295.559,295.759,100295.769,100307.365,
2004-06-01 17:35:00,69.432,291.744,99762.042,295.001,295.122,100296.164,100307.784,
2004-06-01 17:40:00,68.444,291.627,99766.333,295.112,295.318,100296.419,100308.032,
2004-06-01 17:45:00,64.162,291.510,99770.625,294.539,294.662,100296.811,100308.449,
2004-06-01 17:50:00,63.286,291.393,99774.917,294.660,294.869,100297.060,100308.691,
2004-06-01 17:55:00,71.621,291.276,99779.208,294.065,294.190,100297.464,100309.121,
2004-06-01 18:00:00,71.157,291.159,99783.500,294.207,294.413,100297.672,100309.322,
2004-06-01 18:05:00,66.883,291.147,99786.653,293.622,293.743,100297.887,100309.562,
2004-06-01 18:10:00,66.787,291.134,99789.806,293.785,293.976,100297.878,100309.544,
2004-06-01 18:15:00,62.916,291.122,99792.958,293.237,293.348,100298.033,100309.723,
2004-06-01 18:20:00,62.742,291.109,99796.111,293.369,293.536,100298.019,100309.703,
2004-06-01 18:25:00,59.022,291.097,99799.264,292.856,292.954,100298.165,100309.871,
2004-06-01 18:30:00,59.721,291.084,99802.417,293.070,293.218,100298.083,100309.779,
2004-06-01 18:35:00,58.142,291.072,99805.569,292.823,292.919,100298.084,100309.790,
2004-06-01 18:40:00,59.969,291.060,99808.722,293.183,293.333,100297.921,100309.612,
2004-06-01 18:45:00,58.219,291.047,99811.875,292.901,292.991,100297.919,100309.623,
2004-06-01 18:50:00,59.801,291.035,99815.028,293.236,293.382,100297.768,100309.457,
2004-06-01 18:55:00,60.779,291.022,99818.181,292.942,293.029,100297.767,100309.469,
2004-06-01 19:00:00,62.492,291.010,99821.333,293.287,293.431,100297.597,100309.285,
2004-06-01 19:05:00,60.954,290.981,99825.708,293.002,293.085,100297.594,100309.294,
2004-06-01 19:10:00,62.844,290.951,99830.083,293.350,293.492,100297.441,100309.126,
2004-06-01 19:15:00,61.008,290.921,99834.458,293.024,293.103,100297.454,100309.153,
2004-06-01 19:20:00,62.514,290.892,99838.833,293.324,293.460,100297.322,100309.008,
2004-06-01 19:25:00,60.537,290.862,99843.208,292.988,293.064,100297.345,100309.046,
2004-06-01 19:30:00,61.765,290.833,99847.583,293.254,293.384,100297.240,100308.929,
2004-06-01 19:35:00,59.332,290.803,99851.958,292.874,292.945,100297.312,100309.017,
2004-06-01 19:40:00,61.862,290.774,99856.333,293.326,293.463,100297.157,100308.843,
2004-06-01 19:45:00,59.882,290.744,99860.708,292.975,293.044,100297.200,100308.901,
2004-06-01 19:50:00,61.891,290.715,99865.083,293.360,293.493,100297.075,100308.759,
2004-06-01 19:55:00,58.180,290.685,99869.458,292.975,293.042,100297.149,100308.850,
2004-06-01 20:00:00,59.477,290.656,99873.833,293.276,293.405,100297.074,100308.762,
2004-06-01 20:05:00,57.077,290.624,99878.583,292.884,292.950,100297.195,100308.900,
2004-06-01 20:10:00,58.188,290.593,99883.333,293.136,293.260,100297.159,100308.852,
2004-06-01 20:15:00,65.213,290.561,99888.083,293.772,293.872,100296.676,100308.344,
2004-06-01 20:20:00,74.521,290.530,99892.833,294.989,295.192,100296.093,100307.712,
2004-06-01 20:25:00,75.336,290.498,99897.583,294.745,294.780,100295.891,100307.522,
2004-06-01 20:30:00,76.842,290.466,99902.333,295.126,295.276,100295.766,100307.380,
2004-06-01 20:35:00,75.039,290.435,99907.083,294.808,294.854,100295.802,100307.431,
2004-06-01 20:40:00,75.976,290.403,99911.833,295.101,295.261,100295.734,100307.349,
2004-06-01 20:45:00,74.782,290.372,99916.583,294.787,294.838,100295.698,100307.327,
2004-06-01 20:50:00,76.500,290.340,99921.333,295.119,295.279,100295.508,100307.123,
2004-06-01 20:55:00,64.483,290.308,99926.083,294.854,294.904,100295.325,100306.951,
2004-06-01 21:00:00,66.217,290.277,99930.833,295.185,295.337,100295.038,100306.649,
2004-06-01 21:05:00,65.136,290.169,99936.490,294.917,294.966,100295.355,100306.979,
2004-06-01 21:10:00,65.421,290.061,99942.147,295.183,295.335,100295.796,100307.407,
2004-06-01 21:15:00,62.164,289.953,99947.804,294.812,294.866,100296.394,100308.022,
2004-06-01 21:20:00,60.825,289.846,99953.461,294.978,295.142,100296.866,100308.486,
2004-06-01 21:25:00,57.239,289.738,99959.118,294.539,294.609,100297.331,100308.970,
2004-06-01 21:30:00,56.615,289.630,99964.775,294.725,294.904,100297.637,100309.266,
2004-06-01 21:35:00,53.441,289.522,99970.432,294.281,294.363,100297.999,100309.648,
2004-06-01 21:40:00,53.091,289.415,99976.089,294.494,294.684,100298.247,100309.886,
2004-06-01 21:45:00,49.780,289.307,99981.746,294.023,294.115,100298.590,100310.249,
2004-06-01 21:50:00,49.483,289.199,99987.403,294.244,294.445,100298.818,100310.466,
2004-06-01 21:55:00,29.561,289.091,99993.060,293.745,293.847,100299.152,100310.822,
2004-06-01 22:00:00,28.453,288.983,99998.717,293.936,294.150,100299.469,100311.129,
2004-06-01 22:05:00,13.058,288.934,100000.587,292.101,292.188,100300.526,100312.262,
2004-06-01 22:10:00,3.171,288.885,100002.458,290.756,290.865,100301.259,100313.049,
2004-06-01 22:15:00,3.171,288.836,100004.329,290.622,290.727,100301.429,100313.225,
2004-06-01 22:20:00,4.034,288.787,100006.200,291.071,291.222,100301.355,100313.132,
2004-06-01 22:25:00,3.171,288.738,100008.071,290.874,290.984,100301.455,100313.240,
2004-06-01 22:30:00,4.271,288.689,100009.942,291.155,291.308,100301.448,100313.221,
2004-06-01 22:35:00,3.171,288.640,100011.812,290.767,290.871,100301.638,100313.428,
2004-06-01 22:40:00,3.171,288.591,100013.683,290.978,291.128,100301.672,100313.453,
2004-06-01 22:45:00,3.171,288.542,100015.554,290.615,290.718,100301.859,100313.655,
2004-06-01 22:50:00,3.171,288.493,100017.425,290.847,290.997,100301.879,100313.665,
2004-06-01 22:55:00,1.735,288.444,100019.296,290.511,290.613,100302.054,100313.854,
2004-06-01 23:00:00,1.735,288.395,100021.167,290.738,290.887,100302.077,100313.867,
2004-06-01 23:05:00,1.735,288.386,100022.208,290.443,290.545,100302.148,100313.951,
2004-06-01 23:10:00,1.735,288.378,100023.250,290.704,290.850,100302.046,100313.838,
2004-06-01 23:15:00,1.735,288.370,100024.292,290.456,290.556,100302.077,100313.880,
2004-06-01 23:20:00,1.735,288.362,100025.333,290.738,290.884,100301.960,100313.750,
2004-06-01 23:25:00,1.735,288.353,100026.375,290.506,290.605,100301.976,100313.776,
2004-06-01 23:30:00,1.735,288.345,100027.417,290.796,290.941,100301.843,100313.631,
2004-06-01 23:35:00,1.735,288.337,100028.458,290.576,290.673,100301.839,100313.636,
2004-06-01 23:40:00,1.735,288.329,100029.500,290.877,291.021,100301.684,100313.468,
2004-06-01 23:45:00,1.735,288.320,100030.542,290.669,290.765,100301.649,100313.443,
2004-06-01 23:50:00,1.735,288.312,100031.583,290.984,291.126,100301.459,100313.239,
2004-06-01 23:55:00,0.479,288.304,100032.625,291.749,291.891,100300.987,100312.737,
2004-06-02 00:00:00,0.479,288.296,100033.667,292.863,293.090,100300.552,100312.255,
2004-06-02 00:05:00,0.479,288.237,100034.792,292.605,292.678,100300.539,100312.255,
2004-06-02 00:10:00,0.479,288.178,100035.917,292.989,293.186,100300.531,100312.229,
2004-06-02 00:15:00,0.479,288.119,100037.042,292.620,292.708,100300.705,100312.421,
2004-06-02 00:20:00,0.479,288.060,100038.167,292.925,293.134,100300.788,100312.489,
2004-06-02 00:25:00,0.479,288.001,100039.292,292.514,292.611,100300.993,100312.712,
2004-06-02 00:30:00,0.479,287.943,100040.417,292.830,293.049,100301.065,100312.769,
2004-06-02 00:35:00,0.479,287.884,100041.542,292.413,292.517,100301.253,100312.977,
2004-06-02 00:40:00,0.479,287.825,100042.667,292.756,292.982,100301.305,100313.012,
2004-06-02 00:45:00,0.479,287.766,100043.792,292.331,292.439,100301.488,100313.214,
2004-06-02 00:50:00,0.479,287.707,100044.917,292.694,292.925,100301.532,100313.242,
2004-06-02 00:55:00,0.239,287.649,100046.042,292.259,292.370,100301.713,100313.442,
2004-06-02 01:00:00,0.239,287.590,100047.167,292.637,292.873,100301.748,100313.460,
2004-06-02 01:05:00,0.239,287.559,100045.972,292.188,292.300,100301.967,100313.699,
2004-06-02 01:10:00,0.239,287.527,100044.778,292.583,292.825,100302.045,100313.758,
2004-06-02 01:15:00,0.239,287.496,100043.583,292.091,292.205,100302.279,100314.015,
2004-06-02 01:20:00,0.239,287.465,100042.389,292.482,292.730,100302.347,100314.065,
2004-06-02 01:25:00,0.239,287.434,100041.194,291.960,292.078,100302.572,100314.313,
2004-06-02 01:30:00,0.239,287.403,100040.000,292.359,292.612,100302.620,100314.343,
2004-06-02 01:35:00,0.239,287.371,100038.806,291.812,291.934,100302.835,100314.583,
2004-06-02 01:40:00,0.239,287.340,100037.611,292.226,292.486,100302.867,100314.595,
2004-06-02 01:45:00,0.239,287.309,100036.417,291.657,291.782,100303.078,100314.832,
2004-06-02 01:50:00,0.239,287.278,100035.222,292.091,292.358,100303.096,100314.830,
2004-06-02 01:55:00,0.060,287.247,100034.028,291.499,291.628,100303.306,100315.066,
2004-06-02 02:00:00,0.060,287.215,100032.833,291.957,292.230,100303.312,100315.051,
2004-06-02 02:05:00,0.060,287.151,100033.653,291.342,291.472,100303.514,100315.280,
2004-06-02 02:10:00,0.060,287.086,100034.472,291.800,292.076,100303.505,100315.249,
2004-06-02 02:15:00,0.060,287.022,100035.292,291.250,291.388,100303.682,100315.452,
2004-06-02 02:20:00,0.060,286.957,100036.111,291.766,292.050,100303.637,100315.383,
2004-06-02 02:25:00,0.060,286.893,100036.931,291.227,291.362,100303.778,100315.549,
2004-06-02 02:30:00,0.060,286.828,100037.750,291.803,292.091,100303.689,100315.433,
2004-06-02 02:35:00,0.060,286.764,100038.569,291.257,291.385,100303.790,100315.560,
2004-06-02 02:40:00,0.060,286.699,100039.389,291.874,292.163,100303.646,100315.388,
2004-06-02 02:45:00,0.060,286.634,100040.208,291.321,291.441,100303.680,100315.447,
2004-06-02 02:50:00,0.060,286.570,100041.028,291.971,292.258,100303.433,100315.171,
2004-06-02 02:55:00,0.060,286.505,100041.847,291.433,291.543,100303.309,100315.072,
2004-06-02 03:00:00,0.060,286.441,100042.667,292.117,292.395,100302.813,100314.545,
2004-06-02 03:05:00,0.060,286.420,100044.208,291.605,291.703,100302.726,100314.482,
2004-06-02 03:10:00,0.060,286.400,100045.750,292.277,292.544,100302.501,100314.227,
2004-06-02 03:15:00,0.060,286.379,100047.292,291.750,291.840,100302.549,100314.299,
2004-06-02 03:20:00,0.060,286.359,100048.833,292.360,292.618,100302.433,100314.155,
2004-06-02 03:25:00,0.060,286.339,100050.375,291.813,291.900,100302.537,100314.285,
2004-06-02 03:30:00,0.060,286.318,100051.917,292.377,292.632,100302.452,100314.174,
2004-06-02 03:35:00,0.060,286.298,100053.458,291.828,291.915,100302.561,100314.309,
2004-06-02 03:40:00,0.060,286.277,100055.000,292.375,292.628,100302.480,100314.202,
2004-06-02 03:45:00,0.060,286.257,100056.542,291.832,291.920,100302.589,100314.336,
2004-06-02 03:50:00,0.060,286.237,100058.083,292.368,292.619,100302.512,100314.234,
2004-06-02 03:55:00,0.239,286.216,100059.625,291.828,291.916,100302.622,100314.370,
2004-06-02 04:00:00,0.239,286.196,100061.167,292.353,292.603,100302.548,100314.271,
2004-06-02 04:05:00,0.239,286.229,100063.375,291.811,291.900,100302.740,100314.488,
2004-06-02 04:10:00,0.239,286.263,100065.583,292.321,292.572,100302.778,100314.503,
2004-06-02 04:15:00,0.239,286.296,100067.792,291.757,291.848,100303.011,100314.761,
2004-06-02 04:20:00,0.239,286.330,100070.000,292.249,292.504,100303.049,100314.776,
2004-06-02 04:25:00,0.239,286.363,100072.208,291.667,291.762,100303.256,100315.009,
2004-06-02 04:30:00,0.239,286.396,100074.417,292.166,292.425,100303.254,100314.984,
2004-06-02 04:35:00,0.239,286.430,100076.625,291.576,291.674,100303.428,100315.185,
2004-06-02 04:40:00,0.239,286.463,100078.833,292.086,292.350,100303.397,100315.130,
2004-06-02 04:45:00,0.239,286.497,100081.042,291.486,291.586,100303.554,100315.315,
2004-06-02 04:50:00,0.239,286.530,100083.250,292.007,292.275,100303.503,100315.240,
2004-06-02 04:55:00,1.615,286.564,100085.458,291.393,291.495,100303.649,100315.414,
2004-06-02 05:00:00,1.615,286.597,100087.667,291.932,292.204,100303.572,100315.311,
2004-06-02 05:05:00,1.615,286.629,100091.556,291.296,291.400,100303.830,100315.599,
2004-06-02 05:10:00,1.615,286.661,100095.444,291.839,292.118,100303.904,100315.647,
2004-06-02 05:15:00,1.615,286.692,100099.333,291.178,291.287,100304.192,100315.965,
2004-06-02 05:20:00,1.615,286.724,100103.222,290.396,290.590,100304.818,100316.621,
2004-06-02 05:25:00,1.615,286.756,100107.111,288.711,288.804,100305.530,100317.405,
2004-06-02 05:30:00,1.615,286.787,100111.000,288.939,289.103,100305.588,100317.452,
2004-06-02 05:35:00,1.615,286.819,100114.889,288.869,288.996,100305.684,100317.551,
2004-06-02 05:40:00,1.615,286.851,100118.778,289.253,289.433,100305.634,100317.485,
2004-06-02 05:45:00,1.615,286.882,100122.667,288.593,288.694,100305.908,100317.787,
2004-06-02 05:50:00,1.615,286.914,100126.556,288.929,289.100,100305.884,100317.748,
2004-06-02 05:55:00,5.623,286.946,100130.444,288.373,288.469,100306.102,100317.991,
2004-06-02 06:00:00,5.623,286.977,100134.333,289.086,289.272,100305.882,100317.739,
2004-06-02 06:05:00,5.623,287.063,100135.264,288.652,288.760,100306.069,100317.946,
2004-06-02 06:10:00,5.623,287.148,100136.194,289.446,289.664,100305.845,100317.687,
2004-06-02 06:15:00,5.623,287.233,100137.125,288.996,289.105,100305.956,100317.819,
2004-06-02 06:20:00,5.623,287.318,100138.056,289.991,290.253,100305.658,100317.477,
2004-06-02 06:25:00,5.623,287.404,100138.986,289.300,289.396,100305.795,100317.645,
2004-06-02 06:30:00,5.623,287.489,100139.917,290.404,290.692,100305.485,100317.286,
2004-06-02 06:35:00,5.623,287.574,100140.847,289.557,289.642,100305.650,100317.490,
2004-06-02 06:40:00,5.623,287.659,100141.778,290.756,291.065,100305.331,100317.118,
2004-06-02 06:45:00,5.623,287.745,100142.708,289.776,289.854,100305.525,100317.356,
2004-06-02 06:50:00,5.623,287.830,100143.639,291.078,291.408,100305.190,100316.963,
2004-06-02 06:55:00,5.982,287.915,100144.569,289.974,290.047,100305.409,100317.233,
2004-06-02 07:00:00,5.982,288.000,100145.500,291.407,291.760,100305.043,100316.802,
2004-06-02 07:05:00,5.982,288.033,100147.153,290.168,290.235,100305.313,100317.128,
2004-06-02 07:10:00,9.063,288.066,100148.806,291.759,292.139,100304.932,100316.677,
2004-06-02 07:15:00,5.982,288.099,100150.458,290.337,290.396,100305.244,100317.052,
2004-06-02 07:20:00,12.167,288.131,100152.111,292.075,292.484,100304.859,100316.590,
2004-06-02 07:25:00,5.982,288.164,100153.764,290.444,290.498,100305.230,100317.035,
2004-06-02 07:30:00,14.586,288.197,100155.417,292.376,292.823,100304.826,100316.544,
2004-06-02 07:35:00,5.982,288.230,100157.069,290.511,290.560,100305.256,100317.057,
2004-06-02 07:40:00,16.669,288.262,100158.722,292.684,293.175,100304.801,100316.506,
2004-06-02 07:45:00,6.270,288.295,100160.375,290.554,290.598,100305.297,100317.097,
2004-06-02 07:50:00,18.639,288.328,100162.028,293.024,293.565,100304.769,100316.459,
2004-06-02 07:55:00,5.743,288.361,100163.681,290.584,290.624,100305.347,100317.146,
2004-06-02 08:00:00,6.586,288.393,100165.333,293.394,293.993,100304.730,100316.404,
2004-06-02 08:05:00,5.743,288.431,100168.542,290.595,290.633,100305.449,100317.247,
2004-06-02 08:10:00,6.835,288.468,100171.750,293.850,294.528,100304.674,100316.329,
2004-06-02 08:15:00,5.743,288.505,100174.958,290.613,290.652,100305.541,100317.339,
2004-06-02 08:20:00,7.770,288.542,100178.167,294.446,295.226,100304.548,100316.177,
2004-06-02 08:25:00,5.743,288.580,100181.375,290.674,290.713,100305.585,100317.381,
2004-06-02 08:30:00,12.820,288.617,100184.583,295.080,295.957,100304.377,100315.980,
2004-06-02 08:35:00,5.743,288.654,100187.792,290.740,290.778,100305.616,100317.409,
2004-06-02 08:40:00,18.743,288.691,100191.000,295.449,296.368,100304.256,100315.844,
2004-06-02 08:45:00,5.743,288.729,100194.208,290.789,290.826,100305.655,100317.445,
2004-06-02 08:50:00,24.628,288.766,100197.417,295.735,296.680,100304.145,100315.721,
2004-06-02 08:55:00,5.025,288.803,100200.625,290.824,290.860,100305.701,100317.490,
2004-06-02 09:00:00,26.146,288.840,100203.833,296.010,296.981,100304.026,100315.591,
2004-06-02 09:05:00,5.025,288.901,100204.597,290.854,290.890,100305.677,100317.465,
2004-06-02 09:10:00,29.570,288.962,100205.361,296.086,297.062,100303.871,100315.432,
2004-06-02 09:15:00,5.025,289.023,100206.125,290.876,290.913,100305.613,100317.400,
2004-06-02 09:20:00,33.733,289.084,100206.889,296.256,297.244,100303.629,100315.183,
2004-06-02 09:25:00,5.025,289.145,100207.653,291.074,291.110,100305.340,100317.119,
2004-06-02 09:30:00,37.038,289.206,100208.417,296.303,297.269,100303.397,100314.950,
2004-06-02 09:35:00,8.767,289.267,100209.181,291.298,291.334,100305.015,100316.785,
2004-06-02 09:40:00,39.195,289.328,100209.944,296.253,297.189,100303.229,100314.784,
2004-06-02 09:45:00,13.015,289.389,100210.708,291.527,291.562,100304.667,100316.427,
2004-06-02 09:50:00,40.774,289.450,100211.472,296.167,297.067,100303.075,100314.635,
2004-06-02 09:55:00,17.337,289.510,100212.236,291.765,291.800,100304.299,100316.050,
2004-06-02 10:00:00,42.128,289.571,100213.000,296.050,296.910,100302.925,100314.490,
2004-06-02 10:05:00,21.329,289.698,100211.375,292.071,292.105,100303.656,100315.395,
2004-06-02 10:10:00,44.352,289.825,100209.750,296.137,296.949,100302.099,100313.661,
2004-06-02 10:15:00,24.819,289.951,100208.125,292.359,292.389,100302.683,100314.410,
2004-06-02 10:20:00,43.904,290.078,100206.500,295.918,296.646,100301.384,100312.957,
2004-06-02 10:25:00,25.244,290.205,100204.875,292.420,292.448,100301.970,100313.695,
2004-06-02 10:30:00,42.354,290.331,100203.250,295.692,296.367,100300.790,100312.373,
2004-06-02 10:35:00,24.877,290.458,100201.625,292.443,292.468,100301.326,100313.050,
2004-06-02 10:40:00,40.963,290.585,100200.000,295.510,296.131,100300.174,100311.765,
2004-06-02 10:45:00,24.370,290.711,100198.375,292.485,292.508,100300.682,100312.404,
2004-06-02 10:50:00,39.445,290.838,100196.750,295.340,295.908,100299.557,100311.154,
2004-06-02 10:55:00,22.940,290.965,100195.125,292.520,292.541,100300.063,100311.784,
2004-06-02 11:00:00,37.265,291.091,100193.500,295.188,295.704,100298.942,100310.547,
2004-06-02 11:05:00,22.123,291.148,100189.167,292.479,292.499,100299.735,100311.457,
2004-06-02 11:10:00,37.116,291.204,100184.833,294.985,295.461,100298.818,100310.432,
2004-06-02 11:15:00,22.515,291.261,100180.500,292.459,292.479,100299.645,100311.368,
2004-06-02 11:20:00,38.108,291.317,100176.167,294.946,295.400,100298.641,100310.257,
2004-06-02 11:25:00,23.747,291.373,100171.833,292.519,292.539,100299.474,100311.195,
2004-06-02 11:30:00,39.381,291.430,100167.500,294.931,295.359,100298.429,100310.046,
2004-06-02 11:35:00,24.919,291.486,100163.167,292.578,292.598,100299.305,100311.023,
2004-06-02 11:40:00,40.546,291.542,100158.833,294.920,295.325,100298.229,100309.847,
2004-06-02 11:45:00,26.097,291.599,100154.500,292.644,292.664,100299.135,100310.851,
2004-06-02 11:50:00,41.807,291.655,100150.167,294.929,295.313,100298.022,100309.639,
2004-06-02 11:55:00,26.410,291.711,100145.833,292.712,292.732,100298.961,100310.673,
2004-06-02 12:00:00,42.197,291.768,100141.500,294.956,295.323,100297.813,100309.430,
2004-06-02 12:05:00,27.812,291.870,100139.361,292.810,292.830,100298.698,100310.407,
2004-06-02 12:10:00,43.917,291.972,100137.222,295.024,295.373,100297.430,100309.044,
2004-06-02 12:15:00,29.650,292.075,100135.083,292.944,292.964,100298.321,100310.024,
2004-06-02 12:20:00,45.846,292.177,100132.944,295.104,295.434,100297.019,100308.630,
2004-06-02 12:25:00,31.621,292.279,100130.806,293.087,293.106,100297.930,100309.628,
2004-06-02 12:30:00,47.789,292.382,100128.667,295.188,295.499,100296.608,100308.216,
2004-06-02 12:35:00,33.696,292.484,100126.528,293.240,293.259,100297.532,100309.223,
2004-06-02 12:40:00,49.739,292.587,100124.389,295.274,295.567,100296.198,100307.804,
2004-06-02 12:45:00,35.796,292.689,100122.250,293.393,293.411,100297.130,100308.816,
2004-06-02 12:50:00,51.716,292.791,100120.111,295.367,295.643,100295.790,100307.392,
2004-06-02 12:55:00,36.543,292.894,100117.972,293.555,293.573,100296.723,100308.402,
2004-06-02 13:00:00,52.161,292.996,100115.833,295.454,295.714,100295.391,100306.990,
2004-06-02 13:05:00,39.127,293.015,100113.361,293.657,293.675,100296.505,100308.179,
2004-06-02 13:10:00,55.643,293.033,100110.889,295.507,295.756,100295.315,100306.912,
2004-06-02 13:15:00,42.725,293.052,100108.417,293.749,293.767,100296.444,100308.115,
2004-06-02 13:20:00,59.259,293.070,100105.944,295.577,295.819,100295.246,100306.841,
2004-06-02 13:25:00,46.376,293.089,100103.472,293.842,293.860,100296.382,100308.049,
2004-06-02 13:30:00,63.064,293.107,100101.000,295.659,295.894,100295.162,100306.754,
2004-06-02 13:35:00,50.175,293.126,100098.528,293.941,293.960,100296.309,100307.972,
2004-06-02 13:40:00,67.123,293.145,100096.056,295.755,295.984,100295.057,100306.645,
2004-06-02 13:45:00,54.125,293.163,100093.583,294.046,294.066,100296.223,100307.882,
2004-06-02 13:50:00,71.421,293.182,100091.111,295.864,296.088,100294.931,100306.515,
2004-06-02 13:55:00,57.524,293.200,100088.639,294.159,294.180,100296.123,100307.778,
2004-06-02 14:00:00,75.215,293.219,100086.167,295.985,296.202,100294.787,100306.366,
2004-06-02 14:05:00,59.854,293.192,100086.028,294.267,294.288,100296.059,100307.710,
2004-06-02 14:10:00,74.280,293.165,100085.889,295.946,296.157,100294.893,100306.473,
2004-06-02 14:15:00,59.644,293.138,100085.750,294.326,294.350,100296.124,100307.772,
2004-06-02 14:20:00,73.385,293.110,100085.611,295.948,296.164,100295.033,100306.614,
2004-06-02 14:25:00,61.254,293.083,100085.472,294.518,294.543,100296.011,100307.652,
2004-06-02 14:30:00,72.270,293.056,100085.333,295.912,296.123,100295.181,100306.762,
2004-06-02 14:35:00,62.970,293.029,100085.194,294.713,294.739,100295.888,100307.521,
2004-06-02 14:40:00,70.753,293.002,100085.056,295.853,296.059,100295.358,100306.942,
2004-06-02 14:45:00,63.963,292.975,100084.917,294.874,294.900,100295.816,100307.442,
2004-06-02 14:50:00,69.360,292.948,100084.778,295.824,296.026,100295.509,100307.094,
2004-06-02 14:55:00,68.885,292.921,100084.639,294.994,295.022,100295.806,100307.427,
2004-06-02 15:00:00,72.961,292.894,100084.500,295.826,296.025,100295.621,100307.207,
2004-06-02 15:05:00,70.398,292.927,100083.653,295.117,295.147,100295.682,100307.298,
2004-06-02 15:10:00,77.055,292.960,100082.806,296.045,296.243,100295.217,100306.794,
2004-06-02 15:15:00,75.744,292.993,100081.958,295.416,295.442,100295.110,100306.716,
2004-06-02 15:20:00,80.975,293.027,100081.111,296.190,296.359,100294.739,100306.311,
2004-06-02 15:25:00,79.326,293.060,100080.264,295.595,295.619,100294.685,100306.283,
2004-06-02 15:30:00,83.594,293.093,100079.417,296.263,296.417,100294.395,100305.964,
2004-06-02 15:35:00,81.982,293.127,100078.569,295.702,295.726,100294.354,100305.948,
2004-06-02 15:40:00,86.022,293.160,100077.722,296.330,296.473,100294.075,100305.641,
2004-06-02 15:45:00,84.573,293.193,100076.875,295.804,295.827,100294.026,100305.616,
2004-06-02 15:50:00,88.439,293.226,100076.028,296.396,296.530,100293.754,100305.318,
2004-06-02 15:55:00,100.852,293.260,100075.181,295.902,295.924,100293.702,100305.288,
2004-06-02 16:00:00,105.125,293.293,100074.333,296.497,296.621,100293.379,100304.940,
2004-06-02 16:05:00,103.444,293.245,100075.194,296.004,296.026,100293.454,100305.036,
2004-06-02 16:10:00,105.692,293.198,100076.056,296.428,296.543,100293.411,100304.974,
2004-06-02 16:15:00,104.387,293.150,100076.917,296.008,296.033,100293.492,100305.073,
2004-06-02 16:20:00,107.571,293.103,100077.778,296.492,296.610,100293.357,100304.918,
2004-06-02 16:25:00,107.150,293.055,100078.639,296.151,296.176,100293.349,100304.925,
2004-06-02 16:30:00,110.474,293.007,100079.500,296.619,296.729,100293.181,100304.737,
2004-06-02 16:35:00,110.260,292.960,100080.361,296.323,296.349,100293.158,100304.727,
2004-06-02 16:40:00,113.304,292.912,100081.222,296.737,296.839,100292.999,100304.551,
2004-06-02 16:45:00,113.402,292.865,100082.083,296.497,296.524,100292.954,100304.517,
2004-06-02 16:50:00,116.311,292.817,100082.944,296.870,296.963,100292.790,100304.336,
2004-06-02 16:55:00,134.141,292.770,100083.806,296.688,296.716,100292.718,100304.273,
2004-06-02 17:00:00,137.594,292.722,100084.667,297.059,297.141,100292.477,100304.017,
2004-06-02 17:05:00,92.215,292.644,100087.194,297.003,297.031,100292.067,100303.610,
2004-06-02 17:10:00,72.440,292.567,100089.722,295.622,295.693,100294.005,100305.601,
2004-06-02 17:15:00,67.299,292.489,100092.250,294.934,294.980,100294.459,100306.083,
2004-06-02 17:20:00,66.827,292.412,100094.778,295.210,295.367,100294.674,100306.285,
2004-06-02 17:25:00,61.918,292.334,100097.306,294.481,294.524,100295.020,100306.661,
2004-06-02 17:30:00,61.591,292.256,100099.833,294.684,294.834,100295.170,100306.802,
2004-06-02 17:35:00,57.633,292.179,100102.361,294.093,294.144,100295.460,100307.117,
2004-06-02 17:40:00,58.189,292.101,100104.889,294.391,294.546,100295.547,100307.190,
2004-06-02 17:45:00,54.338,292.023,100107.417,293.803,293.855,100295.822,100307.491,
2004-06-02 17:50:00,55.051,291.946,100109.944,294.113,294.266,100295.897,100307.551,
2004-06-02 17:55:00,64.120,291.868,100112.472,293.544,293.597,100296.162,100307.841,
2004-06-02 18:00:00,65.437,291.791,100115.000,293.896,294.046,100296.180,100307.843,
2004-06-02 18:05:00,61.382,291.680,100116.806,293.315,293.367,100296.456,100308.143,
2004-06-02 18:10:00,61.375,291.569,100118.611,293.551,293.691,100296.568,100308.244,
2004-06-02 18:15:00,56.829,291.458,100120.417,292.940,292.992,100296.887,100308.590,
2004-06-02 18:20:00,56.408,291.347,100122.222,293.094,293.217,100297.014,100308.709,
2004-06-02 18:25:00,52.138,291.236,100124.028,292.533,292.582,100297.309,100309.028,
2004-06-02 18:30:00,52.561,291.125,100125.833,292.750,292.856,100297.356,100309.066,
2004-06-02 18:35:00,50.268,291.014,100127.639,292.430,292.480,100297.500,100309.224,
2004-06-02 18:40:00,51.888,290.903,100129.444,292.798,292.914,100297.445,100309.153,
2004-06-02 18:45:00,49.524,290.792,100131.250,292.445,292.495,100297.563,100309.286,
2004-06-02 18:50:00,50.960,290.681,100133.056,292.789,292.905,100297.487,100309.195,
2004-06-02 18:55:00,52.650,290.570,100134.861,292.570,292.622,100297.457,100309.175,
2004-06-02 19:00:00,55.592,290.459,100136.667,293.041,293.161,100297.136,100308.833,
2004-06-02 19:05:00,55.430,290.402,100142.028,292.845,292.890,100296.865,100308.571,
2004-06-02 19:10:00,59.550,290.344,100147.389,293.395,293.508,100296.298,100307.981,
2004-06-02 19:15:00,60.805,290.287,100152.750,293.290,293.323,100295.698,100307.387,
2004-06-02 19:20:00,66.707,290.229,100158.111,293.941,294.035,100294.700,100306.362,
2004-06-02 19:25:00,69.967,290.172,100163.472,293.994,294.011,100293.694,100305.355,
2004-06-02 19:30:00,77.806,290.114,100168.833,294.721,294.782,100292.035,100303.666,
2004-06-02 19:35:00,83.303,290.057,100174.194,294.995,294.999,100290.999,100302.621,
2004-06-02 19:40:00,88.612,289.999,100179.556,295.479,295.499,100289.963,100301.565,
2004-06-02 19:45:00,93.014,289.942,100184.917,295.679,295.677,100289.030,100300.624,
2004-06-02 19:50:00,97.152,289.884,100190.278,295.831,295.830,100288.059,100299.647,
2004-06-02 19:55:00,98.556,289.827,100195.639,295.852,295.852,100287.113,100298.700,
2004-06-02 20:00:00,101.357,289.769,100201.000,295.949,295.946,100286.181,100297.765,
2004-06-02 20:05:00,104.026,289.706,100204.264,296.027,296.019,100285.471,100297.052,
2004-06-02 20:10:00,106.733,289.642,100207.528,296.132,296.122,100284.885,100296.462,
2004-06-02 20:15:00,108.339,289.579,100210.792,296.208,296.195,100284.757,100296.331,
2004-06-02 20:20:00,108.779,289.515,100214.056,296.274,296.262,100284.913,100296.484,
2004-06-02 20:25:00,108.133,289.452,100217.319,296.308,296.295,100285.186,100296.755,
2004-06-02 20:30:00,107.217,289.388,100220.583,296.325,296.316,100285.437,100297.006,
2004-06-02 20:35:00,106.395,289.325,100223.847,296.325,296.314,100285.641,100297.210,
2004-06-02 20:40:00,105.618,289.261,100227.111,296.314,296.306,100285.818,100297.387,
2004-06-02 20:45:00,104.789,289.198,100230.375,296.290,296.282,100285.993,100297.564,
2004-06-02 20:50:00,103.850,289.134,100233.639,296.259,296.254,100286.180,100297.751,
2004-06-02 20:55:00,91.273,289.071,100236.903,296.221,296.216,100286.378,100297.951,
2004-06-02 21:00:00,89.711,289.007,100240.167,296.174,296.172,100286.639,100298.214,
2004-06-02 21:05:00,88.684,288.945,100242.111,296.134,296.131,100286.771,100298.347,
2004-06-02 21:10:00,88.013,288.882,100244.056,296.094,296.093,100286.825,100298.403,
2004-06-02 21:15:00,87.631,288.820,100246.000,296.064,296.062,100286.835,100298.414,
2004-06-02 21:20:00,87.378,288.757,100247.944,296.038,296.037,100286.827,100298.407,
2004-06-02 21:25:00,87.182,288.695,100249.889,296.018,296.015,100286.816,100298.397,
2004-06-02 21:30:00,87.013,288.632,100251.833,296.002,296.000,100286.805,100298.387,
2004-06-02 21:35:00,86.846,288.570,100253.778,295.987,295.984,100286.795,100298.377,
2004-06-02 21:40:00,86.719,288.507,100255.722,295.978,295.975,100286.781,100298.364,
2004-06-02 21:45:00,86.601,288.445,100257.667,295.968,295.964,100286.765,100298.348,
2004-06-02 21:50:00,86.502,288.382,100259.611,295.962,295.958,100286.746,100298.329,
2004-06-02 21:55:00,69.914,288.320,100261.556,295.954,295.949,100286.723,100298.307,
2004-06-02 22:00:00,68.946,288.257,100263.500,295.937,295.933,100286.808,100298.392,
2004-06-02 22:05:00,68.237,288.215,100262.944,295.915,295.911,100286.908,100298.493,
2004-06-02 22:10:00,67.690,288.172,100262.389,295.892,295.890,100286.996,100298.582,
2004-06-02 22:15:00,67.171,288.130,100261.833,295.870,295.866,100287.080,100298.667,
2004-06-02 22:20:00,66.626,288.087,100261.278,295.847,295.845,100287.162,100298.750,
2004-06-02 22:25:00,66.114,288.045,100260.722,295.825,295.822,100287.241,100298.830,
2004-06-02 22:30:00,65.584,288.002,100260.167,295.801,295.799,100287.319,100298.908,
2004-06-02 22:35:00,65.101,287.960,100259.611,295.781,295.778,100287.393,100298.984,
2004-06-02 22:40:00,64.590,287.917,100259.056,295.758,295.756,100287.467,100299.058,
2004-06-02 22:45:00,64.122,287.875,100258.500,295.738,295.736,100287.537,100299.129,
2004-06-02 22:50:00,63.633,287.832,100257.944,295.716,295.715,100287.607,100299.200,
2004-06-02 22:55:00,49.076,287.790,100257.389,295.696,295.694,100287.674,100299.268,
2004-06-02 23:00:00,47.800,287.748,100256.833,295.662,295.662,100287.838,100299.433,
2004-06-02 23:05:00,46.960,287.716,100254.181,295.628,295.628,100287.886,100299.483,
2004-06-02 23:10:00,46.524,287.684,100251.528,295.601,295.602,100287.858,100299.455,
2004-06-02 23:15:00,46.353,287.652,100248.875,295.582,295.582,100287.803,100299.401,
2004-06-02 23:20:00,46.272,287.620,100246.222,295.567,295.567,100287.749,100299.347,
2004-06-02 23:25:00,46.223,287.588,100243.569,295.557,295.556,100287.715,100299.314,
2004-06-02 23:30:00,46.088,287.556,100240.917,295.547,295.547,100287.711,100299.311,
2004-06-02 23:35:00,45.889,287.524,100238.264,295.539,295.538,100287.743,100299.343,
2004-06-02 23:40:00,45.563,287.492,100235.611,295.529,295.528,100287.808,100299.409,
2004-06-02 23:45:00,45.093,287.460,100232.958,295.518,295.517,100287.958,100299.559,
2004-06-02 23:50:00,41.794,287.428,100230.306,295.464,295.468,100290.176,100301.779,
2004-06-02 23:55:00,24.484,287.396,100227.653,295.307,295.322,100293.166,100304.776,
2004-06-03 00:00:00,12.773,287.364,100225.000,295.025,295.067,100295.850,100307.470,
2004-06-03 00:05:00,4.234,287.312,100222.694,294.541,294.605,100296.953,100308.591,
2004-06-03 00:10:00,0.479,287.260,100220.389,294.150,294.253,100297.437,100309.091,
2004-06-03 00:15:00,0.479,287.208,100218.083,293.929,294.027,100297.688,100309.351,
2004-06-03 00:20:00,0.479,287.156,100215.778,293.901,294.014,100297.847,100309.510,
2004-06-03 00:25:00,0.479,287.104,100213.472,293.790,293.888,100298.012,100309.681,
2004-06-03 00:30:00,0.479,287.052,100211.167,293.768,293.884,100298.177,100309.846,
2004-06-03 00:35:00,0.479,287.001,100208.861,293.637,293.739,100298.371,100310.045,
2004-06-03 00:40:00,0.479,286.949,100206.556,293.608,293.731,100298.557,100310.232,
2004-06-03 00:45:00,0.479,286.897,100204.250,293.470,293.578,100298.762,100310.442,
2004-06-03 00:50:00,0.479,286.845,100201.944,293.446,293.575,100298.948,100310.629,
2004-06-03 00:55:00,0.239,286.793,100199.639,293.309,293.423,100299.149,100310.836,
2004-06-03 01:00:00,0.239,286.741,100197.333,293.295,293.431,100299.328,100311.015,
2004-06-03 01:05:00,0.239,286.744,100195.917,293.180,293.298,100299.195,100310.887,
2004-06-03 01:10:00,0.239,286.747,100194.500,293.218,293.356,100298.874,100310.564,
2004-06-03 01:15:00,0.239,286.750,100193.083,293.161,293.276,100298.616,100310.309,
2004-06-03 01:20:00,0.239,286.752,100191.667,293.252,293.383,100298.241,100309.930,
2004-06-03 01:25:00,0.239,286.755,100190.250,293.233,293.339,100297.805,100309.495,
2004-06-03 01:30:00,0.239,286.758,100188.833,293.344,293.464,100297.318,100309.003,
2004-06-03 01:35:00,0.239,286.761,100187.417,293.336,293.432,100297.028,100308.714,
2004-06-03 01:40:00,0.239,286.764,100186.000,293.446,293.556,100296.795,100308.477,
2004-06-03 01:45:00,0.239,286.767,100184.583,293.437,293.524,100296.633,100308.316,
2004-06-03 01:50:00,0.239,286.770,100183.167,293.536,293.638,100296.500,100308.178,
2004-06-03 01:55:00,0.060,286.772,100181.750,293.516,293.596,100296.427,100308.106,
2004-06-03 02:00:00,0.060,286.775,100180.333,293.589,293.685,100296.395,100308.071,
2004-06-03 02:05:00,0.060,286.715,100179.736,293.549,293.626,100296.346,100308.024,
2004-06-03 02:10:00,0.060,286.654,100179.139,293.596,293.690,100296.270,100307.946,
2004-06-03 02:15:00,0.060,286.593,100178.542,293.544,293.621,100296.202,100307.880,
2004-06-03 02:20:00,0.060,286.532,100177.944,293.571,293.665,100296.731,100308.408,
2004-06-03 02:25:00,0.060,286.471,100177.347,293.454,293.535,100298.007,100309.689,
2004-06-03 02:30:00,0.060,286.411,100176.750,293.310,293.420,100299.627,100311.314,
2004-06-03 02:35:00,0.060,286.350,100176.153,292.970,293.082,100300.991,100312.691,
2004-06-03 02:40:00,0.060,286.289,100175.556,292.698,292.851,100301.937,100313.648,
2004-06-03 02:45:00,0.060,286.228,100174.958,292.393,292.543,100302.589,100314.312,
2004-06-03 02:50:00,0.060,286.167,100174.361,292.289,292.465,100303.050,100314.777,
2004-06-03 02:55:00,0.060,286.107,100173.764,292.091,292.252,100303.458,100315.194,
2004-06-03 03:00:00,0.060,286.046,100173.167,292.025,292.212,100303.806,100315.543,
2004-06-03 03:05:00,0.060,286.025,100174.125,291.829,292.000,100303.962,100315.708,
2004-06-03 03:10:00,0.060,286.005,100175.083,291.784,291.978,100303.985,100315.733,
2004-06-03 03:15:00,0.060,285.984,100176.042,291.656,291.835,100303.960,100315.713,
2004-06-03 03:20:00,0.060,285.963,100177.000,291.673,291.870,100303.873,100315.624,
2004-06-03 03:25:00,0.060,285.943,100177.958,291.586,291.762,100303.779,100315.534,
2004-06-03 03:30:00,0.060,285.922,100178.917,291.643,291.837,100303.636,100315.389,
2004-06-03 03:35:00,0.060,285.902,100179.875,291.574,291.744,100303.488,100315.244,
2004-06-03 03:40:00,0.060,285.881,100180.833,291.657,291.846,100303.282,100315.034,
2004-06-03 03:45:00,0.060,285.860,100181.792,291.604,291.768,100303.065,100314.820,
2004-06-03 03:50:00,0.060,285.840,100182.750,291.712,291.894,100302.786,100314.536,
2004-06-03 03:55:00,0.239,285.819,100183.708,291.674,291.828,100302.511,100314.263,
2004-06-03 04:00:00,0.239,285.798,100184.667,291.797,291.970,100302.203,100313.950,
2004-06-03 04:05:00,0.239,285.815,100187.611,291.757,291.902,100302.184,100313.933,
2004-06-03 04:10:00,0.239,285.832,100190.556,291.856,292.023,100302.389,100314.134,
2004-06-03 04:15:00,0.239,285.849,100193.500,291.731,291.873,100302.860,100314.611,
2004-06-03 04:20:00,0.239,285.866,100196.444,291.724,291.897,100303.349,100315.099,
2004-06-03 04:25:00,0.239,285.883,100199.389,291.503,291.657,100303.788,100315.548,
2004-06-03 04:30:00,0.239,285.900,100202.333,291.467,291.656,100304.084,100315.844,
2004-06-03 04:35:00,0.239,285.917,100205.278,291.263,291.429,100304.325,100316.094,
2004-06-03 04:40:00,0.239,285.934,100208.222,291.275,291.473,100304.482,100316.250,
2004-06-03 04:45:00,0.239,285.951,100211.167,291.086,291.257,100304.656,100316.432,
2004-06-03 04:50:00,0.239,285.968,100214.111,291.103,291.307,100304.778,100316.552,
2004-06-03 04:55:00,1.615,285.984,100217.056,290.902,291.079,100304.926,100316.709,
2004-06-03 05:00:00,1.615,286.001,100220.000,290.927,291.138,100305.009,100316.791,
2004-06-03 05:05:00,1.615,286.111,100221.556,290.721,290.901,100305.128,100316.918,
2004-06-03 05:10:00,1.615,286.220,100223.111,290.766,290.982,100305.162,100316.950,
2004-06-03 05:15:00,1.615,286.329,100224.667,290.590,290.775,100305.210,100317.006,
2004-06-03 05:20:00,1.615,286.439,100226.222,290.669,290.888,100305.182,100316.973,
2004-06-03 05:25:00,1.615,286.548,100227.778,289.366,289.492,100305.594,100317.441,
2004-06-03 05:30:00,1.615,286.657,100229.333,288.297,288.407,100305.886,100317.777,
2004-06-03 05:35:00,1.615,286.767,100230.889,288.354,288.469,100305.805,100317.693,
2004-06-03 05:40:00,1.615,286.876,100232.444,288.736,288.877,100305.598,100317.471,
2004-06-03 05:45:00,1.615,286.986,100234.000,288.718,288.837,100305.511,100317.384,
2004-06-03 05:50:00,1.615,287.095,100235.556,289.277,289.444,100305.263,100317.113,
2004-06-03 05:55:00,5.623,287.204,100237.111,288.457,288.536,100305.474,100317.359,
2004-06-03 06:00:00,5.623,287.314,100238.667,289.356,289.552,100305.136,100316.982,
2004-06-03 06:05:00,5.623,287.380,100240.847,288.553,288.629,100305.425,100317.306,
2004-06-03 06:10:00,5.623,287.447,100243.028,289.778,290.039,100305.144,100316.971,
2004-06-03 06:15:00,5.623,287.513,100245.208,288.570,288.629,100305.533,100317.414,
2004-06-03 06:20:00,5.623,287.580,100247.389,289.977,290.277,100305.232,100317.050,
2004-06-03 06:25:00,5.623,287.646,100249.569,288.226,288.266,100305.779,100317.675,
2004-06-03 06:30:00,5.623,287.713,100251.750,289.727,289.955,100305.188,100317.018,
2004-06-03 06:35:00,5.623,287.779,100253.931,288.851,288.899,100305.317,100317.187,
2004-06-03 06:40:00,5.623,287.846,100256.111,290.857,291.214,100304.734,100316.516,
2004-06-03 06:45:00,5.623,287.912,100258.292,289.033,289.057,100305.157,100317.020,
2004-06-03 06:50:00,5.623,287.979,100260.472,291.110,291.487,100304.657,100316.428,
2004-06-03 06:55:00,5.982,288.045,100262.653,289.218,289.242,100305.104,100316.959,
2004-06-03 07:00:00,5.982,288.111,100264.833,291.463,291.875,100304.555,100316.311,
2004-06-03 07:05:00,5.982,288.203,100262.944,289.495,289.516,100304.776,100316.619,
2004-06-03 07:10:00,5.982,288.295,100261.056,291.858,292.287,100303.961,100315.700,
2004-06-03 07:15:00,5.982,288.386,100259.167,289.780,289.800,100304.196,100316.028,
2004-06-03 07:20:00,5.982,288.478,100257.278,292.065,292.498,100303.453,100315.184,
2004-06-03 07:25:00,5.982,288.569,100255.389,289.922,289.941,100303.753,100315.579,
2004-06-03 07:30:00,5.982,288.661,100253.500,292.141,292.576,100303.060,100314.788,
2004-06-03 07:35:00,5.982,288.752,100251.611,289.983,290.002,100303.387,100315.210,
2004-06-03 07:40:00,5.982,288.844,100249.722,292.167,292.601,100302.697,100314.423,
2004-06-03 07:45:00,5.982,288.935,100247.833,290.029,290.046,100303.033,100314.855,
2004-06-03 07:50:00,5.982,289.027,100245.944,292.171,292.596,100302.332,100314.058,
2004-06-03 07:55:00,5.743,289.118,100244.056,290.070,290.087,100302.685,100314.505,
2004-06-03 08:00:00,5.743,289.210,100242.167,292.150,292.560,100301.966,100313.694,
2004-06-03 08:05:00,5.743,289.313,100241.153,290.077,290.092,100302.445,100314.264,
2004-06-03 08:10:00,5.743,289.416,100240.139,292.085,292.476,100301.778,100313.509,
2004-06-03 08:15:00,5.743,289.519,100239.125,290.145,290.161,100302.252,100314.068,
2004-06-03 08:20:00,5.743,289.622,100238.111,292.173,292.558,100301.514,100313.241,
2004-06-03 08:25:00,5.743,289.725,100237.097,290.292,290.307,100301.980,100313.791,
2004-06-03 08:30:00,5.743,289.828,100236.083,292.272,292.643,100301.224,100312.947,
2004-06-03 08:35:00,5.743,289.932,100235.069,290.447,290.462,100301.699,100313.504,
2004-06-03 08:40:00,5.743,290.035,100234.056,292.350,292.705,100300.949,100312.670,
2004-06-03 08:45:00,5.743,290.138,100233.042,290.605,290.620,100301.415,100313.213,
2004-06-03 08:50:00,5.743,290.241,100232.028,292.438,292.777,100300.671,100312.389,
2004-06-03 08:55:00,5.025,290.344,100231.014,290.782,290.797,100301.109,100312.900,
2004-06-03 09:00:00,5.025,290.447,100230.000,292.557,292.883,100300.378,100312.091,
2004-06-03 09:05:00,5.025,290.519,100229.583,290.963,290.978,100300.829,100312.612,
2004-06-03 09:10:00,5.025,290.591,100229.167,292.665,292.979,100300.154,100311.863,
2004-06-03 09:15:00,5.025,290.663,100228.750,291.108,291.123,100300.610,100312.388,
2004-06-03 09:20:00,5.025,290.734,100228.333,292.746,293.049,100299.965,100311.671,
2004-06-03 09:25:00,5.025,290.806,100227.917,291.234,291.250,100300.412,100312.184,
2004-06-03 09:30:00,5.707,290.878,100227.500,292.829,293.124,100299.776,100311.478,
2004-06-03 09:35:00,5.025,290.950,100227.083,291.362,291.377,100300.208,100311.975,
2004-06-03 09:40:00,8.202,291.022,100226.667,292.917,293.203,100299.582,100311.282,
2004-06-03 09:45:00,5.025,291.094,100226.250,291.502,291.517,100299.988,100311.750,
2004-06-03 09:50:00,10.817,291.166,100225.833,293.018,293.296,100299.377,100311.073,
2004-06-03 09:55:00,4.546,291.238,100225.417,291.652,291.668,100299.758,100311.513,
2004-06-03 10:00:00,13.649,291.309,100225.000,293.115,293.385,100299.175,100310.867,
2004-06-03 10:05:00,7.113,291.385,100222.139,291.810,291.825,100299.505,100311.254,
2004-06-03 10:10:00,16.127,291.460,100219.278,293.216,293.476,100298.930,100310.618,
2004-06-03 10:15:00,9.857,291.536,100216.417,291.960,291.975,100299.240,100310.983,
2004-06-03 10:20:00,18.496,291.611,100213.556,293.308,293.557,100298.687,100310.371,
2004-06-03 10:25:00,12.535,291.687,100210.694,292.108,292.123,100298.977,100310.714,
2004-06-03 10:30:00,20.874,291.762,100207.833,293.404,293.644,100298.439,100310.120,
2004-06-03 10:35:00,15.208,291.838,100204.972,292.258,292.273,100298.711,100310.442,
2004-06-03 10:40:00,23.228,291.913,100202.111,293.501,293.730,100298.191,100309.868,
2004-06-03 10:45:00,17.838,291.988,100199.250,292.406,292.421,100298.446,100310.171,
2004-06-03 10:50:00,25.577,292.064,100196.389,293.600,293.819,100297.941,100309.615,
2004-06-03 10:55:00,19.909,292.139,100193.528,292.554,292.569,100298.181,100309.900,
2004-06-03 11:00:00,27.374,292.215,100190.667,293.699,293.909,100297.692,100309.362,
2004-06-03 11:05:00,22.185,292.260,100187.694,292.690,292.704,100297.963,100309.677,
2004-06-03 11:10:00,28.581,292.305,100184.722,293.732,293.931,100297.583,100309.252,
2004-06-03 11:15:00,23.800,292.351,100181.750,292.790,292.806,100297.837,100309.547,
2004-06-03 11:20:00,30.117,292.396,100178.778,293.807,294.003,100297.461,100309.126,
2004-06-03 11:25:00,25.947,292.442,100175.806,292.932,292.948,100297.662,100309.366,
2004-06-03 11:30:00,31.820,292.487,100172.833,293.889,294.078,100297.318,100308.981,
2004-06-03 11:35:00,28.113,292.533,100169.861,293.076,293.092,100297.485,100309.183,
2004-06-03 11:40:00,33.421,292.578,100166.889,293.959,294.141,100297.187,100308.846,
2004-06-03 11:45:00,30.219,292.623,100163.917,293.212,293.229,100297.317,100309.009,
2004-06-03 11:50:00,35.111,292.669,100160.944,294.038,294.213,100297.050,100308.707,
2004-06-03 11:55:00,31.456,292.714,100157.972,293.346,293.364,100297.150,100308.838,
2004-06-03 12:00:00,35.880,292.760,100155.000,294.114,294.282,100296.916,100308.570,
2004-06-03 12:05:00,33.395,292.792,100151.028,293.484,293.502,100296.952,100308.634,
2004-06-03 12:10:00,38.023,292.825,100147.056,294.259,294.422,100296.645,100308.294,
2004-06-03 12:15:00,35.625,292.857,100143.083,293.642,293.660,100296.665,100308.340,
2004-06-03 12:20:00,39.423,292.889,100139.111,294.326,294.477,100296.421,100308.066,
2004-06-03 12:25:00,36.860,292.922,100135.139,293.725,293.742,100296.468,100308.141,
2004-06-03 12:30:00,40.323,292.954,100131.167,294.369,294.514,100296.254,100307.898,
2004-06-03 12:35:00,37.825,292.987,100127.194,293.785,293.802,100296.301,100307.971,
2004-06-03 12:40:00,41.228,293.019,100123.222,294.414,294.555,100296.088,100307.730,
2004-06-03 12:45:00,38.800,293.051,100119.250,293.845,293.862,100296.131,100307.799,
2004-06-03 12:50:00,42.110,293.084,100115.278,294.457,294.593,100295.922,100307.563,
2004-06-03 12:55:00,38.288,293.116,100111.306,293.902,293.919,100295.965,100307.630,
2004-06-03 13:00:00,41.458,293.149,100107.333,294.493,294.626,100295.765,100307.404,
2004-06-03 13:05:00,38.693,293.156,100105.514,293.936,293.952,100295.869,100307.532,
2004-06-03 13:10:00,40.911,293.164,100103.694,294.461,294.590,100295.781,100307.422,
2004-06-03 13:15:00,38.218,293.171,100101.875,293.926,293.944,100295.896,100307.560,
2004-06-03 13:20:00,40.851,293.179,100100.056,294.484,294.617,100295.772,100307.411,
2004-06-03 13:25:00,38.428,293.186,100098.236,293.970,293.989,100295.858,100307.521,
2004-06-03 13:30:00,41.105,293.194,100096.417,294.524,294.657,100295.725,100307.363,
2004-06-03 13:35:00,38.699,293.201,100094.597,294.020,294.039,100295.813,100307.473,
2004-06-03 13:40:00,41.266,293.209,100092.778,294.559,294.692,100295.688,100307.325,
2004-06-03 13:45:00,38.876,293.216,100090.958,294.062,294.081,100295.777,100307.436,
2004-06-03 13:50:00,41.386,293.224,100089.139,294.591,294.724,100295.657,100307.292,
