<?xml version="1.0" encoding="UTF-8"?>
<metadata>
  <presentation>
    <nom>MTO_CNRM</nom>
    <definition>Mesure météorologiques des stations mises en place par CNRM/4M.</definition>
    <destination>SGBD</destination>
    <categorie>SURF_FIXE</categorie>
    <contacts>
      <personne>
        <nom>Berne</nom>
        <prenom>Christine</prenom>
        <organisme>Météo-France/CNRM</organisme>
        <mail>christine.berne@meteo.fr</mail>
        <mdp>ber194</mdp>
        <role>tech</role>
      </personne>
    </contacts>
  </presentation>
  <description>
    <organisme>Météo-France/CNRM</organisme>
    <pi>
      <nom />
      <prenom />
      <organisme />
      <mail />
      <mdp />
      <role>pi</role>
    </pi>
    <technicien>
      <nom>Berne</nom>
      <prenom>Christine</prenom>
      <organisme>Météo-France/CNRM</organisme>
      <mail>christine.berne@meteo.fr</mail>
      <mdp>ber194</mdp>
      <role>tech</role>
    </technicien>
    <format>Text</format>
    <repartition>1 file/month/station</repartition>
  </description>
  <contenu_prevu>
    <liste_plateformes>
      <plateforme>
        <nom>launac</nom>
        <desc />
        <liste_images>
          <image />
        </liste_images>
        <lat_min>43.915</lat_min>
        <lon_min>2.117</lon_min>
        <alt_min>172.0</alt_min>
        <lat_max>43.915</lat_max>
        <lon_max>2.117</lon_max>
        <alt_max>172.0</alt_max>
      </plateforme>
      <plateforme>
        <nom>le-fauga</nom>
        <desc />
        <liste_images>
          <image />
        </liste_images>
        <lat_min>43.5747</lat_min>
        <lon_min>1.2922</lon_min>
        <alt_min>188.0</alt_min>
        <lat_max>43.5747</lat_max>
        <lon_max>1.2922</lon_max>
        <alt_max>188.0</alt_max>
      </plateforme>
      <plateforme>
        <nom>Auzeville</nom>
        <desc />
        <liste_images>
          <image />
        </liste_images>
        <lat_min>43.5291</lat_min>
        <lon_min>1.5049</lon_min>
        <alt_min>130.0</alt_min>
        <lat_max>43.5291</lat_max>
        <lon_max>1.5049</lon_max>
        <alt_max>130.0</alt_max>
      </plateforme>
      <plateforme>
        <nom>Saint Sardos</nom>
        <desc />
        <liste_images>
          <image />
        </liste_images>
        <lat_min>43.88527778</lat_min>
        <lon_min>1.101944444</lon_min>
        <alt_min>189.0</alt_min>
        <lat_max>43.88527778</lat_max>
        <lon_max>1.101944444</lon_max>
        <alt_max>189.0</alt_max>
      </plateforme>
      <plateforme>
        <nom>Mondouzil</nom>
        <desc />
        <liste_images>
          <image />
        </liste_images>
        <lat_min>43.6286</lat_min>
        <lon_min>1.5699</lon_min>
        <alt_min>0.0</alt_min>
        <lat_max>43.6286</lat_max>
        <lon_max>1.5699</lon_max>
        <alt_max>0.0</alt_max>
      </plateforme>
      <plateforme>
        <nom>Toulouse-Météo</nom>
        <desc />
        <liste_images>
          <image />
        </liste_images>
        <lat_min>43.5747</lat_min>
        <lon_min>1.374</lon_min>
        <alt_min>160.0</alt_min>
        <lat_max>43.5747</lat_max>
        <lon_max>1.374</lon_max>
        <alt_max>160.0</alt_max>
      </plateforme>
      <plateforme>
        <nom>Toulouse-GDF</nom>
        <desc />
        <liste_images>
          <image />
        </liste_images>
        <lat_min>43.61106667</lat_min>
        <lon_min>1.4262</lon_min>
        <alt_min>0.0</alt_min>
        <lat_max>43.61106667</lat_max>
        <lon_max>1.4262</lon_max>
        <alt_max>0.0</alt_max>
      </plateforme>
    </liste_plateformes>
    <liste_params>
      <param>
        <nom>Tpr_air</nom>
        <abrev>Air temperature</abrev>
        <unite>°C</unite>
      </param>
      <param>
        <nom>Hum_rel_air</nom>
        <abrev>Air relative humidity</abrev>
        <unite>%</unite>
      </param>
      <param>
        <nom>Pre_air_loc</nom>
        <abrev>Local air pressure</abrev>
        <unite>hPa</unite>
      </param>
      <param>
        <nom>precip_intens</nom>
        <abrev>Precipitation intensity</abrev>
        <unite>mm/h</unite>
      </param>
      <param>
        <nom>Vit_vent_moy</nom>
        <abrev>mean wind speed</abrev>
        <unite>m/s</unite>
      </param>
      <param>
        <nom>Dir_vent_moy</nom>
        <abrev>mean wind direction</abrev>
        <unite>degre</unite>
      </param>
      <param>
        <nom>Ray_glo_desc</nom>
        <abrev>Global (0.3 to 3 µm) downward radiation.</abrev>
        <unite>W/m2</unite>
      </param>
      <param>
        <nom>Ray_glo_mont</nom>
        <abrev>Global (0.3 to 3 µm) upward radiation.</abrev>
        <unite>W/m2</unite>
      </param>
      <param>
        <nom>Ray_IR_desc</nom>
        <abrev>IR (3 to 50 µm) downward radiation.</abrev>
        <unite>W/m2</unite>
      </param>
      <param>
        <nom>Ray_IR_mont</nom>
        <abrev>IR (3 to 50 µm) downward radiation.</abrev>
        <unite>W/m2</unite>
      </param>
    </liste_params>
    <liste_capteurs>
      <capteur>
        <type>thermometer</type>
        <fabriquant />
        <modele>PT1000</modele>
        <num_serie>9 (Ref 4M : TPR016)</num_serie>
        <etalonnage>11/03/2005</etalonnage>
        <plateforme>launac</plateforme>
      </capteur>
      <capteur>
        <type>Barometer</type>
        <fabriquant>Vaisala</fabriquant>
        <modele>PTB220</modele>
        <num_serie />
        <etalonnage />
        <plateforme>launac</plateforme>
      </capteur>
      <capteur>
        <type>Hygrometer</type>
        <fabriquant>Vaisala</fabriquant>
        <modele>HMP45</modele>
        <num_serie>Y1420007 (ref 4M : THU016)</num_serie>
        <etalonnage>01/04/2003</etalonnage>
        <plateforme>launac</plateforme>
      </capteur>
      <capteur>
        <type>Pluviometer</type>
        <fabriquant>Qualimetrics</fabriquant>
        <modele>6011-B</modele>
        <num_serie>1237 (ref 4M : RRA006)</num_serie>
        <etalonnage />
        <plateforme>launac</plateforme>
      </capteur>
      <capteur>
        <type />
        <fabriquant>R. M. Young</fabriquant>
        <modele>05013</modele>
        <num_serie>14534 (ref 4M : VEN216)</num_serie>
        <etalonnage />
        <plateforme>launac</plateforme>
      </capteur>
      <capteur>
        <type>Pyranometer</type>
        <fabriquant>Schenk</fabriquant>
        <modele />
        <num_serie>5054</num_serie>
        <etalonnage>11/10/2003&#xD;
coef_RGD=15.19&#xD;
coef_RGM=15.08</etalonnage>
        <plateforme>launac</plateforme>
      </capteur>
      <capteur>
        <type>Pyrradiometer</type>
        <fabriquant>SCHENK</fabriquant>
        <modele />
        <num_serie>8352 (Ref 4M : RYTS09)</num_serie>
        <etalonnage>11/10/2003&#xD;
coef_RTD=28.68&#xD;
coef_RTM=30.08</etalonnage>
        <plateforme>launac</plateforme>
      </capteur>
      <capteur>
        <type>thermometer</type>
        <fabriquant />
        <modele>PT1000</modele>
        <num_serie>11 (Ref 4M : TPR019)</num_serie>
        <etalonnage />
        <plateforme>le-fauga</plateforme>
      </capteur>
      <capteur>
        <type>barometer</type>
        <fabriquant>AIR</fabriquant>
        <modele>DB2A</modele>
        <num_serie>1484</num_serie>
        <etalonnage>07/05/2003</etalonnage>
        <plateforme>le-fauga</plateforme>
      </capteur>
      <capteur>
        <type>Hygrometer</type>
        <fabriquant>Vaisala</fabriquant>
        <modele>HMP45A</modele>
        <num_serie>Z2210001 (ref 4M : THU022)</num_serie>
        <etalonnage>24/05/2004</etalonnage>
        <plateforme>launac</plateforme>
      </capteur>
      <capteur>
        <type>pyranometer</type>
        <fabriquant>schenk</fabriquant>
        <modele />
        <num_serie>5062 (ref 4M : RYGS13)</num_serie>
        <etalonnage>01/03/2001&#xD;
coef_RGD=15.01&#xD;
coef_RGM=15.00</etalonnage>
        <plateforme>le-fauga</plateforme>
      </capteur>
      <capteur>
        <type>Pyrradiomètre</type>
        <fabriquant>Schenk</fabriquant>
        <modele />
        <num_serie>8331 ( ref 4M : RYTS03)</num_serie>
        <etalonnage>01/10/2003&#xD;
coef_RTD=25.69&#xD;
coef_RTM=25.03</etalonnage>
        <plateforme>le-fauga</plateforme>
      </capteur>
      <capteur>
        <type>Thermometer</type>
        <fabriquant />
        <modele>PT1000</modele>
        <num_serie>14 (ref 4M : TPR027)</num_serie>
        <etalonnage>11/03/2005</etalonnage>
        <plateforme>Auzeville</plateforme>
      </capteur>
      <capteur>
        <type>hygrometer</type>
        <fabriquant>Vaisala</fabriquant>
        <modele>HMP45A</modele>
        <num_serie>Y1420008 (ref 4M : THU017)</num_serie>
        <etalonnage>01/04/2003</etalonnage>
        <plateforme>Auzeville</plateforme>
      </capteur>
      <capteur>
        <type>Thermometer</type>
        <fabriquant />
        <modele>PT1000</modele>
        <num_serie>TS20 (ref 4M : TPR028)</num_serie>
        <etalonnage>01/12/2003</etalonnage>
        <plateforme>Auzeville</plateforme>
      </capteur>
      <capteur>
        <type>hygrometer</type>
        <fabriquant>Vaisala</fabriquant>
        <modele>HMP45A</modele>
        <num_serie>Y1420009 (ref 4M :THU018)</num_serie>
        <etalonnage>01/04/2003</etalonnage>
        <plateforme>Auzeville</plateforme>
      </capteur>
      <capteur>
        <type>Thermometer</type>
        <fabriquant />
        <modele>PT1000</modele>
        <num_serie>3 (ref 4M : TPR026)</num_serie>
        <etalonnage />
        <plateforme>Saint Sardos</plateforme>
      </capteur>
      <capteur>
        <type>Barometer</type>
        <fabriquant>vaisala</fabriquant>
        <modele>ptb220</modele>
        <num_serie>X2050007 (Ref. 4M : PRE004)</num_serie>
        <etalonnage>15/09/2003</etalonnage>
        <plateforme>Saint Sardos</plateforme>
      </capteur>
      <capteur>
        <type>Hygrometer</type>
        <fabriquant>Vaisala</fabriquant>
        <modele>HMP45A</modele>
        <num_serie>Y1420011 (Ref. 4M : THU020)</num_serie>
        <etalonnage>01/04/2003</etalonnage>
        <plateforme>Saint Sardos</plateforme>
      </capteur>
      <capteur>
        <type>Pluviometer</type>
        <fabriquant>Qualimetrics</fabriquant>
        <modele>6011-B</modele>
        <num_serie>01254 (Ref. 4M : RRA003)</num_serie>
        <etalonnage />
        <plateforme>Saint Sardos</plateforme>
      </capteur>
      <capteur>
        <type>pyranometer</type>
        <fabriquant>Kipp&amp;Zonen</fabriquant>
        <modele />
        <num_serie />
        <etalonnage />
        <plateforme>Saint Sardos</plateforme>
      </capteur>
    </liste_capteurs>
  </contenu_prevu>
  <integration>
    <integrateur>
      <nom />
      <prenom />
      <organisme />
      <mail />
      <mdp />
      <role>default</role>
    </integrateur>
    <date_d>
      <date />
      <heure />
    </date_d>
    <date_f>
      <date />
      <heure />
    </date_f>
    <nb_fichiers>0</nb_fichiers>
  </integration>
</metadata>

