cur_datetime,canTemp,sensWaste,wallSun_K,wallShade_K,roof_K,MeteoData.Tatm,MeteoData.Pre,TempProf_cur[20.0],PresProf_cur[20.0],
2004-06-01 00:00:00,296.075,0.000,292.078,292.691,300.000,287.334,99733.833,294.154,100084.385,
2004-06-01 00:05:00,291.344,0.000,291.200,291.811,300.000,287.334,99731.472,290.041,100087.943,
2004-06-01 00:10:00,290.499,0.000,291.206,291.817,300.000,287.334,99729.111,289.694,100088.129,
2004-06-01 00:15:00,290.889,0.000,291.269,291.883,300.000,287.334,99726.750,289.842,100088.085,
2004-06-01 00:20:00,291.259,0.000,291.323,291.941,300.000,287.334,99724.389,290.042,100087.967,
2004-06-01 00:25:00,291.276,0.000,291.335,291.957,300.000,287.334,99722.028,290.090,100087.946,
2004-06-01 00:30:00,291.243,0.000,291.337,291.963,300.000,287.334,99719.667,290.081,100087.929,
2004-06-01 00:35:00,291.079,0.000,291.314,291.942,300.000,287.333,99717.306,289.957,100088.084,
2004-06-01 00:40:00,290.943,0.000,291.298,291.929,300.000,287.333,99714.944,289.789,100088.289,
2004-06-01 00:45:00,290.749,0.000,291.266,291.899,300.000,287.333,99712.583,289.619,100088.492,
2004-06-01 00:50:00,290.658,0.000,291.253,291.889,300.000,287.333,99710.222,289.498,100088.643,
2004-06-01 00:55:00,290.538,0.000,291.232,291.871,300.000,287.333,99707.861,289.394,100088.781,
2004-06-01 01:00:00,290.492,0.000,291.219,291.856,300.000,287.333,99705.500,289.314,100088.889,
2004-06-01 01:05:00,290.397,0.000,291.196,291.830,300.000,287.342,99703.931,289.245,100088.976,
2004-06-01 01:10:00,290.379,0.000,291.186,291.817,300.000,287.351,99702.361,289.198,100089.043,
2004-06-01 01:15:00,290.292,0.000,291.163,291.791,300.000,287.360,99700.792,289.141,100089.119,
2004-06-01 01:20:00,290.269,0.000,291.150,291.775,300.000,287.369,99699.222,289.090,100089.186,
2004-06-01 01:25:00,290.176,0.000,291.124,291.745,300.000,287.378,99697.653,289.030,100089.261,
2004-06-01 01:30:00,290.155,0.000,291.110,291.727,300.000,287.387,99696.083,288.979,100089.328,
2004-06-01 01:35:00,290.066,0.000,291.083,291.696,300.000,287.396,99694.514,288.922,100089.400,
2004-06-01 01:40:00,290.049,0.000,291.068,291.678,300.000,287.405,99692.944,288.873,100089.464,
2004-06-01 01:45:00,289.963,0.000,291.041,291.645,300.000,287.414,99691.375,288.818,100089.532,
2004-06-01 01:50:00,289.948,0.000,291.025,291.625,300.000,287.423,99689.806,288.771,100089.594,
2004-06-01 01:55:00,289.864,0.000,290.996,291.592,300.000,287.432,99688.236,288.718,100089.659,
2004-06-01 02:00:00,289.853,0.000,290.986,291.579,300.000,287.441,99686.667,288.674,100089.718,
2004-06-01 02:05:00,289.794,0.000,290.967,291.557,300.000,287.444,99685.875,288.655,100089.734,
2004-06-01 02:10:00,289.826,0.000,290.965,291.552,300.000,287.446,99685.083,288.656,100089.740,
2004-06-01 02:15:00,289.782,0.000,290.951,291.535,300.000,287.448,99684.292,288.649,100089.750,
2004-06-01 02:20:00,289.808,0.000,290.949,291.530,300.000,287.450,99683.500,288.646,100089.757,
2004-06-01 02:25:00,289.754,0.000,290.936,291.513,300.000,287.453,99682.708,288.634,100089.769,
2004-06-01 02:30:00,289.781,0.000,290.936,291.511,300.000,287.455,99681.917,288.630,100089.776,
2004-06-01 02:35:00,289.729,0.000,290.923,291.495,300.000,287.457,99681.125,288.621,100089.786,
2004-06-01 02:40:00,289.759,0.000,290.925,291.495,300.000,287.460,99680.333,288.619,100089.792,
2004-06-01 02:45:00,289.709,0.000,290.914,291.480,300.000,287.462,99679.542,288.610,100089.801,
2004-06-01 02:50:00,289.739,0.000,290.916,291.481,300.000,287.464,99678.750,288.609,100089.806,
2004-06-01 02:55:00,289.689,0.000,290.906,291.467,300.000,287.466,99677.958,288.601,100089.813,
2004-06-01 03:00:00,289.722,0.000,290.905,291.463,300.000,287.469,99677.167,288.600,100089.817,
2004-06-01 03:05:00,289.685,0.000,290.891,291.446,300.000,287.468,99678.042,288.612,100089.797,
2004-06-01 03:10:00,289.742,0.000,290.894,291.446,300.000,287.467,99678.917,288.639,100089.767,
2004-06-01 03:15:00,289.715,0.000,290.882,291.432,300.000,287.466,99679.792,288.659,100089.741,
2004-06-01 03:20:00,289.768,0.000,290.884,291.431,300.000,287.465,99680.667,288.682,100089.714,
2004-06-01 03:25:00,289.733,0.000,290.872,291.416,300.000,287.464,99681.542,288.697,100089.692,
2004-06-01 03:30:00,289.784,0.000,290.874,291.415,300.000,287.463,99682.417,288.717,100089.668,
2004-06-01 03:35:00,289.750,0.000,290.862,291.400,300.000,287.462,99683.292,288.731,100089.647,
2004-06-01 03:40:00,289.800,0.000,290.864,291.400,300.000,287.462,99684.167,288.751,100089.624,
2004-06-01 03:45:00,289.765,0.000,290.852,291.384,300.000,287.461,99685.042,288.764,100089.605,
2004-06-01 03:50:00,289.815,0.000,290.854,291.385,300.000,287.460,99685.917,288.783,100089.584,
2004-06-01 03:55:00,289.780,0.000,290.842,291.369,300.000,287.459,99686.792,288.794,100089.566,
2004-06-01 04:00:00,289.829,0.000,290.843,291.368,300.000,287.458,99687.667,288.812,100089.546,
2004-06-01 04:05:00,289.767,0.000,290.824,291.346,300.000,287.467,99687.667,288.787,100089.581,
2004-06-01 04:10:00,289.776,0.000,290.818,291.337,300.000,287.476,99687.667,288.758,100089.617,
2004-06-01 04:15:00,289.703,0.000,290.795,291.311,300.000,287.486,99687.667,288.726,100089.652,
2004-06-01 04:20:00,289.724,0.000,290.789,291.303,300.000,287.495,99687.667,288.708,100089.677,
2004-06-01 04:25:00,289.664,0.000,290.768,291.278,300.000,287.504,99687.667,288.688,100089.703,
2004-06-01 04:30:00,289.691,0.000,290.761,291.270,300.000,287.513,99687.667,288.675,100089.723,
2004-06-01 04:35:00,289.631,0.000,290.739,291.245,300.000,287.523,99687.667,288.657,100089.744,
2004-06-01 04:40:00,289.659,0.000,290.733,291.236,300.000,287.532,99687.667,288.647,100089.761,
2004-06-01 04:45:00,289.602,0.000,290.710,291.211,300.000,287.541,99687.667,288.632,100089.778,
2004-06-01 04:50:00,289.631,0.000,290.704,291.202,300.000,287.550,99687.667,288.624,100089.791,
2004-06-01 04:55:00,289.576,0.000,290.681,291.177,300.000,287.559,99687.667,288.611,100089.806,
2004-06-01 05:00:00,289.608,36.717,290.678,291.171,300.000,287.569,99687.667,288.606,100089.816,
2004-06-01 05:05:00,289.649,36.955,290.676,291.168,300.000,287.585,99689.319,288.674,100089.789,
2004-06-01 05:10:00,289.686,18.576,290.674,291.163,300.000,287.600,99690.972,288.676,100089.793,
2004-06-01 05:15:00,289.562,18.262,290.645,291.130,300.000,287.616,99692.625,288.608,100089.831,
2004-06-01 05:20:00,289.578,18.362,290.642,291.125,300.000,287.632,99694.278,288.592,100089.846,
2004-06-01 05:25:00,289.542,18.249,290.630,291.110,300.000,287.648,99695.931,288.590,100089.853,
2004-06-01 05:30:00,289.585,18.385,290.631,291.109,300.000,287.664,99697.583,288.592,100089.857,
2004-06-01 05:35:00,289.537,18.202,290.616,291.091,300.000,287.680,99699.236,288.583,100089.867,
2004-06-01 05:40:00,289.568,18.410,290.617,291.089,300.000,287.695,99700.889,288.577,100089.875,
2004-06-01 05:45:00,289.518,18.291,290.602,291.071,300.000,287.711,99702.542,288.567,100089.885,
2004-06-01 05:50:00,289.552,18.419,290.603,291.070,300.000,287.727,99704.194,288.563,100089.891,
2004-06-01 05:55:00,289.504,18.245,290.589,291.053,300.000,287.743,99705.847,288.554,100089.901,
2004-06-01 06:00:00,289.771,38.503,290.638,291.101,300.000,287.759,99707.500,288.683,100089.846,
2004-06-01 06:05:00,289.922,39.615,290.670,291.133,300.000,287.805,99709.000,288.849,100089.759,
2004-06-01 06:10:00,290.141,20.542,290.708,291.192,300.000,287.850,99710.500,288.950,100089.697,
2004-06-01 06:15:00,290.085,20.361,290.708,291.193,300.000,287.896,99712.000,288.969,100089.675,
2004-06-01 06:20:00,290.319,21.208,291.249,290.764,300.000,287.942,99713.500,289.069,100089.617,
2004-06-01 06:25:00,290.344,21.353,291.267,290.781,300.000,287.988,99715.000,289.169,100089.556,
2004-06-01 06:30:00,290.553,22.041,291.322,290.837,300.000,288.033,99716.500,289.265,100089.495,
2004-06-01 06:35:00,290.542,22.112,291.337,290.852,300.000,288.079,99718.000,289.339,100089.443,
2004-06-01 06:40:00,290.740,22.796,291.392,290.910,300.000,288.125,99719.500,289.427,100089.386,
2004-06-01 06:45:00,290.726,22.798,291.409,290.926,300.000,288.170,99721.000,289.500,100089.334,
2004-06-01 06:50:00,290.913,23.401,291.464,290.984,300.000,288.216,99722.500,289.582,100089.278,
2004-06-01 06:55:00,290.888,23.443,291.480,291.000,300.000,288.262,99724.000,289.649,100089.228,
2004-06-01 07:00:00,291.066,48.157,291.080,291.533,300.000,288.308,99725.500,289.725,100089.173,
2004-06-01 07:05:00,291.127,48.634,291.135,291.564,300.000,288.370,99729.069,289.877,100089.076,
2004-06-01 07:10:00,291.273,24.875,291.192,291.612,300.000,288.432,99732.639,289.934,100089.018,
2004-06-01 07:15:00,291.109,24.499,291.187,291.601,300.000,288.495,99736.208,289.864,100089.025,
2004-06-01 07:20:00,291.237,24.944,291.244,291.648,300.000,288.557,99739.778,289.897,100088.989,
2004-06-01 07:25:00,291.183,24.914,291.283,291.655,300.000,288.620,99743.347,289.939,100088.945,
2004-06-01 07:30:00,291.312,25.396,291.380,291.699,300.000,288.682,99746.917,289.977,100088.902,
2004-06-01 07:35:00,291.241,25.246,291.442,291.701,300.000,288.745,99750.486,289.997,100088.867,
2004-06-01 07:40:00,291.368,25.752,291.505,291.746,300.000,288.807,99754.056,290.030,100088.828,
2004-06-01 07:45:00,291.298,25.637,291.527,291.748,300.000,288.869,99757.625,290.051,100088.793,
2004-06-01 07:50:00,291.421,26.062,291.608,291.791,300.000,288.932,99761.194,290.083,100088.754,
2004-06-01 07:55:00,291.351,25.976,291.658,291.793,300.000,288.994,99764.764,290.103,100088.720,
2004-06-01 08:00:00,291.475,26.447,291.723,291.838,300.000,289.057,99768.333,290.134,100088.681,
2004-06-01 08:05:00,291.403,26.391,291.744,291.841,300.000,289.178,99768.653,290.153,100088.646,
2004-06-01 08:10:00,291.564,26.996,291.884,291.895,300.000,289.299,99768.972,290.209,100088.593,
2004-06-01 08:15:00,291.539,27.071,291.995,291.905,300.000,289.420,99769.292,290.266,100088.536,
2004-06-01 08:20:00,291.729,27.759,292.081,291.966,300.000,289.541,99769.611,290.339,100088.470,
2004-06-01 08:25:00,291.696,27.681,292.158,291.981,300.000,289.663,99769.931,290.396,100088.409,
2004-06-01 08:30:00,291.890,28.372,292.313,292.054,300.000,289.784,99770.250,290.469,100088.340,
2004-06-01 08:35:00,291.852,28.290,292.415,292.079,300.000,289.905,99770.569,290.528,100088.275,
2004-06-01 08:40:00,292.050,28.996,292.681,292.157,300.000,290.026,99770.889,290.602,100088.203,
2004-06-01 08:45:00,292.011,28.908,292.813,292.186,300.000,290.148,99771.208,290.662,100088.135,
2004-06-01 08:50:00,292.215,29.614,292.978,292.270,300.000,290.269,99771.528,290.735,100088.061,
2004-06-01 08:55:00,292.161,29.489,293.085,292.299,300.000,290.390,99771.847,290.793,100087.993,
2004-06-01 09:00:00,292.366,30.218,293.244,292.387,300.000,290.511,99772.167,290.865,100087.918,
2004-06-01 09:05:00,292.315,30.123,293.342,292.420,300.000,290.634,99772.333,290.941,100087.817,
2004-06-01 09:10:00,292.531,30.757,293.493,292.514,300.000,290.757,99772.500,291.036,100087.705,
2004-06-01 09:15:00,292.471,30.654,293.577,292.548,300.000,290.879,99772.667,291.112,100087.600,
2004-06-01 09:20:00,292.685,31.334,293.717,292.645,300.000,291.002,99772.833,291.203,100087.489,
2004-06-01 09:25:00,292.617,31.243,293.787,292.679,300.000,291.125,99773.000,291.276,100087.386,
2004-06-01 09:30:00,292.835,31.933,293.894,292.774,300.000,291.248,99773.167,291.368,100087.275,
2004-06-01 09:35:00,292.759,31.727,293.927,292.803,300.000,291.370,99773.333,291.441,100087.171,
2004-06-01 09:40:00,292.975,32.433,294.023,292.899,300.000,291.493,99773.500,291.532,100087.059,
2004-06-01 09:45:00,292.895,32.249,294.040,292.927,300.000,291.616,99773.667,291.605,100086.955,
2004-06-01 09:50:00,293.113,32.863,294.122,293.024,300.000,291.739,99773.833,291.696,100086.842,
2004-06-01 09:55:00,293.028,32.712,294.125,293.051,300.000,291.861,99774.000,291.769,100086.736,
2004-06-01 10:00:00,293.247,33.385,294.194,293.149,300.000,291.984,99774.167,291.862,100086.622,
2004-06-01 10:05:00,293.134,33.078,294.177,293.168,300.000,292.045,99773.639,291.896,100086.578,
2004-06-01 10:10:00,293.330,33.622,294.228,293.261,300.000,292.106,99773.111,291.940,100086.537,
2004-06-01 10:15:00,293.207,33.252,294.195,293.276,300.000,292.167,99772.583,291.967,100086.502,
2004-06-01 10:20:00,293.407,33.791,294.234,293.369,300.000,292.228,99772.056,292.016,100086.455,
2004-06-01 10:25:00,293.276,33.380,294.186,293.381,300.000,292.289,99771.528,292.044,100086.416,
2004-06-01 10:30:00,293.480,33.903,294.218,293.477,300.000,292.350,99771.000,292.093,100086.368,
2004-06-01 10:35:00,293.340,33.476,294.160,293.489,300.000,292.411,99770.472,292.120,100086.329,
2004-06-01 10:40:00,293.543,33.995,294.179,293.584,300.000,292.472,99769.944,292.169,100086.280,
2004-06-01 10:45:00,293.398,33.558,294.107,293.594,300.000,292.533,99769.417,292.196,100086.239,
2004-06-01 10:50:00,293.606,34.085,294.115,293.690,300.000,292.594,99768.889,292.246,100086.188,
2004-06-01 10:55:00,293.455,33.620,294.030,293.699,300.000,292.655,99768.361,292.272,100086.146,
2004-06-01 11:00:00,293.663,34.137,293.816,294.046,300.000,292.715,99767.833,292.323,100086.094,
2004-06-01 11:05:00,293.527,33.701,293.898,294.022,300.000,292.812,99766.264,292.371,100086.016,
2004-06-01 11:10:00,293.752,34.225,294.070,294.084,300.000,292.909,99764.694,292.446,100085.924,
2004-06-01 11:15:00,293.622,33.808,294.175,294.070,300.000,293.005,99763.125,292.495,100085.842,
2004-06-01 11:20:00,293.850,34.319,294.369,294.142,300.000,293.102,99761.556,292.570,100085.750,
2004-06-01 11:25:00,293.729,34.039,294.492,294.137,300.000,293.198,99759.986,292.622,100085.666,
2004-06-01 11:30:00,293.953,34.614,294.705,294.226,300.000,293.295,99758.417,292.700,100085.571,
2004-06-01 11:35:00,293.846,34.323,294.844,294.230,300.000,293.391,99756.847,292.755,100085.485,
2004-06-01 11:40:00,294.063,34.792,295.065,294.312,300.000,293.488,99755.278,292.833,100085.388,
2004-06-01 11:45:00,293.968,34.475,295.220,294.321,300.000,293.584,99753.708,292.890,100085.300,
2004-06-01 11:50:00,294.174,34.888,295.450,294.404,300.000,293.681,99752.139,292.968,100085.202,
2004-06-01 11:55:00,294.091,34.646,295.618,294.419,300.000,293.777,99750.569,293.027,100085.112,
2004-06-01 12:00:00,294.284,35.065,295.858,294.501,300.000,293.874,99749.000,293.104,100085.012,
2004-06-01 12:05:00,294.199,34.807,296.037,294.516,300.000,293.961,99745.653,293.140,100084.958,
2004-06-01 12:10:00,294.370,35.165,296.281,294.595,300.000,294.048,99742.306,293.188,100084.902,
2004-06-01 12:15:00,294.297,34.939,296.472,294.614,300.000,294.136,99738.958,293.221,100084.851,
2004-06-01 12:20:00,294.464,35.277,296.724,294.692,300.000,294.223,99735.611,293.274,100084.788,
2004-06-01 12:25:00,294.400,35.064,296.926,294.714,300.000,294.310,99732.264,293.311,100084.732,
2004-06-01 12:30:00,294.564,35.404,297.220,294.803,300.000,294.397,99728.917,293.367,100084.665,
2004-06-01 12:35:00,294.512,35.212,297.472,294.840,300.000,294.485,99725.569,293.408,100084.604,
2004-06-01 12:40:00,294.675,35.553,297.781,294.931,300.000,294.572,99722.222,293.466,100084.534,
2004-06-01 12:45:00,294.634,35.267,298.055,294.975,300.000,294.659,99718.875,293.511,100084.469,
2004-06-01 12:50:00,294.793,35.495,298.382,295.068,300.000,294.746,99715.528,293.571,100084.395,
2004-06-01 12:55:00,294.763,35.298,298.675,295.116,300.000,294.834,99712.181,293.619,100084.325,
2004-06-01 13:00:00,294.917,35.587,299.016,295.211,300.000,294.921,99708.833,293.682,100084.247,
2004-06-01 13:05:00,294.888,35.481,299.323,295.261,300.000,294.933,99706.833,293.720,100084.194,
2004-06-01 13:10:00,295.048,35.913,299.680,295.359,300.000,294.946,99704.833,293.784,100084.131,
2004-06-01 13:15:00,295.048,35.948,300.007,295.418,300.000,294.958,99702.833,293.844,100084.068,
2004-06-01 13:20:00,295.211,36.350,300.377,295.519,300.000,294.971,99700.833,293.914,100083.999,
2004-06-01 13:25:00,295.207,36.280,300.715,295.580,300.000,294.983,99698.833,293.966,100083.938,
2004-06-01 13:30:00,295.350,36.689,301.012,295.660,300.000,294.995,99696.833,294.026,100083.874,
2004-06-01 13:35:00,295.338,36.667,301.266,295.700,300.000,295.008,99694.833,294.072,100083.816,
2004-06-01 13:40:00,295.464,37.081,301.553,295.775,300.000,295.020,99692.833,294.127,100083.754,
2004-06-01 13:45:00,295.451,37.083,301.792,295.811,300.000,295.032,99690.833,294.171,100083.697,
2004-06-01 13:50:00,295.567,37.474,302.062,295.880,300.000,295.045,99688.833,294.223,100083.636,
2004-06-01 13:55:00,295.555,37.476,302.289,295.914,300.000,295.057,99686.833,294.264,100083.579,
2004-06-01 14:00:00,295.663,37.702,302.533,295.980,300.000,295.070,99684.833,294.314,100083.520,
2004-06-01 14:05:00,295.645,37.605,302.735,296.012,300.000,294.960,99685.083,294.348,100083.472,
2004-06-01 14:10:00,295.721,37.880,302.957,296.067,300.000,294.851,99685.333,294.379,100083.428,
2004-06-01 14:15:00,295.694,37.895,303.141,296.094,300.000,294.742,99685.583,294.401,100083.389,
2004-06-01 14:20:00,295.770,38.247,303.348,296.147,300.000,294.632,99685.833,294.433,100083.347,
2004-06-01 14:25:00,295.754,38.348,303.519,296.173,300.000,294.523,99686.083,294.460,100083.308,
2004-06-01 14:30:00,295.829,38.711,303.505,296.151,300.000,294.414,99686.333,294.493,100083.266,
2004-06-01 14:35:00,295.800,38.788,303.369,296.116,300.000,294.305,99686.583,294.516,100083.231,
2004-06-01 14:40:00,295.844,39.084,303.247,296.102,300.000,294.195,99686.833,294.541,100083.194,
2004-06-01 14:45:00,295.808,39.146,303.036,296.055,300.000,294.086,99687.083,294.560,100083.162,
2004-06-01 14:50:00,295.845,39.401,302.834,296.029,300.000,293.977,99687.333,294.583,100083.129,
2004-06-01 14:55:00,295.802,39.439,302.563,295.968,300.000,293.867,99687.583,294.598,100083.100,
2004-06-01 15:00:00,295.827,39.647,302.181,295.933,300.000,293.758,99687.833,294.617,100083.071,
2004-06-01 15:05:00,295.757,39.599,301.739,295.862,300.000,293.731,99688.792,294.604,100083.082,
2004-06-01 15:10:00,295.759,39.698,301.196,295.815,300.000,293.705,99689.750,294.599,100083.092,
2004-06-01 15:15:00,295.674,39.555,300.793,295.735,300.000,293.678,99690.708,294.585,100083.105,
2004-06-01 15:20:00,295.667,39.595,300.454,295.677,300.000,293.651,99691.667,294.576,100083.116,
2004-06-01 15:25:00,295.590,39.437,300.084,295.593,300.000,293.624,99692.625,294.561,100083.129,
2004-06-01 15:30:00,295.582,39.460,299.952,295.571,300.000,293.598,99693.583,294.551,100083.139,
2004-06-01 15:35:00,295.524,39.346,299.823,295.535,300.000,293.571,99694.542,294.540,100083.150,
2004-06-01 15:40:00,295.541,39.421,299.713,295.519,300.000,293.544,99695.500,294.535,100083.158,
2004-06-01 15:45:00,295.489,39.321,299.616,295.489,300.000,293.517,99696.458,294.525,100083.168,
2004-06-01 15:50:00,295.507,39.407,299.492,295.479,300.000,293.491,99697.417,294.521,100083.175,
2004-06-01 15:55:00,295.456,39.305,299.348,295.453,300.000,293.464,99698.375,294.512,100083.184,
2004-06-01 16:00:00,295.473,39.383,299.230,295.444,300.000,293.437,99699.333,294.507,100083.192,
2004-06-01 16:05:00,295.407,39.242,299.136,295.415,300.000,293.365,99702.056,294.476,100083.234,
2004-06-01 16:10:00,295.382,39.201,299.052,295.397,300.000,293.292,99704.778,294.423,100083.291,
2004-06-01 16:15:00,295.309,39.207,298.966,295.365,300.000,293.219,99707.500,294.369,100083.350,
2004-06-01 16:20:00,295.304,39.339,298.898,295.352,300.000,293.146,99710.222,294.331,100083.402,
2004-06-01 16:25:00,295.246,39.295,298.823,295.324,300.000,293.074,99712.944,294.290,100083.455,
2004-06-01 16:30:00,295.240,39.344,298.717,295.302,300.000,293.001,99715.667,294.251,100083.507,
2004-06-01 16:35:00,295.176,39.234,298.595,295.262,300.000,292.928,99718.389,294.204,100083.563,
2004-06-01 16:40:00,295.160,39.234,298.487,295.236,300.000,292.855,99721.111,294.160,100083.619,
2004-06-01 16:45:00,295.093,39.099,298.327,295.194,300.000,292.782,99723.833,294.111,100083.677,
2004-06-01 16:50:00,295.072,39.079,298.180,295.165,300.000,292.710,99726.556,294.064,100083.736,
2004-06-01 16:55:00,294.999,38.928,298.012,295.120,300.000,292.637,99729.278,294.011,100083.797,
2004-06-01 17:00:00,294.971,77.779,297.877,295.089,300.000,292.564,99732.000,293.960,100083.858,
2004-06-01 17:05:00,295.043,78.033,297.770,295.084,300.000,292.447,99736.292,294.049,100083.834,
2004-06-01 17:10:00,295.018,38.967,297.638,295.052,300.000,292.330,99740.583,293.984,100083.935,
2004-06-01 17:15:00,294.791,38.424,297.456,294.968,300.000,292.213,99744.875,293.759,100084.125,
2004-06-01 17:20:00,294.745,38.329,297.329,294.935,300.000,292.096,99749.167,293.671,100084.253,
2004-06-01 17:25:00,294.656,38.113,297.200,294.882,300.000,291.979,99753.458,293.596,100084.368,
2004-06-01 17:30:00,294.609,38.004,297.097,294.843,300.000,291.862,99757.750,293.513,100084.485,
2004-06-01 17:35:00,294.511,37.761,296.971,294.799,300.000,291.744,99762.042,293.422,100084.608,
2004-06-01 17:40:00,294.463,37.647,296.874,294.759,300.000,291.627,99766.333,293.335,100084.729,
2004-06-01 17:45:00,294.368,37.406,296.768,294.706,300.000,291.510,99770.625,293.247,100084.851,
2004-06-01 17:50:00,294.322,37.294,296.674,294.667,300.000,291.393,99774.917,293.162,100084.972,
2004-06-01 17:55:00,294.226,37.051,296.572,294.614,300.000,291.276,99779.208,293.073,100085.094,
2004-06-01 18:00:00,294.182,36.794,296.473,294.574,300.000,291.159,99783.500,292.988,100085.215,
2004-06-01 18:05:00,294.125,36.527,296.373,294.529,300.000,291.147,99786.653,292.960,100085.242,
2004-06-01 18:10:00,294.120,36.438,296.287,294.498,300.000,291.134,99789.806,292.945,100085.253,
2004-06-01 18:15:00,294.071,36.121,296.193,294.458,300.000,291.122,99792.958,292.928,100085.266,
2004-06-01 18:20:00,294.070,35.975,296.112,294.430,300.000,291.109,99796.111,292.913,100085.280,
2004-06-01 18:25:00,294.026,35.634,296.017,294.392,300.000,291.097,99799.264,292.896,100085.295,
2004-06-01 18:30:00,294.025,35.488,295.939,294.368,300.000,291.084,99802.417,292.882,100085.308,
2004-06-01 18:35:00,293.981,35.182,295.854,294.333,300.000,291.072,99805.569,292.865,100085.322,
2004-06-01 18:40:00,293.980,35.033,295.782,294.310,300.000,291.060,99808.722,292.850,100085.336,
2004-06-01 18:45:00,293.935,34.723,295.707,294.277,300.000,291.047,99811.875,292.832,100085.350,
2004-06-01 18:50:00,293.932,34.575,295.644,294.255,300.000,291.035,99815.028,292.817,100085.364,
2004-06-01 18:55:00,293.888,34.270,295.574,294.223,300.000,291.022,99818.181,292.798,100085.379,
2004-06-01 19:00:00,293.884,34.119,295.519,294.201,300.000,291.010,99821.333,292.781,100085.393,
2004-06-01 19:05:00,293.841,33.946,295.457,294.170,300.000,290.981,99825.708,292.763,100085.406,
2004-06-01 19:10:00,293.855,33.837,295.412,294.155,300.000,290.951,99830.083,292.763,100085.412,
2004-06-01 19:15:00,293.445,32.770,295.260,294.032,300.000,290.921,99834.458,292.442,100085.573,
2004-06-01 19:20:00,293.356,32.511,295.192,293.990,300.000,290.892,99838.833,292.285,100085.675,
2004-06-01 19:25:00,293.223,32.031,295.102,293.926,300.000,290.862,99843.208,292.233,100085.721,
2004-06-01 19:30:00,293.245,31.998,295.056,293.902,300.000,290.833,99847.583,292.178,100085.759,
2004-06-01 19:35:00,293.041,31.437,294.956,293.824,300.000,290.803,99851.958,292.094,100085.806,
2004-06-01 19:40:00,293.012,31.348,294.897,293.791,300.000,290.774,99856.333,292.018,100085.852,
2004-06-01 19:45:00,292.867,30.835,294.837,293.717,300.000,290.744,99860.708,291.971,100085.883,
2004-06-01 19:50:00,292.931,30.913,294.803,293.705,300.000,290.715,99865.083,291.965,100085.895,
2004-06-01 19:55:00,292.889,30.775,294.752,293.668,300.000,290.685,99869.458,291.985,100085.893,
2004-06-01 20:00:00,293.019,30.975,294.715,293.676,300.000,290.656,99873.833,292.030,100085.878,
2004-06-01 20:05:00,292.983,30.800,294.662,293.642,300.000,290.624,99878.583,292.048,100085.885,
2004-06-01 20:10:00,293.052,30.933,294.636,293.633,300.000,290.593,99883.333,292.052,100085.900,
2004-06-01 20:15:00,292.972,30.713,294.572,293.590,300.000,290.561,99888.083,292.033,100085.925,
2004-06-01 20:20:00,293.004,30.789,294.537,293.574,300.000,290.530,99892.833,292.015,100085.950,
2004-06-01 20:25:00,292.915,30.567,294.473,293.528,300.000,290.498,99897.583,291.984,100085.982,
2004-06-01 20:30:00,292.928,30.607,293.509,294.437,300.000,290.466,99902.333,291.953,100086.014,
2004-06-01 20:35:00,292.830,30.237,293.461,294.374,300.000,290.435,99907.083,291.911,100086.052,
2004-06-01 20:40:00,292.827,30.140,293.436,294.335,300.000,290.403,99911.833,291.872,100086.088,
2004-06-01 20:45:00,292.722,29.822,293.385,294.270,300.000,290.372,99916.583,291.822,100086.130,
2004-06-01 20:50:00,292.704,29.752,293.356,294.227,300.000,290.340,99921.333,291.774,100086.171,
2004-06-01 20:55:00,292.590,29.450,293.301,294.159,300.000,290.308,99926.083,291.717,100086.216,
2004-06-01 21:00:00,292.555,0.000,293.268,294.115,300.000,290.277,99930.833,291.661,100086.261,
2004-06-01 21:05:00,292.286,0.000,293.177,294.011,300.000,290.169,99936.490,291.439,100086.459,
2004-06-01 21:10:00,292.232,0.000,293.138,293.962,300.000,290.061,99942.147,291.319,100086.619,
2004-06-01 21:15:00,292.152,0.000,293.087,293.901,300.000,289.953,99947.804,291.237,100086.757,
2004-06-01 21:20:00,292.152,0.000,293.056,293.860,300.000,289.846,99953.461,291.163,100086.887,
2004-06-01 21:25:00,292.065,0.000,293.006,293.801,300.000,289.738,99959.118,291.083,100087.020,
2004-06-01 21:30:00,292.077,0.000,292.981,293.767,300.000,289.630,99964.775,291.017,100087.145,
2004-06-01 21:35:00,292.006,0.000,292.937,293.714,300.000,289.522,99970.432,290.949,100087.270,
2004-06-01 21:40:00,292.024,0.000,292.915,293.684,300.000,289.415,99976.089,290.888,100087.391,
2004-06-01 21:45:00,291.952,0.000,292.872,293.634,300.000,289.307,99981.746,290.822,100087.514,
2004-06-01 21:50:00,291.970,0.000,292.852,293.606,300.000,289.199,99987.403,290.763,100087.633,
2004-06-01 21:55:00,291.897,0.000,292.810,293.557,300.000,289.091,99993.060,290.698,100087.755,
2004-06-01 22:00:00,291.914,0.000,292.795,293.531,300.000,288.983,99998.717,290.639,100087.873,
2004-06-01 22:05:00,291.869,0.000,292.766,293.491,300.000,288.934,100000.587,290.620,100087.919,
2004-06-01 22:10:00,291.841,0.000,292.741,293.456,300.000,288.885,100002.458,290.562,100087.977,
2004-06-01 22:15:00,291.674,0.000,292.682,293.385,300.000,288.836,100004.329,290.451,100088.063,
2004-06-01 22:20:00,291.597,0.000,292.646,293.337,300.000,288.787,100006.200,290.350,100088.149,
2004-06-01 22:25:00,291.474,0.000,292.593,293.273,300.000,288.738,100008.071,290.262,100088.229,
2004-06-01 22:30:00,291.450,0.000,292.565,293.234,300.000,288.689,100009.942,290.198,100088.296,
2004-06-01 22:35:00,291.358,0.000,292.521,293.177,300.000,288.640,100011.812,290.133,100088.364,
2004-06-01 22:40:00,291.334,0.000,292.493,293.138,300.000,288.591,100013.683,290.068,100088.430,
2004-06-01 22:45:00,291.224,0.000,292.444,293.077,300.000,288.542,100015.554,289.992,100088.502,
2004-06-01 22:50:00,291.183,0.000,292.412,293.035,300.000,288.493,100017.425,289.917,100088.573,
2004-06-01 22:55:00,291.056,0.000,292.358,292.968,300.000,288.444,100019.296,289.831,100088.649,
2004-06-01 23:00:00,290.994,0.000,292.322,292.929,300.000,288.395,100021.167,289.744,100088.726,
2004-06-01 23:05:00,290.864,0.000,292.268,292.871,300.000,288.395,100021.167,289.674,100088.764,
2004-06-01 23:10:00,290.865,0.000,292.246,292.849,300.000,288.395,100021.167,289.653,100088.776,
2004-06-01 23:15:00,290.812,0.000,292.213,292.815,300.000,288.395,100021.167,289.644,100088.782,
2004-06-01 23:20:00,290.834,0.000,292.198,292.800,300.000,288.395,100021.167,289.638,100088.786,
2004-06-01 23:25:00,290.778,0.000,292.168,292.770,300.000,288.395,100021.167,289.626,100088.792,
2004-06-01 23:30:00,290.806,0.000,292.158,292.762,300.000,288.395,100021.167,289.624,100088.793,
2004-06-01 23:35:00,290.758,0.000,292.132,292.738,300.000,288.395,100021.167,289.618,100088.797,
2004-06-01 23:40:00,290.789,0.000,292.125,292.733,300.000,288.395,100021.167,289.619,100088.797,
2004-06-01 23:45:00,290.744,0.000,292.102,292.713,300.000,288.395,100021.167,289.614,100088.800,
2004-06-01 23:50:00,290.776,0.000,292.098,292.712,300.000,288.395,100021.167,289.615,100088.799,
2004-06-01 23:55:00,290.734,0.000,292.078,292.696,300.000,288.395,100021.167,289.611,100088.802,
