Time,CORE_ZN:SEATTLE ANN HTG 99.6% CONDNS DB:Des Heat Load [W],CORE_ZN:SEATTLE ANN CLG .4% CONDNS WB=>MDB:Des Sens Cool Load [W],CORE_ZN:SEATTLE ANN HTG 99.6% CONDNS DB:Des Heat Mass Flow [kg/s],CORE_ZN:SEATTLE ANN CLG .4% CONDNS WB=>MDB:Des Cool Mass Flow [kg/s],PERIMETER_ZN_1:SEATTLE ANN HTG 99.6% CONDNS DB:Des Heat Load [W],PERIMETER_ZN_1:SEATTLE ANN CLG .4% CONDNS WB=>MDB:Des Sens Cool Load [W],PERIMETER_ZN_1:SEATTLE ANN HTG 99.6% CONDNS DB:Des Heat Mass Flow [kg/s],PERIMETER_ZN_1:SEATTLE ANN CLG .4% CONDNS WB=>MDB:Des Cool Mass Flow [kg/s],PERIMETER_ZN_2:SEATTLE ANN HTG 99.6% CONDNS DB:Des Heat Load [W],PERIMETER_ZN_2:SEATTLE ANN CLG .4% CONDNS WB=>MDB:Des Sens Cool Load [W],PERIMETER_ZN_2:SEATTLE ANN HTG 99.6% CONDNS DB:Des Heat Mass Flow [kg/s],PERIMETER_ZN_2:SEATTLE ANN CLG .4% CONDNS WB=>MDB:Des Cool Mass Flow [kg/s],PERIMETER_ZN_3:SEATTLE ANN HTG 99.6% CONDNS DB:Des Heat Load [W],PERIMETER_ZN_3:SEATTLE ANN CLG .4% CONDNS WB=>MDB:Des Sens Cool Load [W],PERIMETER_ZN_3:SEATTLE ANN HTG 99.6% CONDNS DB:Des Heat Mass Flow [kg/s],PERIMETER_ZN_3:SEATTLE ANN CLG .4% CONDNS WB=>MDB:Des Cool Mass Flow [kg/s],PERIMETER_ZN_4:SEATTLE ANN HTG 99.6% CONDNS DB:Des Heat Load [W],PERIMETER_ZN_4:SEATTLE ANN CLG .4% CONDNS WB=>MDB:Des Sens Cool Load [W],PERIMETER_ZN_4:SEATTLE ANN HTG 99.6% CONDNS DB:Des Heat Mass Flow [kg/s],PERIMETER_ZN_4:SEATTLE ANN CLG .4% CONDNS WB=>MDB:Des Cool Mass Flow [kg/s]
00:05:00,3.701139E+03,0.000000E+00,1.910030E-01,0.000000E+00,1.133589E+04,0.000000E+00,5.848356E-01,0.000000E+00,7.510811E+03,0.000000E+00,3.874765E-01,0.000000E+00,1.115105E+04,0.000000E+00,5.753003E-01,0.000000E+00,7.512975E+03,0.000000E+00,3.875882E-01,0.000000E+00
00:10:00,3.747127E+03,0.000000E+00,1.933762E-01,0.000000E+00,1.137475E+04,0.000000E+00,5.868401E-01,0.000000E+00,7.534364E+03,0.000000E+00,3.886914E-01,0.000000E+00,1.118993E+04,0.000000E+00,5.773058E-01,0.000000E+00,7.536529E+03,0.000000E+00,3.888030E-01,0.000000E+00
00:15:00,3.794092E+03,0.000000E+00,1.957997E-01,0.000000E+00,1.141455E+04,0.000000E+00,5.888927E-01,0.000000E+00,7.558473E+03,0.000000E+00,3.899349E-01,0.000000E+00,1.122974E+04,0.000000E+00,5.793591E-01,0.000000E+00,7.560637E+03,0.000000E+00,3.900465E-01,0.000000E+00
00:20:00,3.841877E+03,0.000000E+00,1.982656E-01,0.000000E+00,1.145505E+04,0.000000E+00,5.909819E-01,0.000000E+00,7.583011E+03,0.000000E+00,3.912006E-01,0.000000E+00,1.127025E+04,0.000000E+00,5.814488E-01,0.000000E+00,7.585175E+03,0.000000E+00,3.913122E-01,0.000000E+00
00:25:00,3.890371E+03,0.000000E+00,2.007680E-01,0.000000E+00,1.149615E+04,0.000000E+00,5.931022E-01,0.000000E+00,7.607917E+03,0.000000E+00,3.924853E-01,0.000000E+00,1.131136E+04,0.000000E+00,5.835696E-01,0.000000E+00,7.610081E+03,0.000000E+00,3.925969E-01,0.000000E+00
00:30:00,3.939491E+03,0.000000E+00,2.033028E-01,0.000000E+00,1.153777E+04,0.000000E+00,5.952491E-01,0.000000E+00,7.633141E+03,0.000000E+00,3.937864E-01,0.000000E+00,1.135299E+04,0.000000E+00,5.857169E-01,0.000000E+00,7.635304E+03,0.000000E+00,3.938980E-01,0.000000E+00
00:35:00,3.962040E+03,0.000000E+00,2.044663E-01,0.000000E+00,1.155793E+04,0.000000E+00,5.962888E-01,0.000000E+00,7.645672E+03,0.000000E+00,3.944327E-01,0.000000E+00,1.137319E+04,0.000000E+00,5.867587E-01,0.000000E+00,7.647835E+03,0.000000E+00,3.945442E-01,0.000000E+00
00:40:00,3.981386E+03,0.000000E+00,2.054647E-01,0.000000E+00,1.157487E+04,0.000000E+00,5.971631E-01,0.000000E+00,7.656282E+03,0.000000E+00,3.949802E-01,0.000000E+00,1.139020E+04,0.000000E+00,5.876362E-01,0.000000E+00,7.658445E+03,0.000000E+00,3.950917E-01,0.000000E+00
00:45:00,3.998928E+03,0.000000E+00,2.063701E-01,0.000000E+00,1.159009E+04,0.000000E+00,5.979485E-01,0.000000E+00,7.665826E+03,0.000000E+00,3.954727E-01,0.000000E+00,1.140548E+04,0.000000E+00,5.884251E-01,0.000000E+00,7.667989E+03,0.000000E+00,3.955842E-01,0.000000E+00
00:50:00,4.014923E+03,0.000000E+00,2.071956E-01,0.000000E+00,1.160391E+04,0.000000E+00,5.986615E-01,0.000000E+00,7.674492E+03,0.000000E+00,3.959199E-01,0.000000E+00,1.141937E+04,0.000000E+00,5.891417E-01,0.000000E+00,7.676655E+03,0.000000E+00,3.960314E-01,0.000000E+00
00:55:00,4.029569E+03,0.000000E+00,2.079515E-01,0.000000E+00,1.161651E+04,0.000000E+00,5.993116E-01,0.000000E+00,7.682392E+03,0.000000E+00,3.963275E-01,0.000000E+00,1.143204E+04,0.000000E+00,5.897954E-01,0.000000E+00,7.684554E+03,0.000000E+00,3.964390E-01,0.000000E+00
01:00:00,4.043028E+03,0.000000E+00,2.086462E-01,0.000000E+00,1.162805E+04,0.000000E+00,5.999072E-01,0.000000E+00,7.689624E+03,0.000000E+00,3.967007E-01,0.000000E+00,1.144365E+04,0.000000E+00,5.903947E-01,0.000000E+00,7.691786E+03,0.000000E+00,3.968122E-01,0.000000E+00
01:05:00,4.061292E+03,0.000000E+00,2.095888E-01,0.000000E+00,1.164321E+04,0.000000E+00,6.006897E-01,0.000000E+00,7.698964E+03,0.000000E+00,3.971825E-01,0.000000E+00,1.145888E+04,0.000000E+00,5.911805E-01,0.000000E+00,7.701125E+03,0.000000E+00,3.972941E-01,0.000000E+00
01:10:00,4.078981E+03,0.000000E+00,2.105017E-01,0.000000E+00,1.165790E+04,0.000000E+00,6.014473E-01,0.000000E+00,7.707986E+03,0.000000E+00,3.976480E-01,0.000000E+00,1.147363E+04,0.000000E+00,5.919412E-01,0.000000E+00,7.710147E+03,0.000000E+00,3.977595E-01,0.000000E+00
01:15:00,4.096053E+03,0.000000E+00,2.113827E-01,0.000000E+00,1.167204E+04,0.000000E+00,6.021769E-01,0.000000E+00,7.716659E+03,0.000000E+00,3.980954E-01,0.000000E+00,1.148783E+04,0.000000E+00,5.926739E-01,0.000000E+00,7.718820E+03,0.000000E+00,3.982069E-01,0.000000E+00
01:20:00,4.112565E+03,0.000000E+00,2.122349E-01,0.000000E+00,1.168569E+04,0.000000E+00,6.028811E-01,0.000000E+00,7.725017E+03,0.000000E+00,3.985266E-01,0.000000E+00,1.150153E+04,0.000000E+00,5.933810E-01,0.000000E+00,7.727177E+03,0.000000E+00,3.986380E-01,0.000000E+00
01:25:00,4.128574E+03,0.000000E+00,2.130611E-01,0.000000E+00,1.169889E+04,0.000000E+00,6.035622E-01,0.000000E+00,7.733087E+03,0.000000E+00,3.989429E-01,0.000000E+00,1.151479E+04,0.000000E+00,5.940648E-01,0.000000E+00,7.735247E+03,0.000000E+00,3.990543E-01,0.000000E+00
01:30:00,4.144077E+03,0.000000E+00,2.138612E-01,0.000000E+00,1.171165E+04,0.000000E+00,6.042206E-01,0.000000E+00,7.740877E+03,0.000000E+00,3.993448E-01,0.000000E+00,1.152760E+04,0.000000E+00,5.947258E-01,0.000000E+00,7.743037E+03,0.000000E+00,3.994562E-01,0.000000E+00
01:35:00,4.153279E+03,0.000000E+00,2.143361E-01,0.000000E+00,1.171947E+04,0.000000E+00,6.046236E-01,0.000000E+00,7.745717E+03,0.000000E+00,3.995944E-01,0.000000E+00,1.153547E+04,0.000000E+00,5.951316E-01,0.000000E+00,7.747877E+03,0.000000E+00,3.997058E-01,0.000000E+00
01:40:00,4.161734E+03,0.000000E+00,2.147725E-01,0.000000E+00,1.172660E+04,0.000000E+00,6.049915E-01,0.000000E+00,7.750133E+03,0.000000E+00,3.998223E-01,0.000000E+00,1.154265E+04,0.000000E+00,5.955021E-01,0.000000E+00,7.752293E+03,0.000000E+00,3.999337E-01,0.000000E+00
01:45:00,4.169628E+03,0.000000E+00,2.151800E-01,0.000000E+00,1.173322E+04,0.000000E+00,6.053333E-01,0.000000E+00,7.754231E+03,0.000000E+00,4.000337E-01,0.000000E+00,1.154932E+04,0.000000E+00,5.958464E-01,0.000000E+00,7.756390E+03,0.000000E+00,4.001451E-01,0.000000E+00
01:50:00,4.177025E+03,0.000000E+00,2.155618E-01,0.000000E+00,1.173940E+04,0.000000E+00,6.056524E-01,0.000000E+00,7.758051E+03,0.000000E+00,4.002309E-01,0.000000E+00,1.155555E+04,0.000000E+00,5.961681E-01,0.000000E+00,7.760210E+03,0.000000E+00,4.003422E-01,0.000000E+00
01:55:00,4.183979E+03,0.000000E+00,2.159207E-01,0.000000E+00,1.174520E+04,0.000000E+00,6.059513E-01,0.000000E+00,7.761622E+03,0.000000E+00,4.004151E-01,0.000000E+00,1.156139E+04,0.000000E+00,5.964694E-01,0.000000E+00,7.763781E+03,0.000000E+00,4.005265E-01,0.000000E+00
02:00:00,4.190588E+03,0.000000E+00,2.162618E-01,0.000000E+00,1.175068E+04,0.000000E+00,6.062341E-01,0.000000E+00,7.764994E+03,0.000000E+00,4.005891E-01,0.000000E+00,1.156692E+04,0.000000E+00,5.967544E-01,0.000000E+00,7.767152E+03,0.000000E+00,4.007004E-01,0.000000E+00
02:05:00,4.199792E+03,0.000000E+00,2.167369E-01,0.000000E+00,1.175813E+04,0.000000E+00,6.066188E-01,0.000000E+00,7.769523E+03,0.000000E+00,4.008227E-01,0.000000E+00,1.157441E+04,0.000000E+00,5.971413E-01,0.000000E+00,7.771681E+03,0.000000E+00,4.009341E-01,0.000000E+00
02:10:00,4.208872E+03,0.000000E+00,2.172055E-01,0.000000E+00,1.176549E+04,0.000000E+00,6.069982E-01,0.000000E+00,7.773982E+03,0.000000E+00,4.010528E-01,0.000000E+00,1.158181E+04,0.000000E+00,5.975227E-01,0.000000E+00,7.776140E+03,0.000000E+00,4.011641E-01,0.000000E+00
02:15:00,4.217781E+03,0.000000E+00,2.176653E-01,0.000000E+00,1.177269E+04,0.000000E+00,6.073699E-01,0.000000E+00,7.778343E+03,0.000000E+00,4.012777E-01,0.000000E+00,1.158905E+04,0.000000E+00,5.978963E-01,0.000000E+00,7.780501E+03,0.000000E+00,4.013891E-01,0.000000E+00
02:20:00,4.226527E+03,0.000000E+00,2.181167E-01,0.000000E+00,1.177975E+04,0.000000E+00,6.077340E-01,0.000000E+00,7.782611E+03,0.000000E+00,4.014979E-01,0.000000E+00,1.159614E+04,0.000000E+00,5.982622E-01,0.000000E+00,7.784769E+03,0.000000E+00,4.016092E-01,0.000000E+00
02:25:00,4.235120E+03,0.000000E+00,2.185602E-01,0.000000E+00,1.178667E+04,0.000000E+00,6.080909E-01,0.000000E+00,7.786790E+03,0.000000E+00,4.017134E-01,0.000000E+00,1.160309E+04,0.000000E+00,5.986208E-01,0.000000E+00,7.788947E+03,0.000000E+00,4.018247E-01,0.000000E+00
02:30:00,4.243570E+03,0.000000E+00,2.189963E-01,0.000000E+00,1.179346E+04,0.000000E+00,6.084412E-01,0.000000E+00,7.790886E+03,0.000000E+00,4.019247E-01,0.000000E+00,1.160992E+04,0.000000E+00,5.989727E-01,0.000000E+00,7.793043E+03,0.000000E+00,4.020360E-01,0.000000E+00
02:35:00,4.248968E+03,0.000000E+00,2.192749E-01,0.000000E+00,1.179786E+04,0.000000E+00,6.086681E-01,0.000000E+00,7.793560E+03,0.000000E+00,4.020627E-01,0.000000E+00,1.161435E+04,0.000000E+00,5.992013E-01,0.000000E+00,7.795717E+03,0.000000E+00,4.021740E-01,0.000000E+00
02:40:00,4.254063E+03,0.000000E+00,2.195378E-01,0.000000E+00,1.180197E+04,0.000000E+00,6.088804E-01,0.000000E+00,7.796061E+03,0.000000E+00,4.021917E-01,0.000000E+00,1.161849E+04,0.000000E+00,5.994152E-01,0.000000E+00,7.798218E+03,0.000000E+00,4.023030E-01,0.000000E+00
02:45:00,4.258932E+03,0.000000E+00,2.197892E-01,0.000000E+00,1.180588E+04,0.000000E+00,6.090821E-01,0.000000E+00,7.798433E+03,0.000000E+00,4.023141E-01,0.000000E+00,1.162243E+04,0.000000E+00,5.996186E-01,0.000000E+00,7.800590E+03,0.000000E+00,4.024254E-01,0.000000E+00
02:50:00,4.263600E+03,0.000000E+00,2.200301E-01,0.000000E+00,1.180961E+04,0.000000E+00,6.092746E-01,0.000000E+00,7.800693E+03,0.000000E+00,4.024307E-01,0.000000E+00,1.162619E+04,0.000000E+00,5.998126E-01,0.000000E+00,7.802850E+03,0.000000E+00,4.025420E-01,0.000000E+00
02:55:00,4.268086E+03,0.000000E+00,2.202616E-01,0.000000E+00,1.181318E+04,0.000000E+00,6.094586E-01,0.000000E+00,7.802851E+03,0.000000E+00,4.025420E-01,0.000000E+00,1.162979E+04,0.000000E+00,5.999981E-01,0.000000E+00,7.805007E+03,0.000000E+00,4.026533E-01,0.000000E+00
03:00:00,4.272403E+03,0.000000E+00,2.204845E-01,0.000000E+00,1.181660E+04,0.000000E+00,6.096350E-01,0.000000E+00,7.804916E+03,0.000000E+00,4.026486E-01,0.000000E+00,1.163324E+04,0.000000E+00,6.001759E-01,0.000000E+00,7.807072E+03,0.000000E+00,4.027598E-01,0.000000E+00
03:05:00,4.278027E+03,0.000000E+00,2.207747E-01,0.000000E+00,1.182101E+04,0.000000E+00,6.098629E-01,0.000000E+00,7.807567E+03,0.000000E+00,4.027853E-01,0.000000E+00,1.163768E+04,0.000000E+00,6.004052E-01,0.000000E+00,7.809723E+03,0.000000E+00,4.028966E-01,0.000000E+00
03:10:00,4.283599E+03,0.000000E+00,2.210623E-01,0.000000E+00,1.182539E+04,0.000000E+00,6.100887E-01,0.000000E+00,7.810190E+03,0.000000E+00,4.029207E-01,0.000000E+00,1.164208E+04,0.000000E+00,6.006323E-01,0.000000E+00,7.812346E+03,0.000000E+00,4.030319E-01,0.000000E+00
03:15:00,4.289094E+03,0.000000E+00,2.213459E-01,0.000000E+00,1.182970E+04,0.000000E+00,6.103111E-01,0.000000E+00,7.812771E+03,0.000000E+00,4.030538E-01,0.000000E+00,1.164641E+04,0.000000E+00,6.008558E-01,0.000000E+00,7.814927E+03,0.000000E+00,4.031650E-01,0.000000E+00
03:20:00,4.294513E+03,0.000000E+00,2.216255E-01,0.000000E+00,1.183395E+04,0.000000E+00,6.105300E-01,0.000000E+00,7.815310E+03,0.000000E+00,4.031848E-01,0.000000E+00,1.165068E+04,0.000000E+00,6.010759E-01,0.000000E+00,7.817466E+03,0.000000E+00,4.032960E-01,0.000000E+00
03:25:00,4.299860E+03,0.000000E+00,2.219015E-01,0.000000E+00,1.183812E+04,0.000000E+00,6.107455E-01,0.000000E+00,7.817808E+03,0.000000E+00,4.033136E-01,0.000000E+00,1.165488E+04,0.000000E+00,6.012925E-01,0.000000E+00,7.819964E+03,0.000000E+00,4.034248E-01,0.000000E+00
03:30:00,4.305136E+03,0.000000E+00,2.221738E-01,0.000000E+00,1.184224E+04,0.000000E+00,6.109578E-01,0.000000E+00,7.820267E+03,0.000000E+00,4.034405E-01,0.000000E+00,1.165902E+04,0.000000E+00,6.015059E-01,0.000000E+00,7.822423E+03,0.000000E+00,4.035517E-01,0.000000E+00
03:35:00,4.308885E+03,0.000000E+00,2.223673E-01,0.000000E+00,1.184516E+04,0.000000E+00,6.111085E-01,0.000000E+00,7.822017E+03,0.000000E+00,4.035307E-01,0.000000E+00,1.166196E+04,0.000000E+00,6.016577E-01,0.000000E+00,7.824172E+03,0.000000E+00,4.036419E-01,0.000000E+00
03:40:00,4.312480E+03,0.000000E+00,2.225528E-01,0.000000E+00,1.184794E+04,0.000000E+00,6.112519E-01,0.000000E+00,7.823680E+03,0.000000E+00,4.036166E-01,0.000000E+00,1.166476E+04,0.000000E+00,6.018022E-01,0.000000E+00,7.825835E+03,0.000000E+00,4.037277E-01,0.000000E+00
03:45:00,4.315959E+03,0.000000E+00,2.227324E-01,0.000000E+00,1.185061E+04,0.000000E+00,6.113899E-01,0.000000E+00,7.825279E+03,0.000000E+00,4.036991E-01,0.000000E+00,1.166745E+04,0.000000E+00,6.019412E-01,0.000000E+00,7.827434E+03,0.000000E+00,4.038102E-01,0.000000E+00
03:50:00,4.319333E+03,0.000000E+00,2.229065E-01,0.000000E+00,1.185320E+04,0.000000E+00,6.115232E-01,0.000000E+00,7.826821E+03,0.000000E+00,4.037786E-01,0.000000E+00,1.167006E+04,0.000000E+00,6.020755E-01,0.000000E+00,7.828976E+03,0.000000E+00,4.038898E-01,0.000000E+00
03:55:00,4.322610E+03,0.000000E+00,2.230756E-01,0.000000E+00,1.185570E+04,0.000000E+00,6.116521E-01,0.000000E+00,7.828311E+03,0.000000E+00,4.038555E-01,0.000000E+00,1.167257E+04,0.000000E+00,6.022054E-01,0.000000E+00,7.830466E+03,0.000000E+00,4.039666E-01,0.000000E+00
04:00:00,4.325797E+03,0.000000E+00,2.232401E-01,0.000000E+00,1.185812E+04,0.000000E+00,6.117770E-01,0.000000E+00,7.829752E+03,0.000000E+00,4.039298E-01,0.000000E+00,1.167501E+04,0.000000E+00,6.023313E-01,0.000000E+00,7.831907E+03,0.000000E+00,4.040410E-01,0.000000E+00
04:05:00,4.318117E+03,0.000000E+00,2.228438E-01,0.000000E+00,1.185123E+04,0.000000E+00,6.114217E-01,0.000000E+00,7.825698E+03,0.000000E+00,4.037207E-01,0.000000E+00,1.166817E+04,0.000000E+00,6.019782E-01,0.000000E+00,7.827853E+03,0.000000E+00,4.038318E-01,0.000000E+00
04:10:00,4.306942E+03,0.000000E+00,2.222672E-01,0.000000E+00,1.184100E+04,0.000000E+00,6.108943E-01,0.000000E+00,7.819640E+03,0.000000E+00,4.034083E-01,0.000000E+00,1.165801E+04,0.000000E+00,6.014540E-01,0.000000E+00,7.821795E+03,0.000000E+00,4.035195E-01,0.000000E+00
04:15:00,4.293661E+03,0.000000E+00,2.215819E-01,0.000000E+00,1.182887E+04,0.000000E+00,6.102683E-01,0.000000E+00,7.812400E+03,0.000000E+00,4.030349E-01,0.000000E+00,1.164593E+04,0.000000E+00,6.008315E-01,0.000000E+00,7.814555E+03,0.000000E+00,4.031461E-01,0.000000E+00
04:20:00,4.278545E+03,0.000000E+00,2.208019E-01,0.000000E+00,1.181513E+04,0.000000E+00,6.095599E-01,0.000000E+00,7.804164E+03,0.000000E+00,4.026101E-01,0.000000E+00,1.163227E+04,0.000000E+00,6.001265E-01,0.000000E+00,7.806319E+03,0.000000E+00,4.027213E-01,0.000000E+00
04:25:00,4.261803E+03,0.000000E+00,2.199380E-01,0.000000E+00,1.179998E+04,0.000000E+00,6.087786E-01,0.000000E+00,7.795042E+03,0.000000E+00,4.021397E-01,0.000000E+00,1.161718E+04,0.000000E+00,5.993486E-01,0.000000E+00,7.797197E+03,0.000000E+00,4.022508E-01,0.000000E+00
04:30:00,4.243615E+03,0.000000E+00,2.189995E-01,0.000000E+00,1.178359E+04,0.000000E+00,6.079333E-01,0.000000E+00,7.785140E+03,0.000000E+00,4.016290E-01,0.000000E+00,1.160086E+04,0.000000E+00,5.985066E-01,0.000000E+00,7.787295E+03,0.000000E+00,4.017402E-01,0.000000E+00
04:35:00,4.234918E+03,0.000000E+00,2.185508E-01,0.000000E+00,1.177533E+04,0.000000E+00,6.075071E-01,0.000000E+00,7.779989E+03,0.000000E+00,4.013633E-01,0.000000E+00,1.159263E+04,0.000000E+00,5.980823E-01,0.000000E+00,7.782144E+03,0.000000E+00,4.014745E-01,0.000000E+00
04:40:00,4.228478E+03,0.000000E+00,2.182185E-01,0.000000E+00,1.176935E+04,0.000000E+00,6.071984E-01,0.000000E+00,7.776177E+03,0.000000E+00,4.011667E-01,0.000000E+00,1.158666E+04,0.000000E+00,5.977743E-01,0.000000E+00,7.778331E+03,0.000000E+00,4.012778E-01,0.000000E+00
04:45:00,4.223024E+03,0.000000E+00,2.179371E-01,0.000000E+00,1.176432E+04,0.000000E+00,6.069389E-01,0.000000E+00,7.772943E+03,0.000000E+00,4.009998E-01,0.000000E+00,1.158164E+04,0.000000E+00,5.975152E-01,0.000000E+00,7.775097E+03,0.000000E+00,4.011109E-01,0.000000E+00
04:50:00,4.218389E+03,0.000000E+00,2.176979E-01,0.000000E+00,1.176002E+04,0.000000E+00,6.067173E-01,0.000000E+00,7.770163E+03,0.000000E+00,4.008563E-01,0.000000E+00,1.157735E+04,0.000000E+00,5.972938E-01,0.000000E+00,7.772317E+03,0.000000E+00,4.009675E-01,0.000000E+00
04:55:00,4.214455E+03,0.000000E+00,2.174949E-01,0.000000E+00,1.175635E+04,0.000000E+00,6.065279E-01,0.000000E+00,7.767772E+03,0.000000E+00,4.007329E-01,0.000000E+00,1.157368E+04,0.000000E+00,5.971044E-01,0.000000E+00,7.769926E+03,0.000000E+00,4.008441E-01,0.000000E+00
05:00:00,4.211172E+03,0.000000E+00,2.173255E-01,0.000000E+00,1.175326E+04,0.000000E+00,6.063681E-01,0.000000E+00,7.765742E+03,0.000000E+00,4.006282E-01,0.000000E+00,1.157058E+04,0.000000E+00,5.969446E-01,0.000000E+00,7.767896E+03,0.000000E+00,4.007394E-01,0.000000E+00
05:05:00,4.182496E+03,0.000000E+00,2.158456E-01,0.000000E+00,1.172853E+04,0.000000E+00,6.050923E-01,0.000000E+00,7.750948E+03,0.000000E+00,3.998650E-01,0.000000E+00,1.154592E+04,0.000000E+00,5.956720E-01,0.000000E+00,7.753102E+03,0.000000E+00,3.999761E-01,0.000000E+00
05:10:00,4.148024E+03,0.000000E+00,2.140668E-01,0.000000E+00,1.169850E+04,0.000000E+00,6.035437E-01,0.000000E+00,7.732985E+03,0.000000E+00,3.989386E-01,0.000000E+00,1.151598E+04,0.000000E+00,5.941278E-01,0.000000E+00,7.735140E+03,0.000000E+00,3.990497E-01,0.000000E+00
05:15:00,4.110123E+03,0.000000E+00,2.121110E-01,0.000000E+00,1.166535E+04,0.000000E+00,6.018338E-01,0.000000E+00,7.713093E+03,0.000000E+00,3.979127E-01,0.000000E+00,1.148292E+04,0.000000E+00,5.924225E-01,0.000000E+00,7.715249E+03,0.000000E+00,3.980238E-01,0.000000E+00
05:20:00,4.069283E+03,0.000000E+00,2.100036E-01,0.000000E+00,1.162962E+04,0.000000E+00,5.999905E-01,0.000000E+00,7.691590E+03,0.000000E+00,3.968036E-01,0.000000E+00,1.144727E+04,0.000000E+00,5.905840E-01,0.000000E+00,7.693746E+03,0.000000E+00,3.969148E-01,0.000000E+00
05:25:00,4.025878E+03,0.000000E+00,2.077638E-01,0.000000E+00,1.159162E+04,0.000000E+00,5.980305E-01,0.000000E+00,7.668670E+03,0.000000E+00,3.956214E-01,0.000000E+00,1.140936E+04,0.000000E+00,5.886286E-01,0.000000E+00,7.670826E+03,0.000000E+00,3.957326E-01,0.000000E+00
05:30:00,3.980156E+03,0.000000E+00,2.054045E-01,0.000000E+00,1.155160E+04,0.000000E+00,5.959662E-01,0.000000E+00,7.644478E+03,0.000000E+00,3.943736E-01,0.000000E+00,1.136943E+04,0.000000E+00,5.865689E-01,0.000000E+00,7.646634E+03,0.000000E+00,3.944848E-01,0.000000E+00
05:35:00,3.958329E+03,0.000000E+00,2.042783E-01,0.000000E+00,1.153190E+04,0.000000E+00,5.949503E-01,0.000000E+00,7.632228E+03,0.000000E+00,3.937419E-01,0.000000E+00,1.134975E+04,0.000000E+00,5.855539E-01,0.000000E+00,7.634383E+03,0.000000E+00,3.938530E-01,0.000000E+00
05:40:00,3.940945E+03,0.000000E+00,2.033812E-01,0.000000E+00,1.151632E+04,0.000000E+00,5.941467E-01,0.000000E+00,7.622407E+03,0.000000E+00,3.932352E-01,0.000000E+00,1.133417E+04,0.000000E+00,5.847500E-01,0.000000E+00,7.624562E+03,0.000000E+00,3.933463E-01,0.000000E+00
05:45:00,3.925758E+03,0.000000E+00,2.025975E-01,0.000000E+00,1.150280E+04,0.000000E+00,5.934490E-01,0.000000E+00,7.613842E+03,0.000000E+00,3.927932E-01,0.000000E+00,1.132063E+04,0.000000E+00,5.840514E-01,0.000000E+00,7.615997E+03,0.000000E+00,3.929044E-01,0.000000E+00
05:50:00,3.912386E+03,0.000000E+00,2.019074E-01,0.000000E+00,1.149090E+04,0.000000E+00,5.928347E-01,0.000000E+00,7.606279E+03,0.000000E+00,3.924030E-01,0.000000E+00,1.130871E+04,0.000000E+00,5.834359E-01,0.000000E+00,7.608434E+03,0.000000E+00,3.925141E-01,0.000000E+00
05:55:00,3.900608E+03,0.000000E+00,2.012996E-01,0.000000E+00,1.148041E+04,0.000000E+00,5.922933E-01,0.000000E+00,7.599601E+03,0.000000E+00,3.920584E-01,0.000000E+00,1.129819E+04,0.000000E+00,5.828932E-01,0.000000E+00,7.601756E+03,0.000000E+00,3.921695E-01,0.000000E+00
06:00:00,3.890185E+03,0.000000E+00,2.007617E-01,0.000000E+00,1.147110E+04,0.000000E+00,5.918131E-01,0.000000E+00,7.593671E+03,0.000000E+00,3.917524E-01,0.000000E+00,1.128886E+04,0.000000E+00,5.824116E-01,0.000000E+00,7.595826E+03,0.000000E+00,3.918635E-01,0.000000E+00
06:05:00,3.456768E+03,2.055890E+02,1.783943E-01,1.997036E-02,1.059993E+04,0.000000E+00,5.468676E-01,0.000000E+00,7.014326E+03,0.000000E+00,3.618643E-01,0.000000E+00,1.041767E+04,0.000000E+00,5.374655E-01,0.000000E+00,7.016481E+03,0.000000E+00,3.619755E-01,0.000000E+00
06:10:00,3.021328E+03,3.421316E+02,1.559234E-01,3.334924E-02,9.726327E+03,0.000000E+00,5.018069E-01,0.000000E+00,6.433529E+03,1.368536E+02,3.319084E-01,1.352281E-02,9.544054E+03,0.000000E+00,4.924037E-01,0.000000E+00,6.435684E+03,0.000000E+00,3.320196E-01,0.000000E+00
06:15:00,2.585353E+03,4.823604E+02,1.334249E-01,4.709012E-02,8.851976E+03,0.000000E+00,4.567087E-01,0.000000E+00,5.852263E+03,3.346943E+02,3.019294E-01,3.291392E-02,8.669697E+03,0.000000E+00,4.473050E-01,0.000000E+00,5.854420E+03,0.000000E+00,3.020406E-01,0.000000E+00
06:20:00,2.148949E+03,6.275397E+02,1.109042E-01,6.131613E-02,7.977086E+03,0.000000E+00,4.115837E-01,0.000000E+00,5.270659E+03,5.773838E+02,2.719336E-01,5.669812E-02,7.794808E+03,0.000000E+00,4.021795E-01,0.000000E+00,5.272816E+03,0.000000E+00,2.720448E-01,0.000000E+00
06:25:00,1.712114E+03,7.780517E+02,8.836142E-02,7.606472E-02,7.101690E+03,0.000000E+00,3.664331E-01,0.000000E+00,4.688735E+03,8.659561E+02,2.419218E-01,8.497982E-02,6.919415E+03,0.000000E+00,3.570288E-01,0.000000E+00,4.690892E+03,0.000000E+00,2.420331E-01,0.000000E+00
06:30:00,1.274909E+03,9.345005E+02,6.579946E-02,9.139510E-02,6.225861E+03,0.000000E+00,3.212609E-01,0.000000E+00,4.106536E+03,1.202045E+03,2.118963E-01,1.179193E-01,6.043594E+03,0.000000E+00,3.118566E-01,0.000000E+00,4.108693E+03,0.000000E+00,2.120076E-01,0.000000E+00
06:35:00,1.261593E+03,8.911781E+02,6.511327E-02,8.732477E-02,6.212596E+03,1.166028E+01,3.205904E-01,1.144644E-03,4.098190E+03,1.585545E+03,2.114759E-01,1.555037E-01,6.030322E+03,0.000000E+00,3.111852E-01,0.000000E+00,4.100347E+03,0.000000E+00,2.115872E-01,0.000000E+00
06:40:00,1.251054E+03,9.235569E+02,6.456943E-02,9.049754E-02,6.202329E+03,6.067986E+01,3.200652E-01,5.949861E-03,4.091662E+03,1.879467E+03,2.111426E-01,1.841949E-01,6.020054E+03,0.000000E+00,3.106597E-01,0.000000E+00,4.093818E+03,2.019146E+00,2.112539E-01,1.983342E-04
06:45:00,1.241682E+03,9.586968E+02,6.408579E-02,9.394006E-02,6.193300E+03,1.201860E+02,3.196030E-01,1.178028E-02,4.085912E+03,2.158029E+03,2.108486E-01,2.114887E-01,6.011016E+03,0.000000E+00,3.101968E-01,0.000000E+00,4.088068E+03,2.314671E+01,2.109599E-01,2.269704E-03
06:50:00,1.233278E+03,9.953085E+02,6.365206E-02,9.752677E-02,6.185217E+03,1.900609E+02,3.191890E-01,1.862667E-02,4.080764E+03,2.435737E+03,2.105853E-01,2.387003E-01,6.002921E+03,1.051949E+01,3.097820E-01,1.031608E-03,4.082919E+03,4.888110E+01,2.106965E-01,4.791148E-03
06:55:00,1.225706E+03,1.032912E+03,6.326135E-02,1.012106E-01,6.177951E+03,2.700403E+02,3.188168E-01,2.646314E-02,4.076136E+03,2.709398E+03,2.103485E-01,2.655136E-01,5.995638E+03,4.622491E+01,3.094087E-01,4.530777E-03,4.078292E+03,7.930157E+01,2.104597E-01,7.771740E-03
07:00:00,1.218861E+03,1.070749E+03,6.290810E-02,1.049173E-01,6.171388E+03,3.598592E+02,3.184805E-01,3.526373E-02,4.071959E+03,2.975800E+03,2.101346E-01,2.916136E-01,5.989056E+03,8.990121E+01,3.090713E-01,8.810162E-03,4.074115E+03,1.142893E+02,2.102459E-01,1.119984E-02
07:05:00,1.212655E+03,1.111199E+03,6.258783E-02,1.088804E-01,6.165678E+03,4.511112E+02,3.181879E-01,4.420264E-02,4.068313E+03,3.235257E+03,2.099479E-01,3.170334E-01,5.983320E+03,1.444037E+02,3.087773E-01,1.415031E-02,4.070469E+03,1.556624E+02,2.100592E-01,1.525360E-02
07:10:00,1.207670E+03,1.150729E+03,6.233063E-02,1.127539E-01,6.161167E+03,5.162469E+02,3.179570E-01,5.058264E-02,4.065411E+03,3.484798E+03,2.097994E-01,3.414838E-01,5.978779E+03,2.075788E+02,3.085446E-01,2.034024E-02,4.067567E+03,2.001858E+02,2.099107E-01,1.961555E-02
07:15:00,1.203621E+03,1.189507E+03,6.212166E-02,1.165536E-01,6.157549E+03,5.832518E+02,3.177718E-01,5.714813E-02,4.063073E+03,3.724258E+03,2.096798E-01,3.649457E-01,5.975130E+03,2.795349E+02,3.083577E-01,2.739056E-02,4.065228E+03,2.307696E+02,2.097911E-01,2.261093E-02
07:20:00,1.200380E+03,1.227377E+03,6.195444E-02,1.202644E-01,6.154691E+03,6.527105E+02,3.176256E-01,6.395411E-02,4.061216E+03,3.953185E+03,2.095849E-01,3.873748E-01,5.972239E+03,3.499239E+02,3.082098E-01,3.428647E-02,4.063372E+03,2.618301E+02,2.096961E-01,2.565435E-02
07:25:00,1.197853E+03,1.264258E+03,6.182404E-02,1.238783E-01,6.152507E+03,7.255894E+02,3.175140E-01,7.109528E-02,4.059789E+03,4.171797E+03,2.095119E-01,4.087929E-01,5.970023E+03,4.040565E+02,3.080965E-01,3.958977E-02,4.061944E+03,2.932184E+02,2.096232E-01,2.872990E-02
07:30:00,1.195960E+03,1.300130E+03,6.172638E-02,1.273932E-01,6.150918E+03,8.027152E+02,3.174328E-01,7.865264E-02,4.058740E+03,4.379604E+03,2.094584E-01,4.291518E-01,5.968401E+03,4.590341E+02,3.080137E-01,4.497669E-02,4.060895E+03,3.249583E+02,2.095696E-01,3.183993E-02
07:35:00,1.194575E+03,1.332566E+03,6.165491E-02,1.305716E-01,6.149583E+03,8.808918E+02,3.173647E-01,8.631302E-02,4.057869E+03,4.574495E+03,2.094139E-01,4.482452E-01,5.967040E+03,5.118616E+02,3.079442E-01,5.015297E-02,4.060025E+03,3.550860E+02,2.095252E-01,3.479200E-02
07:40:00,1.192998E+03,1.364107E+03,6.157353E-02,1.336621E-01,6.148035E+03,9.638581E+02,3.172855E-01,9.444277E-02,4.056886E+03,4.757561E+03,2.093636E-01,4.661799E-01,5.965470E+03,5.645070E+02,3.078637E-01,5.531144E-02,4.059042E+03,3.847819E+02,2.094749E-01,3.770178E-02
07:45:00,1.191418E+03,1.394645E+03,6.149201E-02,1.366544E-01,6.146489E+03,1.051998E+03,3.172063E-01,1.030796E-01,4.055914E+03,4.928782E+03,2.093138E-01,4.829542E-01,5.963904E+03,6.166617E+02,3.077835E-01,6.042186E-02,4.058070E+03,4.141222E+02,2.094250E-01,4.057673E-02
07:50:00,1.189864E+03,1.424221E+03,6.141186E-02,1.395523E-01,6.144980E+03,1.146119E+03,3.171289E-01,1.123024E-01,4.054969E+03,5.088302E+03,2.092653E-01,4.985823E-01,5.962375E+03,6.679040E+02,3.077051E-01,6.544290E-02,4.057125E+03,4.432009E+02,2.093766E-01,4.342604E-02
07:55:00,1.188347E+03,1.452882E+03,6.133360E-02,1.423607E-01,6.143517E+03,1.246518E+03,3.170537E-01,1.221405E-01,4.054057E+03,5.236306E+03,2.092184E-01,5.130822E-01,5.960894E+03,7.179612E+02,3.076290E-01,7.034784E-02,4.056213E+03,4.720988E+02,2.093297E-01,4.625766E-02
08:00:00,1.186871E+03,1.480675E+03,6.125742E-02,1.450839E-01,6.142101E+03,1.354305E+03,3.169811E-01,1.327026E-01,4.053177E+03,5.373005E+03,2.091733E-01,5.264747E-01,5.959461E+03,7.664331E+02,3.075554E-01,7.509746E-02,4.055333E+03,5.009082E+02,2.092845E-01,4.908061E-02
08:05:00,1.240272E+03,1.460624E+03,6.401360E-02,1.431190E-01,6.185345E+03,1.434941E+03,3.192131E-01,1.406042E-01,4.078741E+03,5.474354E+03,2.104927E-01,5.364035E-01,6.002608E+03,7.786367E+02,3.097825E-01,7.629329E-02,4.080897E+03,5.087647E+02,2.106040E-01,4.985046E-02
08:10:00,1.300690E+03,1.434545E+03,6.713184E-02,1.405634E-01,6.235035E+03,1.520966E+03,3.217775E-01,1.490336E-01,4.108177E+03,5.556845E+03,2.120118E-01,5.444845E-01,6.052176E+03,7.875693E+02,3.123406E-01,7.716851E-02,4.110333E+03,5.154383E+02,2.121231E-01,5.050435E-02
08:15:00,1.365394E+03,1.404319E+03,7.047130E-02,1.376013E-01,6.288689E+03,1.613128E+03,3.245463E-01,1.580644E-01,4.140066E+03,5.625537E+03,2.136574E-01,5.512133E-01,6.105700E+03,7.938080E+02,3.151027E-01,7.777977E-02,4.142221E+03,5.211567E+02,2.137686E-01,5.106464E-02
08:20:00,1.433816E+03,1.370293E+03,7.400257E-02,1.342668E-01,6.345655E+03,1.711453E+03,3.274860E-01,1.676991E-01,4.174025E+03,5.681830E+03,2.154097E-01,5.567273E-01,6.162534E+03,7.977704E+02,3.180355E-01,7.816796E-02,4.176180E+03,5.260522E+02,2.155210E-01,5.154428E-02
08:25:00,1.505509E+03,1.332746E+03,7.770272E-02,1.305874E-01,6.405536E+03,1.816176E+03,3.305759E-01,1.779607E-01,4.209814E+03,5.726372E+03,2.172564E-01,5.610899E-01,6.222284E+03,7.999843E+02,3.211187E-01,7.838480E-02,4.211969E+03,5.303080E+02,2.173676E-01,5.196123E-02
08:30:00,1.580109E+03,1.291924E+03,8.155291E-02,1.265870E-01,6.467969E+03,1.926788E+03,3.337975E-01,1.887993E-01,4.247209E+03,5.759794E+03,2.191859E-01,5.643629E-01,6.284589E+03,8.011402E+02,3.243337E-01,7.849796E-02,4.249364E+03,5.341023E+02,2.192972E-01,5.233295E-02
08:35:00,1.602472E+03,1.295073E+03,8.270694E-02,1.268952E-01,6.488080E+03,2.078734E+03,3.348348E-01,2.036881E-01,4.259636E+03,5.806965E+03,2.198269E-01,5.689833E-01,6.304658E+03,8.361856E+02,3.253689E-01,8.193180E-02,4.261792E+03,5.585885E+02,2.199381E-01,5.473219E-02
08:40:00,1.620189E+03,1.300638E+03,8.362134E-02,1.274403E-01,6.503823E+03,2.238491E+03,3.356469E-01,2.193425E-01,4.269505E+03,5.852324E+03,2.203359E-01,5.734268E-01,6.320388E+03,8.724041E+02,3.261804E-01,8.548068E-02,4.271661E+03,5.841714E+02,2.204471E-01,5.723893E-02
08:45:00,1.635760E+03,1.307028E+03,8.442496E-02,1.280663E-01,6.517486E+03,2.404503E+03,3.363517E-01,2.356097E-01,4.278110E+03,5.891010E+03,2.207798E-01,5.772165E-01,6.334054E+03,9.094794E+02,3.268853E-01,8.911351E-02,4.280267E+03,6.106632E+02,2.208910E-01,5.983475E-02
08:50:00,1.649551E+03,1.314203E+03,8.513670E-02,1.287692E-01,6.529523E+03,2.576078E+03,3.369727E-01,2.524219E-01,4.285712E+03,5.922501E+03,2.211719E-01,5.803014E-01,6.346102E+03,9.472836E+02,3.275069E-01,9.281776E-02,4.287868E+03,6.380369E+02,2.212832E-01,6.251697E-02
08:55:00,1.661827E+03,1.322179E+03,8.577028E-02,1.295507E-01,6.540186E+03,2.752442E+03,3.375228E-01,2.697032E-01,4.292458E+03,5.946811E+03,2.215199E-01,5.826830E-01,6.356782E+03,9.855991E+02,3.280579E-01,9.657210E-02,4.294614E+03,6.661919E+02,2.216311E-01,6.527575E-02
09:00:00,1.672743E+03,1.330984E+03,8.633369E-02,1.304133E-01,6.549646E+03,2.932870E+03,3.380109E-01,2.873826E-01,4.298448E+03,5.963986E+03,2.218289E-01,5.843655E-01,6.366262E+03,1.024248E+03,3.285470E-01,1.003591E-01,4.300605E+03,6.950459E+02,2.219402E-01,6.810302E-02
09:05:00,1.697045E+03,1.328340E+03,8.758796E-02,1.301541E-01,6.569676E+03,3.106290E+03,3.390444E-01,3.043751E-01,4.310659E+03,5.967391E+03,2.224590E-01,5.846988E-01,6.386301E+03,1.053503E+03,3.295810E-01,1.032257E-01,4.312815E+03,7.187688E+02,2.225702E-01,7.042750E-02
09:10:00,1.722097E+03,1.325188E+03,8.888091E-02,1.298451E-01,6.590505E+03,3.280757E+03,3.401192E-01,3.214700E-01,4.323320E+03,5.962281E+03,2.231122E-01,5.841978E-01,6.407133E+03,1.081542E+03,3.306559E-01,1.059730E-01,4.325476E+03,7.422281E+02,2.232235E-01,7.272614E-02
09:15:00,1.747340E+03,1.321935E+03,9.018368E-02,1.295261E-01,6.611537E+03,3.456396E+03,3.412043E-01,3.386793E-01,4.336094E+03,5.949669E+03,2.237713E-01,5.829616E-01,6.428165E+03,1.108609E+03,3.317411E-01,1.086251E-01,4.338249E+03,7.655763E+02,2.238825E-01,7.501388E-02
09:20:00,1.772727E+03,1.318571E+03,9.149390E-02,1.291964E-01,6.632700E+03,3.634897E+03,3.422963E-01,3.561691E-01,4.348941E+03,5.929565E+03,2.244341E-01,5.809913E-01,6.449329E+03,1.134661E+03,3.328331E-01,1.111777E-01,4.351096E+03,7.887888E+02,2.245454E-01,7.728832E-02
09:25:00,1.798237E+03,1.315073E+03,9.281047E-02,1.288535E-01,6.653972E+03,3.815778E+03,3.433938E-01,3.738918E-01,4.361851E+03,5.902089E+03,2.251002E-01,5.782986E-01,6.470601E+03,1.159641E+03,3.339307E-01,1.136253E-01,4.364006E+03,8.118349E+02,2.252114E-01,7.954644E-02
09:30:00,1.823853E+03,1.311429E+03,9.413254E-02,1.284963E-01,6.675335E+03,3.998747E+03,3.444961E-01,3.918190E-01,4.374813E+03,5.867391E+03,2.257690E-01,5.748984E-01,6.491965E+03,1.183470E+03,3.350330E-01,1.159601E-01,4.376968E+03,8.346816E+02,2.258802E-01,8.178501E-02
09:35:00,1.835012E+03,1.319928E+03,9.470842E-02,1.293289E-01,6.685176E+03,4.194001E+03,3.450037E-01,4.109498E-01,4.380952E+03,5.832215E+03,2.260856E-01,5.714514E-01,6.501822E+03,1.215653E+03,3.355414E-01,1.191135E-01,4.383107E+03,8.630562E+02,2.261968E-01,8.456524E-02
09:40:00,1.844505E+03,1.329603E+03,9.519835E-02,1.302768E-01,6.693411E+03,4.392637E+03,3.454285E-01,4.304118E-01,4.386127E+03,5.790062E+03,2.263526E-01,5.673209E-01,6.510082E+03,1.247818E+03,3.359675E-01,1.222650E-01,4.388282E+03,8.919898E+02,2.264638E-01,8.740026E-02
09:45:00,1.853015E+03,1.339942E+03,9.563754E-02,1.312897E-01,6.700741E+03,4.593856E+03,3.458066E-01,4.501270E-01,4.390740E+03,5.739573E+03,2.265905E-01,5.623737E-01,6.517439E+03,1.279558E+03,3.363470E-01,1.253750E-01,4.392895E+03,9.212374E+02,2.267017E-01,9.026602E-02
09:50:00,1.860692E+03,1.350769E+03,9.603376E-02,1.323505E-01,6.707335E+03,4.795358E+03,3.461467E-01,4.698697E-01,4.394892E+03,5.680498E+03,2.268047E-01,5.565852E-01,6.524063E+03,1.310769E+03,3.366887E-01,1.284331E-01,4.397046E+03,9.507294E+02,2.269159E-01,9.315573E-02
09:55:00,1.867648E+03,1.361927E+03,9.639275E-02,1.334437E-01,6.713291E+03,4.990643E+03,3.464540E-01,4.890033E-01,4.398641E+03,5.604919E+03,2.269981E-01,5.491796E-01,6.530049E+03,1.343548E+03,3.369975E-01,1.316448E-01,4.400795E+03,9.818716E+02,2.271093E-01,9.620715E-02
10:00:00,1.874029E+03,1.373348E+03,9.672210E-02,1.345627E-01,6.718740E+03,5.184163E+03,3.467351E-01,5.079638E-01,4.402068E+03,5.517773E+03,2.271749E-01,5.406407E-01,6.535527E+03,1.376297E+03,3.372802E-01,1.348537E-01,4.404222E+03,1.013557E+03,2.272861E-01,9.931177E-02
10:05:00,1.876912E+03,1.387871E+03,9.687090E-02,1.359855E-01,6.721413E+03,5.378152E+03,3.468730E-01,5.269702E-01,4.403827E+03,5.421449E+03,2.272656E-01,5.312025E-01,6.538230E+03,1.410632E+03,3.374196E-01,1.382179E-01,4.405981E+03,1.046646E+03,2.273768E-01,1.025539E-01
10:10:00,1.879070E+03,1.402851E+03,9.698226E-02,1.374532E-01,6.723443E+03,5.570227E+03,3.469777E-01,5.457892E-01,4.405184E+03,5.316503E+03,2.273357E-01,5.209196E-01,6.540290E+03,1.444416E+03,3.375258E-01,1.415281E-01,4.407339E+03,1.079801E+03,2.274468E-01,1.058025E-01
10:15:00,1.880742E+03,1.418373E+03,9.706858E-02,1.389741E-01,6.725042E+03,5.760041E+03,3.470602E-01,5.643865E-01,4.406268E+03,5.204426E+03,2.273916E-01,5.099380E-01,6.541919E+03,1.477606E+03,3.376099E-01,1.447801E-01,4.408423E+03,1.112922E+03,2.275027E-01,1.090478E-01
10:20:00,1.881899E+03,1.434586E+03,9.712828E-02,1.405626E-01,6.726196E+03,5.947223E+03,3.471197E-01,5.827261E-01,4.407071E+03,5.085940E+03,2.274330E-01,4.983285E-01,6.543102E+03,1.510213E+03,3.376709E-01,1.479749E-01,4.409225E+03,1.145932E+03,2.275442E-01,1.122822E-01
10:25:00,1.882585E+03,1.451622E+03,9.716368E-02,1.422317E-01,6.726946E+03,6.137862E+03,3.471584E-01,6.014044E-01,4.407618E+03,4.969427E+03,2.274612E-01,4.869122E-01,6.543880E+03,1.540111E+03,3.377110E-01,1.509043E-01,4.409772E+03,1.177302E+03,2.275724E-01,1.153559E-01
10:30:00,1.882867E+03,1.469508E+03,9.717825E-02,1.439841E-01,6.727351E+03,6.326858E+03,3.471793E-01,6.199219E-01,4.407946E+03,4.850441E+03,2.274781E-01,4.752537E-01,6.544311E+03,1.568917E+03,3.377333E-01,1.537267E-01,4.410100E+03,1.208008E+03,2.275893E-01,1.183645E-01
10:35:00,1.885774E+03,1.485365E+03,9.732831E-02,1.455377E-01,6.729762E+03,6.511362E+03,3.473037E-01,6.379992E-01,4.409452E+03,4.727145E+03,2.275558E-01,4.631728E-01,6.546747E+03,1.595080E+03,3.378589E-01,1.562902E-01,4.411606E+03,1.237204E+03,2.276670E-01,1.212251E-01
10:40:00,1.888619E+03,1.501817E+03,9.747515E-02,1.471497E-01,6.732131E+03,6.693102E+03,3.474259E-01,6.558057E-01,4.410924E+03,4.600891E+03,2.276318E-01,4.508022E-01,6.549138E+03,1.620809E+03,3.379823E-01,1.588111E-01,4.413078E+03,1.266155E+03,2.277429E-01,1.240618E-01
10:45:00,1.891246E+03,1.518796E+03,9.761073E-02,1.488133E-01,6.734317E+03,6.871802E+03,3.475387E-01,6.733144E-01,4.412279E+03,4.471891E+03,2.277017E-01,4.381624E-01,6.551345E+03,1.646239E+03,3.380962E-01,1.613027E-01,4.414432E+03,1.294912E+03,2.278128E-01,1.268794E-01
10:50:00,1.893760E+03,1.536200E+03,9.774048E-02,1.505184E-01,6.736404E+03,7.047106E+03,3.476464E-01,6.904905E-01,4.413568E+03,4.340517E+03,2.277682E-01,4.252902E-01,6.553452E+03,1.671458E+03,3.382049E-01,1.637736E-01,4.415721E+03,1.323492E+03,2.278793E-01,1.296797E-01
10:55:00,1.896182E+03,1.553947E+03,9.786549E-02,1.522572E-01,6.738402E+03,7.218647E+03,3.477495E-01,7.072978E-01,4.414799E+03,4.207172E+03,2.278317E-01,4.122247E-01,6.555470E+03,1.696551E+03,3.383090E-01,1.662322E-01,4.416952E+03,1.351930E+03,2.279429E-01,1.324660E-01
11:00:00,1.898502E+03,1.571970E+03,9.798524E-02,1.540231E-01,6.740309E+03,7.386015E+03,3.478479E-01,7.236964E-01,4.415971E+03,4.072396E+03,2.278922E-01,3.990191E-01,6.557394E+03,1.721593E+03,3.384083E-01,1.686858E-01,4.418124E+03,1.380273E+03,2.280033E-01,1.352431E-01
11:05:00,1.899290E+03,1.591454E+03,9.802591E-02,1.559321E-01,6.741015E+03,7.548935E+03,3.478843E-01,7.396591E-01,4.416428E+03,3.937810E+03,2.279158E-01,3.858320E-01,6.558119E+03,1.746963E+03,3.384457E-01,1.711714E-01,4.418581E+03,1.408567E+03,2.280269E-01,1.380153E-01
11:10:00,1.899904E+03,1.610970E+03,9.805757E-02,1.578442E-01,6.741559E+03,7.706054E+03,3.479124E-01,7.550536E-01,4.416784E+03,3.804070E+03,2.279342E-01,3.727279E-01,6.558681E+03,1.771635E+03,3.384747E-01,1.735888E-01,4.418937E+03,1.436175E+03,2.280453E-01,1.407203E-01
11:15:00,1.900376E+03,1.630440E+03,9.808193E-02,1.597519E-01,6.741975E+03,7.857110E+03,3.479339E-01,7.698539E-01,4.417060E+03,3.671808E+03,2.279484E-01,3.597686E-01,6.559115E+03,1.795601E+03,3.384971E-01,1.759369E-01,4.419213E+03,1.463066E+03,2.280595E-01,1.433551E-01
11:20:00,1.900721E+03,1.649822E+03,9.809977E-02,1.616509E-01,6.742280E+03,8.001941E+03,3.479496E-01,7.840444E-01,4.417267E+03,3.541777E+03,2.279591E-01,3.470278E-01,6.559436E+03,1.818867E+03,3.385137E-01,1.782165E-01,4.419420E+03,1.489232E+03,2.280702E-01,1.459188E-01
11:25:00,1.900952E+03,1.669073E+03,9.811167E-02,1.635371E-01,6.742482E+03,8.140535E+03,3.479600E-01,7.976238E-01,4.417408E+03,3.414824E+03,2.279664E-01,3.345887E-01,6.559654E+03,1.841428E+03,3.385250E-01,1.804270E-01,4.419561E+03,1.514657E+03,2.280775E-01,1.484099E-01
11:30:00,1.901076E+03,1.688158E+03,9.811810E-02,1.654070E-01,6.742590E+03,8.272940E+03,3.479656E-01,8.105968E-01,4.417491E+03,3.291873E+03,2.279707E-01,3.225418E-01,6.559779E+03,1.863277E+03,3.385314E-01,1.825677E-01,4.419644E+03,1.539323E+03,2.280818E-01,1.508267E-01
11:35:00,1.902537E+03,1.705811E+03,9.819353E-02,1.671366E-01,6.743724E+03,8.399134E+03,3.480241E-01,8.229613E-01,4.418178E+03,3.172845E+03,2.280061E-01,3.108791E-01,6.560926E+03,1.884088E+03,3.385906E-01,1.846067E-01,4.420331E+03,1.563085E+03,2.281172E-01,1.531549E-01
11:40:00,1.903991E+03,1.723394E+03,9.826854E-02,1.688594E-01,6.744858E+03,8.520181E+03,3.480827E-01,8.348215E-01,4.418863E+03,3.058935E+03,2.280414E-01,2.997181E-01,6.562074E+03,1.904939E+03,3.386498E-01,1.866496E-01,4.421015E+03,1.586568E+03,2.281525E-01,1.554557E-01
11:45:00,1.905416E+03,1.740940E+03,9.834209E-02,1.705785E-01,6.745968E+03,8.636119E+03,3.481400E-01,8.461812E-01,4.419531E+03,2.951498E+03,2.280759E-01,2.891912E-01,6.563196E+03,1.925879E+03,3.387078E-01,1.887014E-01,4.421683E+03,1.609780E+03,2.281870E-01,1.577300E-01
11:50:00,1.906809E+03,1.758466E+03,9.841401E-02,1.722956E-01,6.747050E+03,8.747018E+03,3.481958E-01,8.570470E-01,4.420181E+03,2.851998E+03,2.281095E-01,2.794420E-01,6.564290E+03,1.946956E+03,3.387642E-01,1.907664E-01,4.422333E+03,1.632715E+03,2.282205E-01,1.599771E-01
11:55:00,1.908171E+03,1.776184E+03,9.848428E-02,1.740316E-01,6.748104E+03,8.853100E+03,3.482502E-01,8.674410E-01,4.420812E+03,2.762057E+03,2.281421E-01,2.706294E-01,6.565355E+03,1.968419E+03,3.388192E-01,1.928694E-01,4.422965E+03,1.655489E+03,2.282531E-01,1.622085E-01
12:00:00,1.909501E+03,1.793810E+03,9.855295E-02,1.757593E-01,6.749130E+03,8.954102E+03,3.483031E-01,8.773412E-01,4.421427E+03,2.685494E+03,2.281738E-01,2.631287E-01,6.566391E+03,1.989991E+03,3.388726E-01,1.949841E-01,4.423579E+03,1.677884E+03,2.282848E-01,1.644037E-01
12:05:00,1.912236E+03,1.809993E+03,9.869408E-02,1.773456E-01,6.751240E+03,9.048476E+03,3.484120E-01,8.865925E-01,4.422682E+03,2.622286E+03,2.282386E-01,2.569365E-01,6.568511E+03,2.010490E+03,3.389820E-01,1.969938E-01,4.424835E+03,1.699072E+03,2.283496E-01,1.664808E-01
12:10:00,1.915023E+03,1.826167E+03,9.883795E-02,1.789311E-01,6.753404E+03,9.137322E+03,3.485237E-01,8.953023E-01,4.423970E+03,2.572770E+03,2.283050E-01,2.520860E-01,6.570684E+03,2.031055E+03,3.390942E-01,1.990099E-01,4.426122E+03,1.719656E+03,2.284161E-01,1.684986E-01
12:15:00,1.917837E+03,1.842410E+03,9.898320E-02,1.805233E-01,6.755593E+03,9.220662E+03,3.486366E-01,9.034726E-01,4.425271E+03,2.536070E+03,2.283722E-01,2.484912E-01,6.572881E+03,2.051769E+03,3.392075E-01,2.010407E-01,4.427424E+03,1.739629E+03,2.284832E-01,1.704567E-01
12:20:00,1.920670E+03,1.858767E+03,9.912940E-02,1.821268E-01,6.757797E+03,9.298407E+03,3.487504E-01,9.110947E-01,4.426583E+03,2.510944E+03,2.284398E-01,2.460305E-01,6.575093E+03,2.072682E+03,3.393217E-01,2.030909E-01,4.428735E+03,1.759068E+03,2.285509E-01,1.723624E-01
12:25:00,1.923517E+03,1.875086E+03,9.927631E-02,1.837265E-01,6.760013E+03,9.370259E+03,3.488648E-01,9.181394E-01,4.427901E+03,2.495513E+03,2.285079E-01,2.445199E-01,6.577316E+03,2.093609E+03,3.394364E-01,2.051426E-01,4.430053E+03,1.778008E+03,2.286189E-01,1.742192E-01
12:30:00,1.926373E+03,1.891700E+03,9.942375E-02,1.853542E-01,6.762238E+03,9.436399E+03,3.489796E-01,9.246205E-01,4.429225E+03,2.485489E+03,2.285762E-01,2.435379E-01,6.579548E+03,2.114889E+03,3.395516E-01,2.072276E-01,4.431377E+03,1.796814E+03,2.286872E-01,1.760618E-01
12:35:00,1.927803E+03,1.909998E+03,9.949756E-02,1.871470E-01,6.763357E+03,9.498262E+03,3.490373E-01,9.306819E-01,4.429893E+03,2.480081E+03,2.286107E-01,2.430082E-01,6.580674E+03,2.137740E+03,3.396097E-01,2.094665E-01,4.432045E+03,1.816446E+03,2.287217E-01,1.779854E-01
12:40:00,1.929157E+03,1.928579E+03,9.956741E-02,1.889676E-01,6.764400E+03,9.554856E+03,3.490911E-01,9.362271E-01,4.430517E+03,2.477829E+03,2.286429E-01,2.427877E-01,6.581725E+03,2.161048E+03,3.396639E-01,2.117502E-01,4.432669E+03,1.839469E+03,2.287539E-01,1.802412E-01
12:45:00,1.930458E+03,1.947399E+03,9.963459E-02,1.908115E-01,6.765396E+03,9.606052E+03,3.491425E-01,9.412433E-01,4.431112E+03,2.478123E+03,2.286736E-01,2.428167E-01,6.582729E+03,2.184749E+03,3.397157E-01,2.140725E-01,4.433264E+03,1.868884E+03,2.287846E-01,1.831233E-01
12:50:00,1.931716E+03,1.966451E+03,9.969951E-02,1.926782E-01,6.766354E+03,9.651806E+03,3.491919E-01,9.457264E-01,4.431684E+03,2.480413E+03,2.287031E-01,2.430413E-01,6.583693E+03,2.208823E+03,3.397655E-01,2.164314E-01,4.433836E+03,1.906973E+03,2.288141E-01,1.868555E-01
12:55:00,1.932935E+03,1.985745E+03,9.976240E-02,1.945686E-01,6.767276E+03,9.692044E+03,3.492396E-01,9.496689E-01,4.432235E+03,2.484359E+03,2.287315E-01,2.434281E-01,6.584623E+03,2.233279E+03,3.398135E-01,2.188275E-01,4.434386E+03,1.955672E+03,2.288425E-01,1.916273E-01
13:00:00,1.934117E+03,2.005300E+03,9.982341E-02,1.964846E-01,6.768167E+03,9.726191E+03,3.492855E-01,9.530146E-01,4.432766E+03,2.489662E+03,2.287589E-01,2.439478E-01,6.585521E+03,2.258148E+03,3.398598E-01,2.212643E-01,4.434917E+03,2.016906E+03,2.288699E-01,1.976275E-01
13:05:00,1.939679E+03,2.020677E+03,1.001105E-01,1.979912E-01,6.772456E+03,9.750375E+03,3.495069E-01,9.553841E-01,4.435309E+03,2.493750E+03,2.288902E-01,2.443485E-01,6.589815E+03,2.279667E+03,3.400814E-01,2.233728E-01,4.437461E+03,2.089958E+03,2.290012E-01,2.047858E-01
13:10:00,1.945444E+03,2.036025E+03,1.004081E-01,1.994949E-01,6.776946E+03,9.767607E+03,3.497386E-01,9.570724E-01,4.437973E+03,2.498298E+03,2.290276E-01,2.447943E-01,6.594308E+03,2.301029E+03,3.403133E-01,2.254659E-01,4.440125E+03,2.175236E+03,2.291387E-01,2.131420E-01
13:15:00,1.951316E+03,2.051449E+03,1.007111E-01,2.010060E-01,6.781539E+03,9.777962E+03,3.499756E-01,9.580868E-01,4.440700E+03,2.503189E+03,2.291684E-01,2.452736E-01,6.598904E+03,2.322360E+03,3.405504E-01,2.275559E-01,4.442852E+03,2.271302E+03,2.292794E-01,2.225554E-01
13:20:00,1.957286E+03,2.066961E+03,1.010192E-01,2.025259E-01,6.786220E+03,9.781343E+03,3.502171E-01,9.584179E-01,4.443482E+03,2.508255E+03,2.293119E-01,2.457701E-01,6.603587E+03,2.343699E+03,3.407921E-01,2.296467E-01,4.445634E+03,2.377239E+03,2.294229E-01,2.329361E-01
13:25:00,1.963343E+03,2.082554E+03,1.013318E-01,2.040537E-01,6.790979E+03,9.777683E+03,3.504627E-01,9.580592E-01,4.446313E+03,2.513377E+03,2.294580E-01,2.462720E-01,6.608348E+03,2.365062E+03,3.410378E-01,2.317399E-01,4.448464E+03,2.492153E+03,2.295690E-01,2.441964E-01
13:30:00,1.969479E+03,2.098212E+03,1.016485E-01,2.055878E-01,6.795805E+03,9.767413E+03,3.507118E-01,9.570527E-01,4.449186E+03,2.518431E+03,2.296062E-01,2.467673E-01,6.613177E+03,2.386449E+03,3.412870E-01,2.338354E-01,4.451337E+03,2.616983E+03,2.297173E-01,2.564283E-01
13:35:00,1.971269E+03,2.118372E+03,1.017409E-01,2.075630E-01,6.797265E+03,9.754303E+03,3.507871E-01,9.557679E-01,4.450066E+03,2.525692E+03,2.296516E-01,2.474788E-01,6.614640E+03,2.411623E+03,3.413625E-01,2.363020E-01,4.452217E+03,2.753286E+03,2.297627E-01,2.697845E-01
13:40:00,1.972886E+03,2.138878E+03,1.018243E-01,2.095722E-01,6.798548E+03,9.734986E+03,3.508533E-01,9.538750E-01,4.450843E+03,2.533178E+03,2.296917E-01,2.482124E-01,6.615929E+03,2.437477E+03,3.414290E-01,2.388353E-01,4.452994E+03,2.898444E+03,2.298028E-01,2.840084E-01
13:45:00,1.974423E+03,2.159603E+03,1.019037E-01,2.116028E-01,6.799752E+03,9.709241E+03,3.509154E-01,9.513523E-01,4.451571E+03,2.540796E+03,2.297293E-01,2.489588E-01,6.617138E+03,2.463896E+03,3.414914E-01,2.414240E-01,4.453722E+03,3.051648E+03,2.298403E-01,2.990206E-01
13:50:00,1.975883E+03,2.180490E+03,1.019790E-01,2.136493E-01,6.800885E+03,9.677141E+03,3.509739E-01,9.482069E-01,4.452256E+03,2.548484E+03,2.297647E-01,2.497121E-01,6.618278E+03,2.490838E+03,3.415502E-01,2.440638E-01,4.454408E+03,3.212177E+03,2.298757E-01,3.147506E-01
13:55:00,1.977273E+03,2.201484E+03,1.020507E-01,2.157063E-01,6.801957E+03,9.638872E+03,3.510293E-01,9.444569E-01,4.452904E+03,2.556202E+03,2.297981E-01,2.504685E-01,6.619356E+03,2.518265E+03,3.416059E-01,2.467512E-01,4.455055E+03,3.379366E+03,2.299091E-01,3.311330E-01
14:00:00,1.978600E+03,2.222531E+03,1.021192E-01,2.177684E-01,6.802975E+03,9.594611E+03,3.510818E-01,9.401200E-01,4.453518E+03,2.563899E+03,2.298298E-01,2.512227E-01,6.620379E+03,2.546141E+03,3.416587E-01,2.494826E-01,4.455669E+03,3.550681E+03,2.299408E-01,3.479198E-01
14:05:00,1.981305E+03,2.241930E+03,1.022589E-01,2.196692E-01,6.805055E+03,9.542248E+03,3.511891E-01,9.349891E-01,4.454761E+03,2.570341E+03,2.298940E-01,2.518539E-01,6.622465E+03,2.572586E+03,3.417664E-01,2.520738E-01,4.456912E+03,3.724075E+03,2.300050E-01,3.649101E-01
14:10:00,1.984041E+03,2.261001E+03,1.024001E-01,2.215377E-01,6.807172E+03,9.483056E+03,3.512984E-01,9.291891E-01,4.456024E+03,2.576032E+03,2.299592E-01,2.524116E-01,6.624587E+03,2.598471E+03,3.418759E-01,2.546101E-01,4.458175E+03,3.899468E+03,2.300702E-01,3.820961E-01
14:15:00,1.986785E+03,2.279715E+03,1.025417E-01,2.233713E-01,6.809299E+03,9.417279E+03,3.514082E-01,9.227438E-01,4.457293E+03,2.580940E+03,2.300246E-01,2.528925E-01,6.626719E+03,2.623796E+03,3.419859E-01,2.570915E-01,4.459444E+03,4.076226E+03,2.301356E-01,3.994159E-01
14:20:00,1.989533E+03,2.298023E+03,1.026835E-01,2.251651E-01,6.811430E+03,9.344963E+03,3.515181E-01,9.156579E-01,4.458564E+03,2.585005E+03,2.300902E-01,2.532908E-01,6.628854E+03,2.648526E+03,3.420961E-01,2.595147E-01,4.460715E+03,4.253679E+03,2.302012E-01,4.168036E-01
14:25:00,1.992281E+03,2.315868E+03,1.028253E-01,2.269136E-01,6.813562E+03,9.266121E+03,3.516282E-01,9.079325E-01,4.459836E+03,2.588178E+03,2.301559E-01,2.536017E-01,6.630991E+03,2.672616E+03,3.422063E-01,2.618751E-01,4.461987E+03,4.431218E+03,2.302669E-01,4.341997E-01
14:30:00,1.995028E+03,2.333206E+03,1.029671E-01,2.286123E-01,6.815695E+03,9.180755E+03,3.517383E-01,8.995677E-01,4.461108E+03,2.590398E+03,2.302215E-01,2.538192E-01,6.633129E+03,2.696020E+03,3.423167E-01,2.641683E-01,4.463259E+03,4.608306E+03,2.303325E-01,4.515515E-01
14:35:00,1.996339E+03,2.351643E+03,1.030348E-01,2.304187E-01,6.816717E+03,9.091179E+03,3.517910E-01,8.907906E-01,4.461722E+03,2.592808E+03,2.302532E-01,2.540553E-01,6.634155E+03,2.720568E+03,3.423696E-01,2.665736E-01,4.463872E+03,4.785874E+03,2.303642E-01,4.689503E-01
14:40:00,1.997565E+03,2.369781E+03,1.030981E-01,2.321959E-01,6.817656E+03,9.003109E+03,3.518395E-01,8.821611E-01,4.462286E+03,2.592912E+03,2.302823E-01,2.540655E-01,6.635100E+03,2.742631E+03,3.424184E-01,2.687354E-01,4.464437E+03,4.969155E+03,2.303933E-01,4.869087E-01
14:45:00,1.998733E+03,2.387599E+03,1.031584E-01,2.339417E-01,6.818545E+03,8.910995E+03,3.518853E-01,8.731352E-01,4.462820E+03,2.592030E+03,2.303099E-01,2.539791E-01,6.635994E+03,2.764100E+03,3.424645E-01,2.708390E-01,4.464971E+03,5.151920E+03,2.304209E-01,5.048168E-01
14:50:00,1.999853E+03,2.405179E+03,1.032161E-01,2.356641E-01,6.819392E+03,8.814110E+03,3.519290E-01,8.636420E-01,4.463328E+03,2.590419E+03,2.303361E-01,2.538212E-01,6.636846E+03,2.785212E+03,3.425085E-01,2.729076E-01,4.465479E+03,5.332205E+03,2.304471E-01,5.224816E-01
14:55:00,2.000928E+03,2.422695E+03,1.032716E-01,2.373803E-01,6.820201E+03,8.712361E+03,3.519708E-01,8.536721E-01,4.463814E+03,2.587997E+03,2.303611E-01,2.535838E-01,6.637661E+03,2.805965E+03,3.425506E-01,2.749410E-01,4.465964E+03,5.509678E+03,2.304721E-01,5.398710E-01
15:00:00,2.001964E+03,2.440328E+03,1.033251E-01,2.391079E-01,6.820977E+03,8.605746E+03,3.520108E-01,8.432254E-01,4.464278E+03,2.584802E+03,2.303851E-01,2.532707E-01,6.638442E+03,2.826316E+03,3.425909E-01,2.769350E-01,4.466429E+03,5.682129E+03,2.304961E-01,5.567682E-01
15:05:00,1.990816E+03,2.469667E+03,1.027497E-01,2.419827E-01,6.811662E+03,8.503865E+03,3.515301E-01,8.332426E-01,4.458778E+03,2.586036E+03,2.301013E-01,2.533917E-01,6.629154E+03,2.854675E+03,3.421116E-01,2.797138E-01,4.460929E+03,5.854298E+03,2.302123E-01,5.736379E-01
15:10:00,1.976897E+03,2.501522E+03,1.020314E-01,2.451039E-01,6.799697E+03,8.391960E+03,3.509127E-01,8.222776E-01,4.451688E+03,2.589058E+03,2.297355E-01,2.536877E-01,6.617232E+03,2.886205E+03,3.414963E-01,2.828032E-01,4.453839E+03,6.014617E+03,2.298465E-01,5.893463E-01
15:15:00,1.961324E+03,2.534981E+03,1.012277E-01,2.483823E-01,6.786231E+03,8.274656E+03,3.502179E-01,8.107836E-01,4.443671E+03,2.591901E+03,2.293218E-01,2.539664E-01,6.603811E+03,2.917935E+03,3.408038E-01,2.859124E-01,4.445822E+03,6.167784E+03,2.294328E-01,6.043539E-01
15:20:00,1.944321E+03,2.569708E+03,1.003502E-01,2.517849E-01,6.771516E+03,8.152830E+03,3.494586E-01,7.988464E-01,4.434875E+03,2.594127E+03,2.288679E-01,2.541845E-01,6.589143E+03,2.949255E+03,3.400470E-01,2.889812E-01,4.437026E+03,6.314764E+03,2.289789E-01,6.187553E-01
15:25:00,1.926051E+03,2.605346E+03,9.940725E-02,2.552768E-01,6.755699E+03,8.026779E+03,3.486423E-01,7.864953E-01,4.425387E+03,2.595679E+03,2.283783E-01,2.543365E-01,6.573372E+03,2.979819E+03,3.392331E-01,2.919761E-01,4.427538E+03,6.455078E+03,2.284893E-01,6.325036E-01
15:30:00,1.906656E+03,2.641563E+03,9.840628E-02,2.588254E-01,6.738913E+03,7.896815E+03,3.477762E-01,7.737608E-01,4.415291E+03,2.596384E+03,2.278573E-01,2.544057E-01,6.556632E+03,3.009289E+03,3.383693E-01,2.948636E-01,4.417442E+03,6.590019E+03,2.279683E-01,6.457253E-01
15:35:00,1.898406E+03,2.666630E+03,9.798050E-02,2.612815E-01,6.731322E+03,7.753731E+03,3.473845E-01,7.597407E-01,4.410595E+03,2.590943E+03,2.276150E-01,2.538725E-01,6.549063E+03,3.028907E+03,3.379787E-01,2.967859E-01,4.412746E+03,6.714071E+03,2.277260E-01,6.578801E-01
15:40:00,1.891993E+03,2.689434E+03,9.764956E-02,2.635154E-01,6.725584E+03,7.605797E+03,3.470883E-01,7.452439E-01,4.406985E+03,2.583660E+03,2.274288E-01,2.531582E-01,6.543330E+03,3.045574E+03,3.376829E-01,2.984182E-01,4.409136E+03,6.831528E+03,2.275398E-01,6.693871E-01
15:45:00,1.886394E+03,2.711085E+03,9.736058E-02,2.656359E-01,6.720627E+03,7.454784E+03,3.468326E-01,7.304438E-01,4.403850E+03,2.575246E+03,2.272669E-01,2.523324E-01,6.538373E+03,3.060305E+03,3.374271E-01,2.998600E-01,4.406001E+03,6.943041E+03,2.273779E-01,6.803097E-01
15:50:00,1.881465E+03,2.731596E+03,9.710620E-02,2.676447E-01,6.716273E+03,7.301107E+03,3.466078E-01,7.153828E-01,4.401086E+03,2.565707E+03,2.271243E-01,2.513964E-01,6.534015E+03,3.072975E+03,3.372021E-01,3.010998E-01,4.403237E+03,7.048407E+03,2.272353E-01,6.906298E-01
15:55:00,1.877115E+03,2.751032E+03,9.688169E-02,2.695480E-01,6.712435E+03,7.145944E+03,3.464097E-01,7.001763E-01,4.398643E+03,2.555098E+03,2.269982E-01,2.503556E-01,6.530170E+03,3.083593E+03,3.370037E-01,3.021386E-01,4.400794E+03,7.147442E+03,2.271092E-01,7.003297E-01
16:00:00,1.873331E+03,2.769429E+03,9.668638E-02,2.713497E-01,6.709090E+03,6.990863E+03,3.462371E-01,6.849779E-01,4.396510E+03,2.543472E+03,2.268881E-01,2.492152E-01,6.526819E+03,3.092185E+03,3.368307E-01,3.029789E-01,4.398661E+03,7.239934E+03,2.269991E-01,7.093884E-01
16:05:00,1.827411E+03,2.827930E+03,9.431637E-02,2.770807E-01,6.670846E+03,6.871075E+03,3.442634E-01,6.732377E-01,4.373751E+03,2.550549E+03,2.257136E-01,2.499074E-01,6.488650E+03,3.131205E+03,3.348609E-01,3.068005E-01,4.375903E+03,7.347184E+03,2.258246E-01,7.198932E-01
16:10:00,1.774227E+03,2.893699E+03,9.157150E-02,2.835244E-01,6.625961E+03,6.758857E+03,3.419472E-01,6.622409E-01,4.347014E+03,2.560522E+03,2.243339E-01,2.508839E-01,6.443865E+03,3.174316E+03,3.325499E-01,3.110238E-01,4.349165E+03,7.452195E+03,2.244450E-01,7.301804E-01
16:15:00,1.716699E+03,2.963188E+03,8.860248E-02,2.903330E-01,6.577107E+03,6.650990E+03,3.394263E-01,6.516720E-01,4.317824E+03,2.571631E+03,2.228277E-01,2.519724E-01,6.395120E+03,3.218620E+03,3.300346E-01,3.153649E-01,4.319976E+03,7.552251E+03,2.229388E-01,7.399840E-01
16:20:00,1.655450E+03,3.035999E+03,8.544139E-02,2.974671E-01,6.524967E+03,6.547302E+03,3.367358E-01,6.415126E-01,4.286585E+03,2.583659E+03,2.212157E-01,2.531510E-01,6.343091E+03,3.263761E+03,3.273498E-01,3.197880E-01,4.288737E+03,7.647003E+03,2.213268E-01,7.492680E-01
16:25:00,1.590956E+03,3.111725E+03,8.211279E-02,3.048867E-01,6.469954E+03,6.445288E+03,3.338969E-01,6.315173E-01,4.253543E+03,2.594410E+03,2.195107E-01,2.542044E-01,6.288187E+03,3.306499E+03,3.245166E-01,3.239756E-01,4.255695E+03,7.740553E+03,2.196218E-01,7.584343E-01
16:30:00,1.523531E+03,3.190000E+03,7.863298E-02,3.125562E-01,6.412378E+03,6.345003E+03,3.309259E-01,6.216913E-01,4.218888E+03,2.605079E+03,2.177225E-01,2.552499E-01,6.230718E+03,3.348576E+03,3.215510E-01,3.280984E-01,4.221041E+03,7.828847E+03,2.178336E-01,7.670858E-01
16:35:00,1.496133E+03,3.229399E+03,7.721899E-02,3.164166E-01,6.387842E+03,6.212059E+03,3.296599E-01,6.086653E-01,4.203687E+03,2.596146E+03,2.169382E-01,2.543747E-01,6.206203E+03,3.357779E+03,3.202861E-01,3.290002E-01,4.205840E+03,7.889328E+03,2.170493E-01,7.730118E-01
16:40:00,1.474105E+03,3.262663E+03,7.608214E-02,3.196758E-01,6.368295E+03,6.075098E+03,3.286512E-01,5.952457E-01,4.191423E+03,2.583509E+03,2.163053E-01,2.531365E-01,6.186646E+03,3.360544E+03,3.192769E-01,3.292710E-01,4.193576E+03,7.938312E+03,2.164164E-01,7.778114E-01
16:45:00,1.454715E+03,3.292698E+03,7.508138E-02,3.226187E-01,6.351216E+03,5.937825E+03,3.277698E-01,5.817954E-01,4.180665E+03,2.568712E+03,2.157501E-01,2.516866E-01,6.169544E+03,3.359435E+03,3.183943E-01,3.291624E-01,4.182817E+03,7.977542E+03,2.158612E-01,7.816553E-01
16:50:00,1.437502E+03,3.319691E+03,7.419298E-02,3.252634E-01,6.336078E+03,5.801361E+03,3.269885E-01,5.684244E-01,4.171108E+03,2.552014E+03,2.152569E-01,2.500505E-01,6.154375E+03,3.354944E+03,3.176115E-01,3.287223E-01,4.173260E+03,8.006664E+03,2.153680E-01,7.845086E-01
16:55:00,1.422131E+03,3.343750E+03,7.339967E-02,3.276206E-01,6.322582E+03,5.668340E+03,3.262920E-01,5.553908E-01,4.162578E+03,2.535607E+03,2.148167E-01,2.484429E-01,6.140845E+03,3.350356E+03,3.169132E-01,3.282727E-01,4.164730E+03,8.020850E+03,2.149277E-01,7.858986E-01
17:00:00,1.408342E+03,3.364961E+03,7.268804E-02,3.296988E-01,6.310478E+03,5.538533E+03,3.256673E-01,5.426721E-01,4.154923E+03,2.518287E+03,2.144216E-01,2.467458E-01,6.128703E+03,3.343948E+03,3.162866E-01,3.276447E-01,4.157076E+03,8.023393E+03,2.145327E-01,7.861476E-01
17:05:00,1.333396E+03,3.444032E+03,6.881990E-02,3.374463E-01,6.249133E+03,5.460388E+03,3.225014E-01,5.350155E-01,4.118157E+03,2.527687E+03,2.125242E-01,2.476669E-01,6.067401E+03,3.381935E+03,3.131229E-01,3.313668E-01,4.120310E+03,8.044211E+03,2.126353E-01,7.881876E-01
17:10:00,1.252782E+03,3.527854E+03,6.465928E-02,3.456593E-01,6.182412E+03,5.392837E+03,3.190584E-01,5.283970E-01,4.078194E+03,2.539475E+03,2.104620E-01,2.488221E-01,6.000748E+03,3.423477E+03,3.096834E-01,3.354374E-01,4.080348E+03,8.057746E+03,2.105732E-01,7.895141E-01
17:15:00,1.169075E+03,3.613428E+03,6.033904E-02,3.540440E-01,6.112723E+03,5.333922E+03,3.154623E-01,5.226247E-01,4.036408E+03,2.552259E+03,2.083058E-01,2.500747E-01,5.931137E+03,3.466170E+03,3.060913E-01,3.396207E-01,4.038562E+03,8.061774E+03,2.084170E-01,7.899093E-01
17:20:00,1.082737E+03,3.700291E+03,5.588298E-02,3.625551E-01,6.040601E+03,5.283800E+03,3.117407E-01,5.177141E-01,3.993109E+03,2.565821E+03,2.060716E-01,2.514038E-01,5.859097E+03,3.509523E+03,3.023738E-01,3.438687E-01,3.995264E+03,8.055598E+03,2.061828E-01,7.893049E-01
17:25:00,9.940975E+02,3.788087E+03,5.130817E-02,3.711576E-01,5.966348E+03,5.243473E+03,3.079090E-01,5.137632E-01,3.948478E+03,2.580007E+03,2.037686E-01,2.527939E-01,5.784926E+03,3.553140E+03,2.985465E-01,3.481426E-01,3.950633E+03,8.038579E+03,2.038798E-01,7.876381E-01
17:30:00,9.034293E+02,3.876533E+03,4.662864E-02,3.798239E-01,5.890236E+03,5.212992E+03,3.039815E-01,5.107771E-01,3.902680E+03,2.594679E+03,2.014054E-01,2.542317E-01,5.708895E+03,3.596650E+03,2.946231E-01,3.524061E-01,3.904835E+03,8.010051E+03,2.015166E-01,7.848435E-01
17:35:00,8.734861E+02,3.904742E+03,4.508328E-02,3.825879E-01,5.862916E+03,5.144129E+03,3.025720E-01,5.040302E-01,3.885715E+03,2.581952E+03,2.005301E-01,2.529849E-01,5.681573E+03,3.593600E+03,2.932135E-01,3.521074E-01,3.887869E+03,7.939773E+03,2.006413E-01,7.779581E-01
17:40:00,8.487919E+02,3.925661E+03,4.380877E-02,3.846378E-01,5.840543E+03,5.077947E+03,3.014175E-01,4.975458E-01,3.871680E+03,2.566134E+03,1.998060E-01,2.514351E-01,5.659170E+03,3.585246E+03,2.920575E-01,3.512890E-01,3.873835E+03,7.852428E+03,1.999171E-01,7.694002E-01
17:45:00,8.267849E+02,3.942201E+03,4.267295E-02,3.862584E-01,5.820725E+03,5.015884E+03,3.003949E-01,4.914650E-01,3.859215E+03,2.548619E+03,1.991627E-01,2.497190E-01,5.639309E+03,3.575061E+03,2.910326E-01,3.502911E-01,3.861369E+03,7.749917E+03,1.992739E-01,7.593560E-01
17:50:00,8.070177E+02,3.954780E+03,4.165271E-02,3.874910E-01,5.802948E+03,4.957041E+03,2.994775E-01,4.856996E-01,3.848020E+03,2.529593E+03,1.985850E-01,2.478549E-01,5.621483E+03,3.564581E+03,2.901127E-01,3.492643E-01,3.850175E+03,7.631523E+03,1.986962E-01,7.477555E-01
17:55:00,7.891719E+02,3.963717E+03,4.073165E-02,3.883667E-01,5.786924E+03,4.899530E+03,2.986506E-01,4.800647E-01,3.837926E+03,2.509201E+03,1.980641E-01,2.458568E-01,5.605406E+03,3.555034E+03,2.892831E-01,3.483289E-01,3.840081E+03,7.496829E+03,1.981753E-01,7.345578E-01
18:00:00,7.729883E+02,3.969240E+03,3.989638E-02,3.889079E-01,5.772399E+03,4.842261E+03,2.979010E-01,4.744534E-01,3.828778E+03,2.487576E+03,1.975921E-01,2.437379E-01,5.590826E+03,3.547292E+03,2.885306E-01,3.475703E-01,3.830933E+03,7.345398E+03,1.977033E-01,7.197201E-01
18:05:00,1.115931E+03,4.015206E+03,5.759679E-02,3.934118E-01,6.567855E+03,4.818069E+03,3.389528E-01,4.720833E-01,4.362422E+03,2.484358E+03,2.251319E-01,2.434227E-01,6.386306E+03,3.574453E+03,3.295837E-01,3.502318E-01,4.364577E+03,7.197780E+03,2.252431E-01,7.052563E-01
18:10:00,1.454675E+03,4.065001E+03,7.507919E-02,3.982909E-01,7.359128E+03,4.797539E+03,3.797807E-01,4.700721E-01,4.893603E+03,2.482868E+03,2.525386E-01,2.432769E-01,7.177645E+03,3.607753E+03,3.704148E-01,3.534949E-01,4.895759E+03,7.035867E+03,2.526498E-01,6.893920E-01
18:15:00,1.790938E+03,4.115676E+03,9.243344E-02,4.032565E-01,8.148213E+03,4.777855E+03,4.204906E-01,4.681439E-01,5.423467E+03,2.481831E+03,2.798734E-01,2.431755E-01,7.966800E+03,3.643608E+03,4.111286E-01,3.570084E-01,5.425623E+03,6.857134E+03,2.799847E-01,6.718798E-01
18:20:00,2.125097E+03,4.166617E+03,1.096791E-01,4.082480E-01,8.935499E+03,4.758301E+03,4.611041E-01,4.662284E-01,5.952230E+03,2.481048E+03,3.071486E-01,2.430990E-01,8.754156E+03,3.679636E+03,4.517460E-01,3.605389E-01,5.954386E+03,6.661241E+03,3.072598E-01,6.526863E-01
18:25:00,2.457428E+03,4.217246E+03,1.268303E-01,4.132092E-01,9.721189E+03,4.738349E+03,5.016326E-01,4.642740E-01,6.480004E+03,2.480347E+03,3.343707E-01,2.430306E-01,9.539914E+03,3.713125E+03,4.922783E-01,3.638207E-01,6.482161E+03,6.447619E+03,3.344820E-01,6.317558E-01
18:30:00,2.788155E+03,4.267041E+03,1.438987E-01,4.180885E-01,1.050547E+04,4.717515E+03,5.420865E-01,4.622332E-01,7.006901E+03,2.479535E+03,3.615460E-01,2.429513E-01,1.032426E+04,3.741736E+03,5.327360E-01,3.666245E-01,7.009058E+03,6.217696E+03,3.616573E-01,6.092280E-01
18:35:00,2.759787E+03,4.271823E+03,1.424330E-01,4.185575E-01,1.047982E+04,4.661786E+03,5.407396E-01,4.567733E-01,6.991041E+03,2.458902E+03,3.607102E-01,2.409299E-01,1.029859E+04,3.730483E+03,5.313888E-01,3.655222E-01,6.993198E+03,5.951762E+03,3.608215E-01,5.831715E-01
18:40:00,2.735626E+03,4.267873E+03,1.411856E-01,4.181707E-01,1.045835E+04,4.599745E+03,5.396158E-01,4.506947E-01,6.977652E+03,2.435063E+03,3.600072E-01,2.385942E-01,1.027706E+04,3.705667E+03,5.302624E-01,3.630909E-01,6.979809E+03,5.667502E+03,3.601185E-01,5.553190E-01
18:45:00,2.713935E+03,4.257789E+03,1.400658E-01,4.171829E-01,1.043904E+04,4.533919E+03,5.386075E-01,4.442450E-01,6.965569E+03,2.409255E+03,3.593749E-01,2.360655E-01,1.025768E+04,3.667141E+03,5.292510E-01,3.593161E-01,6.967727E+03,5.365471E+03,3.594862E-01,5.257250E-01
18:50:00,2.694319E+03,4.241859E+03,1.390531E-01,4.156223E-01,1.042148E+04,4.465002E+03,5.376923E-01,4.374926E-01,6.954561E+03,2.381721E+03,3.588005E-01,2.333678E-01,1.024005E+04,3.613585E+03,5.283325E-01,3.540686E-01,6.956718E+03,5.046608E+03,3.589118E-01,4.944816E-01
18:55:00,2.676489E+03,4.220394E+03,1.381326E-01,4.135193E-01,1.040544E+04,4.393769E+03,5.368580E-01,4.305131E-01,6.944502E+03,2.352742E+03,3.582768E-01,2.305284E-01,1.022394E+04,3.545487E+03,5.274949E-01,3.473961E-01,6.946660E+03,4.715865E+03,3.583882E-01,4.620741E-01
19:00:00,2.660207E+03,4.193788E+03,1.372921E-01,4.109125E-01,1.039072E+04,4.321614E+03,5.360934E-01,4.234432E-01,6.935272E+03,2.322994E+03,3.577972E-01,2.276137E-01,1.020916E+04,3.467649E+03,5.267270E-01,3.397692E-01,6.937431E+03,4.388046E+03,3.579086E-01,4.299531E-01
19:05:00,2.642491E+03,4.167334E+03,1.363775E-01,4.083207E-01,1.037336E+04,4.254249E+03,5.351941E-01,4.168427E-01,6.924544E+03,2.295416E+03,3.572413E-01,2.249115E-01,1.019177E+04,3.388937E+03,5.258262E-01,3.320567E-01,6.926703E+03,4.079861E+03,3.573526E-01,3.997558E-01
19:10:00,2.622870E+03,4.141667E+03,1.353646E-01,4.058058E-01,1.035356E+04,4.192456E+03,5.341695E-01,4.107880E-01,6.912374E+03,2.270365E+03,3.566116E-01,2.224570E-01,1.017196E+04,3.313362E+03,5.248014E-01,3.246515E-01,6.914533E+03,3.802511E+03,3.567230E-01,3.725800E-01
19:15:00,2.602361E+03,4.116344E+03,1.343060E-01,4.033247E-01,1.033265E+04,4.135864E+03,5.330884E-01,4.052431E-01,6.899533E+03,2.247498E+03,3.559479E-01,2.202164E-01,1.015106E+04,3.243772E+03,5.237207E-01,3.178328E-01,6.901693E+03,3.563463E+03,3.560593E-01,3.491572E-01
19:20:00,2.581119E+03,4.092323E+03,1.332096E-01,4.009712E-01,1.031087E+04,4.084961E+03,5.319635E-01,4.002555E-01,6.886163E+03,2.226961E+03,3.552572E-01,2.182042E-01,1.012929E+04,3.183587E+03,5.225963E-01,3.119357E-01,6.888323E+03,3.368192E+03,3.553686E-01,3.300239E-01
19:25:00,2.559251E+03,4.070528E+03,1.320808E-01,3.988357E-01,1.028836E+04,4.039856E+03,5.308009E-01,3.958361E-01,6.872336E+03,2.208813E+03,3.545433E-01,2.164260E-01,1.010680E+04,3.134846E+03,5.214346E-01,3.071599E-01,6.874496E+03,3.217160E+03,3.546547E-01,3.152254E-01
19:30:00,2.536838E+03,4.051743E+03,1.309240E-01,3.969952E-01,1.026522E+04,4.000060E+03,5.296061E-01,3.919368E-01,6.858115E+03,2.192736E+03,3.538092E-01,2.148508E-01,1.008367E+04,3.095213E+03,5.202406E-01,3.032766E-01,6.860276E+03,3.099042E+03,3.539206E-01,3.036520E-01
19:35:00,2.516734E+03,4.031790E+03,1.298863E-01,3.950402E-01,1.024532E+04,3.960620E+03,5.285791E-01,3.880724E-01,6.845786E+03,2.176102E+03,3.531728E-01,2.132209E-01,1.006376E+04,3.058312E+03,5.192128E-01,2.996609E-01,6.847946E+03,3.000207E+03,3.532842E-01,2.939681E-01
19:40:00,2.499299E+03,4.011097E+03,1.289864E-01,3.930128E-01,1.022842E+04,3.921447E+03,5.277063E-01,3.842342E-01,6.835245E+03,2.158865E+03,3.526287E-01,2.115320E-01,1.004681E+04,3.022860E+03,5.183379E-01,2.961874E-01,6.837405E+03,2.913802E+03,3.527402E-01,2.855020E-01
19:45:00,2.483423E+03,3.991120E+03,1.281670E-01,3.910555E-01,1.021310E+04,3.883370E+03,5.269158E-01,3.805033E-01,6.825687E+03,2.141595E+03,3.521355E-01,2.098398E-01,1.003145E+04,2.989196E+03,5.175448E-01,2.928889E-01,6.827848E+03,2.837311E+03,3.522469E-01,2.780072E-01
19:50:00,2.468871E+03,3.971845E+03,1.274159E-01,3.891668E-01,1.019907E+04,3.846194E+03,5.261917E-01,3.768607E-01,6.816936E+03,2.124319E+03,3.516838E-01,2.081472E-01,1.001737E+04,2.957043E+03,5.168180E-01,2.897384E-01,6.819096E+03,2.768868E+03,3.517953E-01,2.713011E-01
19:55:00,2.455467E+03,3.953188E+03,1.267240E-01,3.873389E-01,1.018616E+04,3.809865E+03,5.255253E-01,3.733011E-01,6.808888E+03,2.107039E+03,3.512685E-01,2.064540E-01,1.000440E+04,2.926161E+03,5.161487E-01,2.867126E-01,6.811049E+03,2.707165E+03,3.513800E-01,2.652554E-01
20:00:00,2.443071E+03,3.935293E+03,1.260841E-01,3.855855E-01,1.017422E+04,3.774538E+03,5.249088E-01,3.698397E-01,6.801453E+03,2.089907E+03,3.508849E-01,2.047753E-01,9.992400E+03,2.896591E+03,5.155295E-01,2.838152E-01,6.803614E+03,2.651199E+03,3.509963E-01,2.597717E-01
20:05:00,2.436199E+03,3.913142E+03,1.257294E-01,3.834170E-01,1.016663E+04,3.736528E+03,5.245173E-01,3.661176E-01,6.796639E+03,2.070795E+03,3.506364E-01,2.029040E-01,9.984758E+03,2.864575E+03,5.151350E-01,2.806800E-01,6.798800E+03,2.597966E+03,3.507479E-01,2.545574E-01
20:10:00,2.430091E+03,3.891448E+03,1.254141E-01,3.812935E-01,1.015977E+04,3.699417E+03,5.241629E-01,3.624838E-01,6.792285E+03,2.051880E+03,3.504117E-01,2.010520E-01,9.977838E+03,2.833646E+03,5.147778E-01,2.776512E-01,6.794446E+03,2.548978E+03,3.505232E-01,2.497589E-01
20:15:00,2.424662E+03,3.870128E+03,1.251338E-01,3.792064E-01,1.015356E+04,3.663128E+03,5.238423E-01,3.589305E-01,6.788348E+03,2.033157E+03,3.502085E-01,1.992188E-01,9.971574E+03,2.803683E+03,5.144544E-01,2.747171E-01,6.790510E+03,2.503719E+03,3.503200E-01,2.453260E-01
20:20:00,2.419841E+03,3.849115E+03,1.248849E-01,3.771496E-01,1.014793E+04,3.627595E+03,5.235519E-01,3.554513E-01,6.784783E+03,2.014626E+03,3.500245E-01,1.974044E-01,9.965893E+03,2.774586E+03,5.141612E-01,2.718678E-01,6.786945E+03,2.461691E+03,3.501360E-01,2.412094E-01
20:25:00,2.415566E+03,3.828358E+03,1.246642E-01,3.751177E-01,1.014283E+04,3.592765E+03,5.232887E-01,3.520408E-01,6.781554E+03,1.996286E+03,3.498579E-01,1.956087E-01,9.960742E+03,2.746275E+03,5.138954E-01,2.690956E-01,6.783716E+03,2.422520E+03,3.499694E-01,2.373730E-01
20:30:00,2.411783E+03,3.807565E+03,1.244688E-01,3.730824E-01,1.013820E+04,3.558335E+03,5.230499E-01,3.486696E-01,6.778627E+03,1.977982E+03,3.497068E-01,1.938166E-01,9.956065E+03,2.718441E+03,5.136540E-01,2.663701E-01,6.780789E+03,2.385692E+03,3.498183E-01,2.337660E-01
20:35:00,2.403808E+03,3.791621E+03,1.240572E-01,3.715202E-01,1.013051E+04,3.527847E+03,5.226530E-01,3.456823E-01,6.773900E+03,1.961832E+03,3.494629E-01,1.922342E-01,9.948324E+03,2.694608E+03,5.132545E-01,2.640348E-01,6.776063E+03,2.353039E+03,3.495745E-01,2.305666E-01
20:40:00,2.396261E+03,3.775695E+03,1.236676E-01,3.699598E-01,1.012324E+04,3.497590E+03,5.222780E-01,3.427175E-01,6.769443E+03,1.945653E+03,3.492330E-01,1.906489E-01,9.941008E+03,2.671048E+03,5.128771E-01,2.617263E-01,6.771606E+03,2.322116E+03,3.493445E-01,2.275366E-01
20:45:00,2.389104E+03,3.759772E+03,1.232982E-01,3.683996E-01,1.011636E+04,3.467528E+03,5.219227E-01,3.397719E-01,6.765228E+03,1.929444E+03,3.490155E-01,1.890605E-01,9.934075E+03,2.647718E+03,5.125194E-01,2.594403E-01,6.767391E+03,2.292722E+03,3.491271E-01,2.246565E-01
20:50:00,2.382301E+03,3.743833E+03,1.229471E-01,3.668378E-01,1.010981E+04,3.437628E+03,5.215852E-01,3.368420E-01,6.761231E+03,1.913198E+03,3.488093E-01,1.874687E-01,9.927486E+03,2.624575E+03,5.121795E-01,2.571726E-01,6.763395E+03,2.264648E+03,3.489209E-01,2.219056E-01
20:55:00,2.375821E+03,3.727861E+03,1.226126E-01,3.652729E-01,1.010359E+04,3.407861E+03,5.212639E-01,3.339252E-01,6.757435E+03,1.896915E+03,3.486135E-01,1.858731E-01,9.921214E+03,2.601585E+03,5.118559E-01,2.549199E-01,6.759598E+03,2.237742E+03,3.487251E-01,2.192693E-01
21:00:00,2.369635E+03,3.711846E+03,1.222933E-01,3.637037E-01,1.009764E+04,3.378203E+03,5.209573E-01,3.310192E-01,6.753819E+03,1.880592E+03,3.484270E-01,1.842737E-01,9.915230E+03,2.578717E+03,5.115471E-01,2.526792E-01,6.755983E+03,2.211848E+03,3.485386E-01,2.167320E-01
21:05:00,2.382794E+03,3.669996E+03,1.229724E-01,3.596030E-01,1.011180E+04,3.328498E+03,5.216875E-01,3.261487E-01,6.762107E+03,1.852674E+03,3.488545E-01,1.815380E-01,9.929228E+03,2.537013E+03,5.122693E-01,2.485927E-01,6.764271E+03,2.174918E+03,3.489661E-01,2.131135E-01
21:10:00,2.403118E+03,3.619245E+03,1.240211E-01,3.546301E-01,1.013369E+04,3.272007E+03,5.228167E-01,3.206132E-01,6.775062E+03,1.820765E+03,3.495226E-01,1.784112E-01,9.950924E+03,2.489299E+03,5.133883E-01,2.439173E-01,6.777226E+03,2.134608E+03,3.496342E-01,2.091635E-01
21:15:00,2.427947E+03,3.563121E+03,1.253023E-01,3.491306E-01,1.016041E+04,3.211536E+03,5.241946E-01,3.146876E-01,6.791012E+03,1.786377E+03,3.503452E-01,1.750415E-01,9.977426E+03,2.437932E+03,5.147552E-01,2.388838E-01,6.793175E+03,2.092466E+03,3.504568E-01,2.050341E-01
21:20:00,2.456719E+03,3.502358E+03,1.267870E-01,3.431767E-01,1.019118E+04,3.147665E+03,5.257816E-01,3.084289E-01,6.809499E+03,1.749852E+03,3.512988E-01,1.714624E-01,1.000797E+04,2.383469E+03,5.163308E-01,2.335470E-01,6.811664E+03,2.048752E+03,3.514104E-01,2.007506E-01
21:25:00,2.488995E+03,3.437539E+03,1.284525E-01,3.368253E-01,1.022553E+04,3.080800E+03,5.275538E-01,3.018770E-01,6.830244E+03,1.711433E+03,3.523688E-01,1.676978E-01,1.004210E+04,2.326340E+03,5.180914E-01,2.279490E-01,6.832409E+03,2.003654E+03,3.524805E-01,1.963316E-01
21:30:00,2.524412E+03,3.369143E+03,1.302801E-01,3.301235E-01,1.026305E+04,3.011323E+03,5.294891E-01,2.950690E-01,6.852984E+03,1.671353E+03,3.535418E-01,1.637704E-01,1.007940E+04,2.266891E+03,5.200152E-01,2.221237E-01,6.855149E+03,1.957339E+03,3.536535E-01,1.917933E-01
21:35:00,2.543581E+03,3.323358E+03,1.312692E-01,3.256371E-01,1.028358E+04,2.959651E+03,5.305484E-01,2.900057E-01,6.865790E+03,1.641343E+03,3.542024E-01,1.608297E-01,1.009983E+04,2.224256E+03,5.210690E-01,2.179460E-01,6.867956E+03,1.921871E+03,3.543141E-01,1.883178E-01
21:40:00,2.558387E+03,3.283591E+03,1.320332E-01,3.217407E-01,1.029917E+04,2.912786E+03,5.313526E-01,2.854136E-01,6.875688E+03,1.613971E+03,3.547132E-01,1.581476E-01,1.011535E+04,2.185821E+03,5.218701E-01,2.141799E-01,6.877855E+03,1.889596E+03,3.548249E-01,1.851554E-01
21:45:00,2.571229E+03,3.246615E+03,1.326959E-01,3.181178E-01,1.031246E+04,2.868116E+03,5.320389E-01,2.810366E-01,6.884197E+03,1.587859E+03,3.551523E-01,1.555890E-01,1.012861E+04,2.149392E+03,5.225545E-01,2.106104E-01,6.886364E+03,1.858976E+03,3.552641E-01,1.821551E-01
21:50:00,2.582438E+03,3.211958E+03,1.332743E-01,3.147221E-01,1.032400E+04,2.825265E+03,5.326341E-01,2.768379E-01,6.891612E+03,1.562804E+03,3.555350E-01,1.531339E-01,1.014012E+04,2.114577E+03,5.231485E-01,2.071990E-01,6.893779E+03,1.829751E+03,3.556468E-01,1.792915E-01
21:55:00,2.592206E+03,3.179269E+03,1.337784E-01,3.115191E-01,1.033400E+04,2.783978E+03,5.331504E-01,2.727924E-01,6.898069E+03,1.538666E+03,3.558683E-01,1.507688E-01,1.015011E+04,2.081072E+03,5.236640E-01,2.039159E-01,6.900236E+03,1.801743E+03,3.559801E-01,1.765471E-01
22:00:00,2.600728E+03,3.148325E+03,1.342181E-01,3.084872E-01,1.034271E+04,2.744087E+03,5.336002E-01,2.688836E-01,6.903714E+03,1.515355E+03,3.561596E-01,1.484846E-01,1.015882E+04,2.048704E+03,5.241136E-01,2.007443E-01,6.905882E+03,1.774817E+03,3.562714E-01,1.739088E-01
22:05:00,2.653171E+03,2.610652E+03,1.369245E-01,2.558036E-01,1.038991E+04,2.270071E+03,5.360351E-01,2.224364E-01,6.932096E+03,1.253053E+03,3.576239E-01,1.227826E-01,1.020588E+04,1.693728E+03,5.265418E-01,1.659617E-01,6.934263E+03,1.467760E+03,3.577357E-01,1.438212E-01
22:10:00,2.713430E+03,2.078517E+03,1.400340E-01,2.036626E-01,1.044486E+04,1.803002E+03,5.388695E-01,1.766699E-01,6.965111E+03,9.948148E+02,3.593267E-01,9.747863E-02,1.026067E+04,1.344398E+03,5.293678E-01,1.317322E-01,6.967278E+03,1.165423E+03,3.594385E-01,1.141962E-01
22:15:00,2.778246E+03,1.551628E+03,1.433787E-01,1.520356E-01,1.050431E+04,1.342661E+03,5.419361E-01,1.315628E-01,7.000898E+03,7.405109E+02,3.611725E-01,7.256022E-02,1.031995E+04,1.000530E+03,5.324251E-01,9.803795E-02,7.003065E+03,8.676365E+02,3.612842E-01,8.501702E-02
22:20:00,2.846974E+03,1.029731E+03,1.469252E-01,1.008978E-01,1.056745E+04,8.888354E+02,5.451929E-01,8.709393E-02,7.038982E+03,4.900132E+02,3.631367E-01,4.801478E-02,1.038290E+04,6.619424E+02,5.356724E-01,6.486110E-02,7.041149E+03,5.742313E+02,3.632485E-01,5.626715E-02
22:25:00,2.919236E+03,5.126036E+02,1.506541E-01,5.022728E-02,1.063389E+04,4.413547E+02,5.486200E-01,4.324683E-02,7.079133E+03,2.432199E+02,3.652076E-01,2.383232E-02,1.044916E+04,3.284933E+02,5.390901E-01,3.218775E-02,7.081300E+03,2.850737E+02,3.653194E-01,2.793349E-02
22:30:00,2.994670E+03,0.000000E+00,1.545467E-01,0.000000E+00,1.070324E+04,0.000000E+00,5.521968E-01,0.000000E+00,7.121105E+03,0.000000E+00,3.673725E-01,0.000000E+00,1.051832E+04,0.000000E+00,5.426576E-01,0.000000E+00,7.123272E+03,0.000000E+00,3.674843E-01,0.000000E+00
22:35:00,3.027957E+03,0.000000E+00,1.562641E-01,0.000000E+00,1.073559E+04,0.000000E+00,5.538656E-01,0.000000E+00,7.141273E+03,0.000000E+00,3.684126E-01,0.000000E+00,1.055063E+04,0.000000E+00,5.443238E-01,0.000000E+00,7.143441E+03,0.000000E+00,3.685244E-01,0.000000E+00
22:40:00,3.055061E+03,0.000000E+00,1.576628E-01,0.000000E+00,1.076155E+04,0.000000E+00,5.552049E-01,0.000000E+00,7.157658E+03,0.000000E+00,3.692580E-01,0.000000E+00,1.057658E+04,0.000000E+00,5.456630E-01,0.000000E+00,7.159826E+03,0.000000E+00,3.693699E-01,0.000000E+00
22:45:00,3.079115E+03,0.000000E+00,1.589041E-01,0.000000E+00,1.078427E+04,0.000000E+00,5.563775E-01,0.000000E+00,7.172059E+03,0.000000E+00,3.700012E-01,0.000000E+00,1.059932E+04,0.000000E+00,5.468366E-01,0.000000E+00,7.174228E+03,0.000000E+00,3.701131E-01,0.000000E+00
22:50:00,3.100655E+03,0.000000E+00,1.600156E-01,0.000000E+00,1.080447E+04,0.000000E+00,5.574199E-01,0.000000E+00,7.184890E+03,0.000000E+00,3.706633E-01,0.000000E+00,1.061956E+04,0.000000E+00,5.478808E-01,0.000000E+00,7.187058E+03,0.000000E+00,3.707751E-01,0.000000E+00
22:55:00,3.120001E+03,0.000000E+00,1.610140E-01,0.000000E+00,1.082250E+04,0.000000E+00,5.583502E-01,0.000000E+00,7.196355E+03,0.000000E+00,3.712549E-01,0.000000E+00,1.063763E+04,0.000000E+00,5.488131E-01,0.000000E+00,7.198523E+03,0.000000E+00,3.713668E-01,0.000000E+00
23:00:00,3.137411E+03,0.000000E+00,1.619125E-01,0.000000E+00,1.083865E+04,0.000000E+00,5.591839E-01,0.000000E+00,7.206639E+03,0.000000E+00,3.717856E-01,0.000000E+00,1.065383E+04,0.000000E+00,5.496493E-01,0.000000E+00,7.208807E+03,0.000000E+00,3.718974E-01,0.000000E+00
23:05:00,3.190924E+03,0.000000E+00,1.646742E-01,0.000000E+00,1.088542E+04,0.000000E+00,5.615968E-01,0.000000E+00,7.234971E+03,0.000000E+00,3.732473E-01,0.000000E+00,1.070056E+04,0.000000E+00,5.520602E-01,0.000000E+00,7.237139E+03,0.000000E+00,3.733591E-01,0.000000E+00
23:10:00,3.250008E+03,0.000000E+00,1.677230E-01,0.000000E+00,1.093741E+04,0.000000E+00,5.642787E-01,0.000000E+00,7.266392E+03,0.000000E+00,3.748680E-01,0.000000E+00,1.075249E+04,0.000000E+00,5.547389E-01,0.000000E+00,7.268559E+03,0.000000E+00,3.749798E-01,0.000000E+00
23:15:00,3.312035E+03,0.000000E+00,1.709238E-01,0.000000E+00,1.099217E+04,0.000000E+00,5.671032E-01,0.000000E+00,7.299501E+03,0.000000E+00,3.765757E-01,0.000000E+00,1.080717E+04,0.000000E+00,5.575596E-01,0.000000E+00,7.301668E+03,0.000000E+00,3.766874E-01,0.000000E+00
23:20:00,3.376603E+03,0.000000E+00,1.742556E-01,0.000000E+00,1.104919E+04,0.000000E+00,5.700444E-01,0.000000E+00,7.334009E+03,0.000000E+00,3.783555E-01,0.000000E+00,1.086411E+04,0.000000E+00,5.604968E-01,0.000000E+00,7.336175E+03,0.000000E+00,3.784673E-01,0.000000E+00
23:25:00,3.443423E+03,0.000000E+00,1.777037E-01,0.000000E+00,1.110820E+04,0.000000E+00,5.730880E-01,0.000000E+00,7.369751E+03,0.000000E+00,3.801991E-01,0.000000E+00,1.092304E+04,0.000000E+00,5.635365E-01,0.000000E+00,7.371917E+03,0.000000E+00,3.803109E-01,0.000000E+00
23:30:00,3.512254E+03,0.000000E+00,1.812555E-01,0.000000E+00,1.116894E+04,0.000000E+00,5.762212E-01,0.000000E+00,7.406577E+03,0.000000E+00,3.820987E-01,0.000000E+00,1.098371E+04,0.000000E+00,5.666658E-01,0.000000E+00,7.408743E+03,0.000000E+00,3.822104E-01,0.000000E+00
23:35:00,3.545073E+03,0.000000E+00,1.829488E-01,0.000000E+00,1.119898E+04,0.000000E+00,5.777707E-01,0.000000E+00,7.425287E+03,0.000000E+00,3.830636E-01,0.000000E+00,1.101377E+04,0.000000E+00,5.682162E-01,0.000000E+00,7.427453E+03,0.000000E+00,3.831753E-01,0.000000E+00
23:40:00,3.572435E+03,0.000000E+00,1.843609E-01,0.000000E+00,1.122375E+04,0.000000E+00,5.790486E-01,0.000000E+00,7.440865E+03,0.000000E+00,3.838674E-01,0.000000E+00,1.103858E+04,0.000000E+00,5.694966E-01,0.000000E+00,7.443031E+03,0.000000E+00,3.839791E-01,0.000000E+00
23:45:00,3.596983E+03,0.000000E+00,1.856277E-01,0.000000E+00,1.124573E+04,0.000000E+00,5.801831E-01,0.000000E+00,7.454731E+03,0.000000E+00,3.845829E-01,0.000000E+00,1.106063E+04,0.000000E+00,5.706343E-01,0.000000E+00,7.456897E+03,0.000000E+00,3.846946E-01,0.000000E+00
23:50:00,3.619136E+03,0.000000E+00,1.867710E-01,0.000000E+00,1.126547E+04,0.000000E+00,5.812016E-01,0.000000E+00,7.467193E+03,0.000000E+00,3.852260E-01,0.000000E+00,1.108043E+04,0.000000E+00,5.716563E-01,0.000000E+00,7.469359E+03,0.000000E+00,3.853377E-01,0.000000E+00
23:55:00,3.639195E+03,0.000000E+00,1.878062E-01,0.000000E+00,1.128325E+04,0.000000E+00,5.821194E-01,0.000000E+00,7.478429E+03,0.000000E+00,3.858057E-01,0.000000E+00,1.109829E+04,0.000000E+00,5.725779E-01,0.000000E+00,7.480595E+03,0.000000E+00,3.859175E-01,0.000000E+00
24:00:00,3.657416E+03,0.000000E+00,1.887466E-01,0.000000E+00,1.129936E+04,0.000000E+00,5.829504E-01,0.000000E+00,7.488603E+03,0.000000E+00,3.863307E-01,0.000000E+00,1.111447E+04,0.000000E+00,5.734128E-01,0.000000E+00,7.490768E+03,0.000000E+00,3.864424E-01,0.000000E+00
Peak,4.325797E+03,4.271823E+03,2.232401E-01,4.185575E-01,1.185812E+04,9.781343E+03,6.117770E-01,9.584179E-01,7.829752E+03,5.967391E+03,4.039298E-01,5.846988E-01,1.167501E+04,3.741736E+03,6.023313E-01,3.666245E-01,7.831907E+03,8.061774E+03,4.040410E-01,7.899093E-01

Peak Vol Flow (m3/s),,,1.854118E-01,3.476324E-01,,,5.081107E-01,7.960128E-01,,,3.354834E-01,4.856209E-01,,,5.002655E-01,3.044995E-01,,,3.355758E-01,6.560582E-01
